population_id,anatomical_family,population_role,population_size,depth,validation_pair_accuracy,validation_top1_accuracy,validation_top3_accuracy,validation_mean_teacher_regret_cp,validation_mean_selected_teacher_rank,validation_mean_spearman,validation_mean_kendall,validation_mean_score_margin,validation_near_zero_unit_fraction,validation_saturated_unit_fraction,train_pair_accuracy,train_top1_accuracy,train_top3_accuracy,train_mean_teacher_regret_cp,train_mean_selected_teacher_rank,train_mean_spearman,train_mean_kendall,train_mean_score_margin,train_near_zero_unit_fraction,train_saturated_unit_fraction,train_validation_pair_accuracy_gap,train_validation_top1_accuracy_gap,train_validation_regret_gap_cp,within_position_candidate_distance,between_position_state_distance,effective_rank,participation_ratio,mean_train_feature_std,mean_validation_score_margin_proxy
readout_baseline_a,baseline_a,readout,256,1,0.0,0.0625,0.1171875,4347.421875,15.6953125,,,0.0,1.0,0.0,0.0,0.015625,0.0390625,2765.34375,16.65625,,,0.0,1.0,0.0,0.0,-0.046875,1582.078125,0.0,0.0,0.0,0.0,0.0,0.0
readout_baseline_a,baseline_a,readout,256,2,0.688805570433851,0.1171875,0.3203125,4267.25,10.078125,0.18601488229084534,0.1361569516279183,0.5870111132971942,0.7108717552433972,0.004860054699637494,0.7763833428408443,0.15625,0.4453125,1831.6953125,10.3828125,0.22186904243639538,0.15658366293608678,0.4429858410730958,0.7109375,0.005787355531095212,0.08757777240699327,0.0390625,2435.5546875,4.486340141216068,9.713337504979764,33.25346374511719,24.264829872298254,0.28906142711639404,7.26807975769043
readout_baseline_a,baseline_a,readout,256,4,0.7445099089448313,0.15625,0.390625,4260.890625,10.515625,0.225172491979134,0.1607963691002317,0.7293277899734676,1.0114577938891765e-06,0.016559587001553598,0.8936109526525956,0.3125,0.640625,995.703125,7.7421875,0.30018410314783917,0.21233855885307362,0.6846704320050776,0.0,0.01588620493946065,0.14910104370776434,0.15625,3265.1875,7.845100199410025,20.706090020687256,41.048622131347656,24.538810943818223,0.9999999403953552,6.541434288024902
readout_baseline_a,baseline_a,readout,256,8,0.7434386716657739,0.15625,0.3828125,4264.1484375,10.7109375,0.22686582462105645,0.16166325381633295,0.7706022565253079,0.0,0.0137092989383739,0.890188248716486,0.2890625,0.6484375,1005.1953125,8.21875,0.29687897074888325,0.20979514610660094,0.7121142302639782,1.074917446340121e-06,0.013153764790864062,0.14674957705071212,0.1328125,3258.953125,7.9672690759037135,20.344462341262705,38.38397216796875,21.567215521125412,0.9999998807907104,7.5767059326171875
readout_baseline_a,baseline_a,readout,256,16,0.7442420996250669,0.1328125,0.390625,4274.5234375,10.90625,0.22339385966439024,0.1588405893010956,0.7416985263116658,0.0,0.014160409114448472,0.8899030233884769,0.2890625,0.6484375,1005.28125,8.2265625,0.2913516161814552,0.20435790374444265,0.7047973247244954,0.0,0.012987152586681342,0.14566092376341,0.15625,3269.2421875,8.011721898341804,20.36349026711312,37.78068542480469,20.815467164357532,0.9999998807907104,7.542469024658203
readout_baseline_a,baseline_a,readout,256,32,0.7434386716657739,0.140625,0.3515625,4268.0234375,10.8125,0.2236025830244351,0.15894065374522853,0.7232170726638287,1.0114577938891765e-06,0.012540053728638012,0.8881916714204221,0.2890625,0.609375,1005.1953125,8.21875,0.29141706195810296,0.20401497722881415,0.6848787521012127,0.0,0.011288783021463952,0.14475299975464817,0.1484375,3262.828125,7.671500589968462,20.654829234567604,32.96413803100586,15.703387792015683,0.9999998807907104,7.498249530792236
readout_baseline_a,baseline_a,readout,256,64,0.7479914301017675,0.1484375,0.3828125,4250.078125,10.8046875,0.22157107189412115,0.1580778633711714,0.6611433466896415,3.0343733816675297e-06,0.009659421931641637,0.8864803194523674,0.3046875,0.59375,1005.0703125,8.1484375,0.29098933994204246,0.20601766177085912,0.6395152481272817,0.0,0.008823997317006053,0.1384888893505999,0.15625,3245.0078125,7.301905998681965,21.00275314137074,22.756099700927734,9.370486822713032,0.9999998807907104,7.349359512329102
readout_central_complex,central_complex,readout,256,1,0.0,0.0625,0.1171875,4347.421875,15.6953125,,,0.0,1.0,0.0,0.0,0.015625,0.0390625,2765.34375,16.65625,,,0.0,1.0,0.0,0.0,-0.046875,1582.078125,0.0,0.0,0.0,0.0,0.0,0.0
readout_central_complex,central_complex,readout,256,2,0.0,0.0625,0.1171875,4347.421875,15.6953125,,,0.0,1.0,0.0,0.0,0.015625,0.0390625,2765.34375,16.65625,,,0.0,1.0,0.0,0.0,-0.046875,1582.078125,0.0,0.0,0.0,0.0,0.0,0.0
readout_central_complex,central_complex,readout,256,4,0.6855918585966791,0.1015625,0.3515625,5075.25,12.1171875,0.18319206311255581,0.127177461103064,0.45938421378377825,0.0684716468151217,0.02728306253236665,0.8334284084426697,0.1875,0.5,1074.84375,10.515625,0.2704324136138341,0.19834272304522088,0.533736483193934,0.07125090293065492,0.020181575055035775,0.1478365498459906,0.0859375,4000.40625,5.094834525020636,21.257042237354966,20.32477569580078,11.985222192454318,0.9179688692092896,7.670609951019287
readout_central_complex,central_complex,readout,256,8,0.7185324049276914,0.1171875,0.3671875,4299.0078125,11.9609375,0.19710558853747784,0.13957435968827853,0.49792534904554486,1.0114577938891765e-06,0.020831984722941482,0.872219053051911,0.2890625,0.5625,1023.21875,8.4296875,0.29728959853183146,0.21538095376798505,0.5487538622692227,0.0,0.016010895363236105,0.15368664812421962,0.171875,3275.7890625,5.258637060140311,21.37520432656214,19.473108291625977,9.869887884559008,0.9999998807907104,10.544920921325684
readout_central_complex,central_complex,readout,256,16,0.7225495447241564,0.1015625,0.3515625,4309.328125,12.296875,0.20134487595828748,0.14328478403710915,0.509053754620254,2.022915587778353e-06,0.02068633480062144,0.8733599543639475,0.2890625,0.5625,1034.09375,8.859375,0.29516018289397605,0.21540279744587157,0.5472272429615259,1.074917446340121e-06,0.015646498348926802,0.1508104096397911,0.1875,3275.234375,5.517243375579584,21.41435905589099,20.499027252197266,10.630948600157963,0.9999999403953552,10.702919006347656
readout_central_complex,central_complex,readout,256,32,0.723888591322978,0.1015625,0.3671875,4311.6796875,12.328125,0.21100321343485065,0.14981364454088505,0.5042697256430984,3.0343733816675297e-06,0.02027972876747799,0.8679406731317741,0.2890625,0.53125,1029.96875,8.8515625,0.2975432857555197,0.21706992715082618,0.5493992208503187,1.074917446340121e-06,0.014541483214089159,0.14405208180879614,0.1875,3281.7109375,5.489175750938498,21.4189209146391,20.13799285888672,10.691730746423007,0.9999998807907104,10.471844673156738
readout_central_complex,central_complex,readout,256,64,0.7391537225495447,0.140625,0.3515625,4277.46875,12.0859375,0.22532309925625532,0.16225255095131824,0.49081792682409286,1.0114577938891765e-06,0.014242337195753496,0.8622361665715915,0.25,0.5234375,1038.296875,8.625,0.30294137250040964,0.2180174349275389,0.48917206516489387,3.224752339020363e-06,0.010792171161254815,0.12308244402204682,0.109375,3239.171875,5.1333279326351455,21.33591912528945,14.313199043273926,6.751244671187397,0.9999998807907104,10.72796630859375
readout_central_computation_panel,central_computation_panel,readout,256,1,0.0,0.0625,0.1171875,4347.421875,15.6953125,,,0.0,1.0,0.0,0.0,0.015625,0.0390625,2765.34375,16.65625,,,0.0,1.0,0.0,0.0,-0.046875,1582.078125,0.0,0.0,0.0,0.0,0.0,0.0
readout_central_computation_panel,central_computation_panel,readout,256,2,0.0,0.0625,0.1171875,4347.421875,15.6953125,,,0.0,1.0,0.0,0.0,0.015625,0.0390625,2765.34375,16.65625,,,0.0,1.0,0.0,0.0,-0.046875,1582.078125,0.0,0.0,0.0,0.0,0.0,0.0
readout_central_computation_panel,central_computation_panel,readout,256,4,0.6925549009105517,0.0703125,0.265625,4337.109375,14.109375,0.1809325776071682,0.12688548563549004,0.407431410625577,0.024841403417918177,0.027290142736923872,0.8377067883628067,0.2109375,0.5,1064.4921875,10.703125,0.2686937711020169,0.19771632478204634,0.4834643849171698,0.02681811536873968,0.020617991538249864,0.14515188745225494,0.140625,3272.6171875,5.372075598455639,21.24664777416708,18.119937896728516,10.341679845298891,0.96875,8.325592041015625
readout_central_computation_panel,central_computation_panel,readout,256,8,0.696036422067488,0.1015625,0.3828125,5111.1953125,13.890625,0.19758269986580013,0.14152304901652946,0.6030828738585114,0.0,0.019219720999482135,0.8559612093553908,0.2421875,0.5234375,1021.0625,9.375,0.29034040033689035,0.2112823739589675,0.5033118433784693,1.074917446340121e-06,0.014598453838745185,0.15992478728790283,0.140625,4090.1328125,5.469592545857603,21.247560787021232,18.064144134521484,8.947677145203997,0.9999998807907104,11.811081886291504
readout_central_computation_panel,central_computation_panel,readout,256,16,0.6909480449919657,0.09375,0.359375,5111.2265625,13.8671875,0.18930211748162057,0.13413482699606794,0.5990989692509174,1.0114577938891765e-06,0.018839412868979805,0.8539646320593268,0.2109375,0.5546875,1020.1875,9.640625,0.2815544885985797,0.2040762189266352,0.4764553050044924,1.074917446340121e-06,0.01376861757017061,0.1630165870673611,0.1171875,4091.0390625,5.630283770164334,21.286952738194746,18.6097469329834,9.43538921135552,0.9999998807907104,12.190465927124023
readout_central_computation_panel,central_computation_panel,readout,256,32,0.6906802356722014,0.0859375,0.359375,5110.6328125,13.6171875,0.18782713633385023,0.13393266271993526,0.568305391818285,1.0114577938891765e-06,0.018957753430864838,0.8505419281232174,0.2109375,0.546875,1035.6484375,9.734375,0.2796817345498844,0.2032602703917355,0.46320453146472573,1.074917446340121e-06,0.013239758186571271,0.159861692451016,0.125,4074.984375,5.543105910341676,21.41401545295519,17.961828231811523,9.277593493714424,0.9999998807907104,11.156221389770508
readout_central_computation_panel,central_computation_panel,readout,256,64,0.6995179432244242,0.1171875,0.3046875,5095.828125,13.359375,0.18007592165592612,0.12569758390494837,0.5382355116307735,0.0,0.014432491261004661,0.8397033656588705,0.1875,0.46875,1064.40625,10.265625,0.2711097022796484,0.1968924593785542,0.5310999744106084,1.074917446340121e-06,0.009406602572922399,0.14018542243444632,0.0703125,4031.421875,4.984854021361555,21.394421735759973,10.772134780883789,5.158212737509047,0.9999998807907104,8.65749740600586
readout_cre,cre,readout,256,1,0.0,0.0625,0.1171875,4347.421875,15.6953125,,,0.0,1.0,0.0,0.0,0.015625,0.0390625,2765.34375,16.65625,,,0.0,1.0,0.0,0.0,-0.046875,1582.078125,0.0,0.0,0.0,0.0,0.0,0.0
readout_cre,cre,readout,256,2,0.009105516871987145,0.0546875,0.125,4351.5390625,15.703125,-0.009336757855902964,-0.015528555615388776,0.027330467477440834,0.99609375,0.00038637687726566545,0.009982886480319452,0.015625,0.0390625,2765.34375,16.65625,0.10213074416424635,0.08526470065535195,0.0,0.99609375,0.00034397358282883876,0.0008773696083323075,-0.0390625,1586.1953125,0.08025528611334531,0.6350443519304113,1.0,1.0000000428339966,0.003906280267983675,1.1666778326034546
readout_cre,cre,readout,256,4,0.6762185324049277,0.1015625,0.3046875,5120.96875,13.46875,0.17633883447813886,0.12406457090707293,0.4843020779080689,2.022915587778353e-06,0.02334849171413775,0.8562464346833999,0.21875,0.484375,1058.2578125,10.2578125,0.26711037206119576,0.19400888409349526,0.4931984229478985,2.149834892680242e-06,0.01856489921574023,0.1800279022784722,0.1171875,4062.7109375,6.673617309440606,21.039584865102334,27.726402282714844,16.566872343223988,1.0,10.482510566711426
readout_cre,cre,readout,256,8,0.7110337439742903,0.1015625,0.359375,5104.6484375,12.625,0.1804768904321202,0.12695555025416497,0.6056514694355428,1.0114577938891765e-06,0.0164473151864319,0.8705077010838562,0.2578125,0.5859375,1028.71875,8.9140625,0.2727492001143699,0.19485764786296136,0.6004350776784122,1.074917446340121e-06,0.013335425839295542,0.1594739571095659,0.15625,4075.9296875,6.568804928526049,21.24300244128775,26.10773277282715,15.705350406710352,0.9999998807907104,8.695002555847168
readout_cre,cre,readout,256,16,0.7206748794858061,0.0859375,0.3515625,5085.5234375,12.2890625,0.18618749305980964,0.13061328378225376,0.6016214047558606,1.0114577938891765e-06,0.01626221841015018,0.8705077010838562,0.265625,0.578125,1031.7890625,8.8203125,0.2764833364261239,0.2000259801952721,0.5857005247380584,1.074917446340121e-06,0.012320703769950469,0.14983282159805011,0.1796875,4053.734375,6.515194727250444,21.33881423661813,25.205711364746094,14.812088211376352,0.9999998807907104,8.748700141906738
readout_cre,cre,readout,256,32,0.7155865024102839,0.09375,0.3515625,5091.4140625,12.515625,0.18113397818191937,0.12723664191152417,0.5755008501000702,0.0,0.015338757444329363,0.8670849971477467,0.265625,0.578125,1031.828125,8.84375,0.2694324450801323,0.19461598879142733,0.5698500107973814,3.224752339020363e-06,0.011001780063291139,0.1514984947374628,0.171875,4059.5859375,6.2383845720584885,21.466692506353247,23.449657440185547,13.790867485220343,0.9999998807907104,8.467071533203125
readout_cre,cre,readout,256,64,0.7040707016604177,0.078125,0.3046875,5097.2734375,12.9296875,0.16967076717263174,0.11951446428114318,0.4709981814958155,0.0,0.00765268966856551,0.8528237307472903,0.25,0.546875,1817.4609375,9.1796875,0.25829336678737724,0.1827611874725611,0.4888933110050857,1.074917446340121e-06,0.005904521532746285,0.1487530290868726,0.171875,3279.8125,5.376514876046418,20.712209105246394,10.617569923400879,4.289232764320997,1.0,6.904978275299072
readout_dan_modulatory_mb,dan_modulatory_mb,readout,256,1,0.0,0.0625,0.1171875,4347.421875,15.6953125,,,0.0,1.0,0.0,0.0,0.015625,0.0390625,2765.34375,16.65625,,,0.0,1.0,0.0,0.0,-0.046875,1582.078125,0.0,0.0,0.0,0.0,0.0,0.0
readout_dan_modulatory_mb,dan_modulatory_mb,readout,256,2,0.0,0.0625,0.1171875,4347.421875,15.6953125,,,0.0,0.9921875,0.0005775424003107198,0.0,0.015625,0.0390625,2765.34375,16.65625,,,0.0,0.9921875,0.0004020191249312053,0.0,-0.046875,1582.078125,0.0,1.2724063024692935,1.8500005006790161,1.736372660752293,0.007812583819031715,0.0
readout_dan_modulatory_mb,dan_modulatory_mb,readout,256,4,0.7048741296197107,0.1015625,0.28125,5100.6796875,13.4921875,0.20602604863667426,0.14744094174339809,0.5415155729278922,1.0114577938891765e-06,0.009698868785603314,0.832002281802624,0.2109375,0.4765625,1058.4375,10.5078125,0.2814965474309479,0.20928589740805115,0.4887333340011537,0.0,0.009003508530544855,0.1271281521829133,0.109375,4042.2421875,5.669562244953692,20.36103555165139,11.895920753479004,5.232108628480477,0.9999998807907104,8.353045463562012
readout_dan_modulatory_mb,dan_modulatory_mb,readout,256,8,0.6946973754686663,0.0703125,0.25,5110.6171875,14.1171875,0.17024788590714063,0.12004867630774185,0.43638350116088986,0.0,0.0070549181123770064,0.8243011979463777,0.2578125,0.453125,1033.8046875,9.828125,0.269251973807465,0.19588248141789988,0.4634813810698688,1.074917446340121e-06,0.006376410291689599,0.1296038224777114,0.1875,4076.8125,5.273437016329123,20.44461928562868,8.908987045288086,4.622300548001078,1.0,8.90821361541748
readout_dan_modulatory_mb,dan_modulatory_mb,readout,256,16,0.6880021424745582,0.078125,0.2421875,5113.0546875,13.734375,0.1653262601813295,0.11694975019861667,0.4234559740871191,3.0343733816675297e-06,0.008163475854479544,0.8200228180262408,0.25,0.4765625,1044.5390625,10.0625,0.26258623567942563,0.18984332090692682,0.4501783698797226,1.074917446340121e-06,0.005736834411117226,0.13202067555168262,0.171875,4068.515625,5.149874223850384,20.812373694075056,9.209210395812988,5.141937409662918,0.9999998807907104,9.266069412231445
readout_dan_modulatory_mb,dan_modulatory_mb,readout,256,32,0.6802356722013926,0.078125,0.21875,5092.7265625,13.15625,0.15133269079256728,0.10553469893050324,0.407085913233459,1.0114577938891765e-06,0.008362733039875713,0.8183114660581859,0.2578125,0.484375,1033.7578125,9.71875,0.25265199163786267,0.18032104580052594,0.444485773332417,1.074917446340121e-06,0.005859375,0.13807579385679336,0.1796875,4058.96875,4.993707375276978,20.87388743549114,9.569406509399414,5.450839465346803,0.9999999403953552,9.12125015258789
readout_dan_modulatory_mb,dan_modulatory_mb,readout,256,64,0.661756829137654,0.078125,0.2421875,5872.1796875,12.96875,0.14614823023935558,0.10412419754434873,0.3725747768767178,0.0,0.005485135616261004,0.8080433542498574,0.2265625,0.453125,1053.6484375,10.15625,0.2449053107434917,0.17409469479220827,0.39938046084716916,1.074917446340121e-06,0.004444783640616401,0.1462865251122034,0.1484375,4818.53125,4.867471827685412,20.814576528448647,8.931506156921387,5.6815543596598,0.9999998807907104,7.402438640594482
readout_delta7,delta7,readout,42,1,0.0,0.0625,0.1171875,4347.421875,15.6953125,,,0.0,1.0,0.0,0.0,0.015625,0.0390625,2765.34375,16.65625,,,0.0,1.0,0.0,0.0,-0.046875,1582.078125,0.0,0.0,0.0,0.0,0.0,0.0
readout_delta7,delta7,readout,42,2,0.0,0.0625,0.1171875,4347.421875,15.6953125,,,0.0,1.0,0.0,0.0,0.015625,0.0390625,2765.34375,16.65625,,,0.0,1.0,0.0,0.0,-0.046875,1582.078125,0.0,0.0,0.0,0.0,0.0,0.0
readout_delta7,delta7,readout,42,4,0.4970540974825924,0.109375,0.125,3543.671875,11.5703125,0.055076473793934454,0.040528634637338634,0.21739198139403015,0.2191992799191142,0.042027323617173436,0.49629207073588133,0.1328125,0.1640625,1145.9765625,12.125,0.11504110619858592,0.08182791703437282,0.10348808055277914,0.22604633487957648,0.03365699609508085,-0.0007620267467110531,0.0234375,2397.6953125,0.37617338963232705,5.669201662749776,2.373741388320923,1.8084278871096058,0.7380955815315247,9.659788131713867
readout_delta7,delta7,readout,42,8,0.5897161221210498,0.0703125,0.2109375,3543.8046875,14.453125,0.0012268543603042516,-0.002356268650671878,0.0899872196605429,6.165076077038791e-06,0.03870434761164953,0.6269252709640616,0.0546875,0.203125,1149.5625,13.0078125,0.05387133242721728,0.0379660487907815,0.05986686304095201,0.0,0.03370285923945803,0.03720914884301174,-0.015625,2394.2421875,0.9938963806090373,6.571318975772352,1.3941320180892944,1.135805206568069,1.0,2.289257764816284
readout_delta7,delta7,readout,42,16,0.5720407070166041,0.1015625,0.2421875,3529.7578125,13.796875,-0.0021515335035763436,-0.004569019974735262,0.13423467136453837,6.165076077038791e-06,0.014722201671968633,0.6177980604677695,0.0859375,0.234375,1122.46875,11.96875,0.050976289458376886,0.03555841713897909,0.10169125825632364,0.0,0.02034358047016275,0.04575735345116538,-0.015625,2407.2890625,1.094396512117178,6.8063732957447804,1.6848607063293457,1.2577620759833976,0.9999998807907104,3.0645437240600586
readout_delta7,delta7,readout,42,32,0.5715050883770755,0.09375,0.2421875,3534.5859375,13.8515625,0.001962885409502938,-0.0019477327754355987,0.16133874864317477,0.0,0.011658158861680354,0.6229321163719338,0.0703125,0.21875,1105.5703125,11.2421875,0.05885549361516158,0.04184838772865554,0.1231500922003761,0.0,0.014853106900437665,0.05142702799485832,-0.0234375,2429.015625,1.130014631153855,6.829323291453874,1.7593114376068115,1.290369497941431,1.0,3.1104462146759033
readout_delta7,delta7,readout,42,64,0.5749866095340118,0.0859375,0.2421875,3541.1640625,13.96875,0.0034503436711054254,-0.0013474402732866798,0.15875511104241014,0.0,0.012428793371310202,0.6249286936679977,0.0625,0.21875,1118.2265625,11.59375,0.06749406309918851,0.04739572172268608,0.12239256652537733,0.0,0.014381371701129544,0.04994208413398593,-0.0234375,2422.9375,1.1496945638183718,6.889776040642257,1.7534915208816528,1.2873201910591743,1.0,2.9856977462768555
readout_descending,descending,readout,256,1,0.0,0.0625,0.1171875,4347.421875,15.6953125,,,0.0,1.0,0.0,0.0,0.015625,0.0390625,2765.34375,16.65625,,,0.0,1.0,0.0,0.0,-0.046875,1582.078125,0.0,0.0,0.0,0.0,0.0,0.0
readout_descending,descending,readout,256,2,0.5899839314408142,0.078125,0.265625,5111.2421875,13.984375,0.06562683131167601,0.051726078437789653,0.3062053839676082,0.6912100271879855,0.006367126812532367,0.6220764403879064,0.1171875,0.2734375,1111.2421875,11.9609375,0.12253309187760712,0.0896665066241131,0.3506335960701108,0.69140625,0.005478854223995597,0.03209250894709226,0.0390625,4000.0,3.7631877329263492,11.569687112966427,17.939348220825195,7.860390143058811,0.30859482288360596,6.46314811706543
readout_descending,descending,readout,256,4,0.7512051419389395,0.140625,0.375,4271.796875,10.921875,0.2044718901084031,0.14667875415766962,0.7517276437720284,1.0114577938891765e-06,0.017330317840497152,0.894466628636623,0.296875,0.6328125,996.0,8.171875,0.2791974698007504,0.1987258885392656,0.6707740272395313,2.149834892680242e-06,0.014507085855806274,0.14326148669768346,0.15625,3275.796875,7.796093462792435,22.05927980523076,31.039936065673828,15.706353408665768,0.9999998807907104,6.508980751037598
readout_descending,descending,readout,256,8,0.7487948580610605,0.140625,0.375,4275.453125,10.671875,0.20359105655888063,0.14587292871852764,0.7493492267094553,2.022915587778353e-06,0.015105110693940963,0.8938961779806047,0.28125,0.65625,1001.890625,8.546875,0.2750836013917953,0.19524286067819607,0.6723875302122906,3.224752339020363e-06,0.012004678040726472,0.14510131991954422,0.140625,3273.5625,7.420227506214619,22.12689606393506,30.376996994018555,16.132415596000076,0.9999998807907104,7.001950740814209
readout_descending,descending,readout,256,16,0.7487948580610605,0.1328125,0.375,4282.515625,10.84375,0.20431933298695362,0.14625460609408786,0.7454998637549579,0.0,0.01503532010616261,0.8933257273245864,0.2890625,0.6640625,995.1484375,8.3359375,0.2760548369701553,0.1960688054961944,0.6649819728918374,0.0,0.011724124587231701,0.14453086926352587,0.15625,3287.3671875,7.430278978358294,22.091578012422325,30.125152587890625,15.935784506830908,0.9999998807907104,7.112336158752441
readout_descending,descending,readout,256,32,0.7504017139796465,0.140625,0.375,4281.4296875,10.8359375,0.2060139041897191,0.14749932527131854,0.7460528407245874,0.0,0.014319207988089073,0.8927552766685681,0.28125,0.6640625,987.15625,8.15625,0.27658558507825126,0.19665766273963914,0.6566439855378121,0.0,0.01118236619427628,0.14235356268892163,0.140625,3294.2734375,7.237784594122635,22.15246038476386,28.833322525024414,15.374385848977287,0.9999998807907104,6.902475357055664
readout_descending,descending,readout,256,64,0.7520085698982325,0.140625,0.390625,5071.203125,11.8203125,0.19754833661564675,0.14058152469151255,0.6398306568153203,0.0,0.011884629078197826,0.8907586993725043,0.3046875,0.609375,980.8046875,7.9453125,0.2701675726660418,0.19191092672499108,0.5730483713559806,1.074917446340121e-06,0.009287286736378646,0.1387501294742718,0.1640625,4090.3984375,6.759370097727425,22.247442614945548,21.78847312927246,11.167628436637637,0.9999998807907104,6.928171634674072
readout_epg,epg,readout,50,1,0.0,0.0625,0.1171875,4347.421875,15.6953125,,,0.0,1.0,0.0,0.0,0.015625,0.0390625,2765.34375,16.65625,,,0.0,1.0,0.0,0.0,-0.046875,1582.078125,0.0,0.0,0.0,0.0,0.0,0.0
readout_epg,epg,readout,50,2,0.0,0.0625,0.1171875,4347.421875,15.6953125,,,0.0,1.0,0.0,0.0,0.015625,0.0390625,2765.34375,16.65625,,,0.0,1.0,0.0,0.0,-0.046875,1582.078125,0.0,0.0,0.0,0.0,0.0,0.0
readout_epg,epg,readout,50,4,0.6314943760042849,0.09375,0.25,4283.2890625,11.9296875,0.0996560671658692,0.07020826878978045,0.2112497585476376,1.0357327809425168e-05,0.01590885551527706,0.6571591557330291,0.0703125,0.21875,1090.2578125,10.03125,0.12755204849853566,0.09032311025714479,0.2692459295503795,0.0,0.0024766097963676388,0.025664779728744147,-0.0234375,3193.03125,1.2014967472304305,8.482445942839487,1.9815661907196045,1.3502037202753026,0.9999999403953552,3.614689350128174
readout_epg,epg,readout,50,8,0.6925549009105517,0.1171875,0.3515625,4266.734375,11.8984375,0.10702109586936588,0.07453163754450282,0.3010079130763188,1.0357327809425168e-05,0.013894355256343863,0.7649743297204792,0.15625,0.3984375,1101.6328125,11.234375,0.2080884697010244,0.1479064253350403,0.2820101722609252,0.0,0.011942762795817281,0.07241942880992747,0.0390625,3165.1015625,1.3123176380737502,7.710662387266966,2.4464027881622314,1.4898248420140467,1.0,7.186084747314453
readout_epg,epg,readout,50,16,0.6866630958757365,0.171875,0.359375,4242.25,10.4296875,0.0952323342188426,0.06558011159562702,0.2713626771583222,0.0,0.01648886587260487,0.7649743297204792,0.234375,0.4375,1077.515625,9.75,0.19897899441796763,0.14060483323188036,0.2669501923955977,0.0,0.014672537149146946,0.0783112338447427,0.0625,3164.734375,1.314559250990398,7.718127215255194,2.3815529346466064,1.4691866636532227,0.9999999403953552,6.304036617279053
readout_epg,epg,readout,50,32,0.6855918585966791,0.171875,0.3515625,4242.25,10.4296875,0.09101925763763843,0.06176598407578597,0.27369207656010985,0.0,0.017421025375453134,0.7681118083285796,0.2421875,0.4375,1077.296875,9.5859375,0.19566283209176488,0.13732934974887637,0.2644956123549491,0.0,0.015376995046780407,0.08251994973190047,0.0703125,3164.953125,1.3180337903688124,7.737438753778896,2.353808879852295,1.4597203652418835,1.0,6.273887634277344
readout_epg,epg,readout,50,64,0.6987145152651312,0.1796875,0.3515625,4241.609375,10.3984375,0.1133600532568774,0.07770586955964688,0.2741828857688233,0.0,0.01819782496116002,0.7678265830005705,0.2421875,0.4296875,1077.265625,9.5703125,0.2134221805781919,0.14998611051792124,0.26138850155984983,5.50357732526142e-06,0.01554760594386351,0.06911206773543932,0.0625,3164.34375,1.3367148264047644,7.789636978174535,2.3342666625976562,1.4508621346347321,1.0,6.035778045654297
readout_epg_delta7_pb_eb_attractor,epg_delta7_pb_eb_attractor,readout,256,1,0.0,0.0625,0.1171875,4347.421875,15.6953125,,,0.0,1.0,0.0,0.0,0.015625,0.0390625,2765.34375,16.65625,,,0.0,1.0,0.0,0.0,-0.046875,1582.078125,0.0,0.0,0.0,0.0,0.0,0.0
readout_epg_delta7_pb_eb_attractor,epg_delta7_pb_eb_attractor,readout,256,2,0.009105516871987145,0.0546875,0.125,4351.5390625,15.703125,-0.009336757855902964,-0.015528555615388776,0.027329063042998314,0.98828125,0.0007697193811496634,0.009982886480319452,0.015625,0.0390625,2765.34375,16.65625,0.10213074416424635,0.08526470065535195,0.0,0.98828125,0.0005062861172261971,0.0008773696083323075,-0.0390625,1586.1953125,0.08025886102227381,1.8839737518065873,2.736159563064575,2.532056190336905,0.011718742549419403,1.1666382551193237
readout_epg_delta7_pb_eb_attractor,epg_delta7_pb_eb_attractor,readout,256,4,0.6853240492769148,0.09375,0.2734375,4301.6953125,12.5390625,0.15077435702013048,0.10434452368227895,0.5035900827497244,0.025926697630761265,0.03428336192387364,0.8003422703936109,0.1484375,0.375,1099.796875,10.53125,0.2550003068171257,0.1821587780733596,0.4161437866277993,0.026758994909190974,0.02735879884424876,0.11501822111669613,0.0546875,3201.8984375,3.764378147833195,20.897240956335196,9.956925392150879,6.17696910917732,0.96875,7.31442403793335
readout_epg_delta7_pb_eb_attractor,epg_delta7_pb_eb_attractor,readout,256,8,0.7005891805034815,0.140625,0.3359375,4226.0078125,10.6171875,0.16429104499798694,0.11345520164935281,0.41869000252336264,4.045831175556706e-06,0.02294492005437597,0.8357102110667427,0.234375,0.4609375,1060.359375,9.40625,0.25683950276661777,0.17886441061452524,0.48835296207107604,1.074917446340121e-06,0.018348840809025865,0.1351210305632612,0.09375,3165.6484375,3.4570899444121146,20.875359111249637,8.485933303833008,5.564548951715493,0.9999998807907104,7.480635643005371
readout_epg_delta7_pb_eb_attractor,epg_delta7_pb_eb_attractor,readout,256,16,0.6909480449919657,0.109375,0.3203125,5012.671875,10.65625,0.16489054924185695,0.11465628185756882,0.4290272237267345,3.0343733816675297e-06,0.02032929019937856,0.8345693097547062,0.2265625,0.5,1078.5234375,9.890625,0.2519495867550158,0.1779088605626186,0.5398773131892085,0.0,0.017524379127682992,0.1436212647627405,0.1171875,3934.1484375,3.5884074604672778,20.83614152942964,8.640381813049316,5.696334932586016,0.9999998807907104,6.986325740814209
readout_epg_delta7_pb_eb_attractor,epg_delta7_pb_eb_attractor,readout,256,32,0.6987145152651312,0.0859375,0.3359375,5022.0234375,10.46875,0.16137453408137487,0.1104429362935658,0.43233924079686403,0.0,0.02040413807612636,0.8291500285225328,0.203125,0.4609375,1081.921875,9.953125,0.24629908678080625,0.1726927537813644,0.5371769219636917,0.0,0.017020242845349476,0.13043551325740166,0.1171875,3940.1015625,3.6174244079532922,20.76386033144869,8.666364669799805,5.643173886669358,0.9999998807907104,7.068451881408691
readout_epg_delta7_pb_eb_attractor,epg_delta7_pb_eb_attractor,readout,256,64,0.6955008034279593,0.09375,0.328125,5029.2265625,10.625,0.15277692030901613,0.10300789648289567,0.4288150183856487,2.022915587778353e-06,0.019130712713619887,0.825156873930405,0.21875,0.453125,1093.140625,10.1328125,0.24035900621813072,0.16727714808885347,0.5138254086486995,1.074917446340121e-06,0.014461939323059989,0.12965607050244576,0.125,3936.0859375,3.63427819414148,20.90327157752411,8.688533782958984,5.739117832713292,0.9999999403953552,6.763643264770508
readout_fan_shaped_body,fan_shaped_body,readout,256,1,0.0,0.0625,0.1171875,4347.421875,15.6953125,,,0.0,1.0,0.0,0.0,0.015625,0.0390625,2765.34375,16.65625,,,0.0,1.0,0.0,0.0,-0.046875,1582.078125,0.0,0.0,0.0,0.0,0.0,0.0
readout_fan_shaped_body,fan_shaped_body,readout,256,2,0.0,0.0625,0.1171875,4347.421875,15.6953125,,,0.0,0.9921875,0.0003489529388917659,0.0,0.015625,0.0390625,2765.34375,16.65625,,,0.0,0.9921875,0.00016231253439735827,0.0,-0.046875,1582.078125,0.0,1.6901748541041919,1.9344128370285034,1.8762745501402391,0.007812462747097015,0.0
readout_fan_shaped_body,fan_shaped_body,readout,256,4,0.7056775575790037,0.09375,0.3125,4350.6875,13.7890625,0.20610810633184995,0.14616147163728588,0.5656666848808527,0.03585011004660797,0.024527851501812532,0.8485453508271534,0.25,0.515625,1039.6953125,9.7578125,0.28709086132642736,0.2104646802663392,0.5394206251949072,0.03951611516235553,0.01764691971656577,0.1428677932481497,0.15625,3310.9921875,6.089498776809313,21.01912145851653,27.397113800048828,16.094513871738222,0.9531250596046448,10.131394386291504
readout_fan_shaped_body,fan_shaped_body,readout,256,8,0.724692019282271,0.1015625,0.3359375,5102.0078125,13.2265625,0.21318100148471003,0.15177751535095463,0.507329408545047,1.0114577938891765e-06,0.017031937791299846,0.8608100399315459,0.2734375,0.5390625,997.3984375,8.375,0.2835833921986942,0.20582870914917828,0.49888992216438055,1.074917446340121e-06,0.012926957209686295,0.13611802064927492,0.171875,4104.609375,6.542744510551346,21.146903396184605,28.799718856811523,17.764064948764062,0.9999999403953552,9.823644638061523
readout_fan_shaped_body,fan_shaped_body,readout,256,16,0.7265666845206213,0.1015625,0.3359375,5867.8203125,13.3671875,0.21203375841419267,0.15102818491241424,0.5196343841962516,0.0,0.01609128204298291,0.8593839132915003,0.25,0.5390625,1022.3359375,9.5546875,0.27681822601525463,0.20075941885671722,0.5053199105896056,2.149834892680242e-06,0.012106795198128784,0.13281722877087898,0.1484375,4845.484375,6.672875722235974,21.07922133811546,29.205350875854492,18.54196624811704,0.9999998807907104,8.994577407836914
readout_fan_shaped_body,fan_shaped_body,readout,256,32,0.7308516336368506,0.1171875,0.3515625,5858.0703125,13.2109375,0.21323564681749685,0.15174218067674444,0.5062292022630572,1.0114577938891765e-06,0.01526694394096323,0.8568168853394181,0.25,0.53125,1024.046875,9.7890625,0.2757461918533272,0.20114305313102587,0.5006942725740373,1.074917446340121e-06,0.0111855909466153,0.12596525170256756,0.1328125,4834.0234375,6.442026147310971,21.16057720982605,26.95306396484375,16.329529039815853,0.9999998807907104,8.902983665466309
readout_fan_shaped_body,fan_shaped_body,readout,256,64,0.7150508837707552,0.0859375,0.265625,5104.671875,13.4609375,0.19782653280406054,0.13944957147114767,0.4332006031181663,2.022915587778353e-06,0.008569070429829104,0.8428408442669709,0.21875,0.4765625,1026.671875,9.4375,0.2591525695684388,0.1875314308394535,0.46529613551683724,1.074917446340121e-06,0.00630224098789213,0.12778996049621572,0.1328125,4078.0,5.608376732901568,20.897998704812906,12.00058364868164,4.40391232420685,0.9999999403953552,7.515555381774902
readout_fb_combined,fb_combined,readout,256,1,0.0,0.0625,0.1171875,4347.421875,15.6953125,,,0.0,1.0,0.0,0.0,0.015625,0.0390625,2765.34375,16.65625,,,0.0,1.0,0.0,0.0,-0.046875,1582.078125,0.0,0.0,0.0,0.0,0.0,0.0
readout_fb_combined,fb_combined,readout,256,2,0.0,0.0625,0.1171875,4347.421875,15.6953125,,,0.0,0.99609375,0.0,0.0,0.015625,0.0390625,2765.34375,16.65625,,,0.0,0.99609375,0.0,0.0,-0.046875,1582.078125,0.0,0.9875090159475803,1.0,1.0000000119439867,0.0039062092546373606,0.0
readout_fb_combined,fb_combined,readout,256,4,0.7056775575790037,0.078125,0.3203125,5126.328125,14.2578125,0.19936920989953136,0.14192959931401025,0.3989716414362192,0.07119550265406525,0.02209731842309684,0.8456930975470622,0.21875,0.484375,1076.59375,10.75,0.2757733644856475,0.2032824710108365,0.47645720560103655,0.07677060401761145,0.016011970280682443,0.1400155399680585,0.140625,4049.734375,5.953333176572915,20.67606620196611,26.14958381652832,15.813400134685098,0.9101561903953552,7.292171478271484
readout_fb_combined,fb_combined,readout,256,8,0.7198714515265131,0.078125,0.3515625,5115.7578125,13.921875,0.19596677024164066,0.14045680886798834,0.5199082670733333,0.0,0.018644201514759193,0.8576725613234455,0.234375,0.53125,1017.0390625,9.703125,0.277466992817581,0.20222174049901015,0.4811688922345638,1.074917446340121e-06,0.014808062740781508,0.1378011097969324,0.15625,4098.71875,6.2367461969873546,21.40920252836069,25.985185623168945,15.61111355242083,0.9999999403953552,9.68215560913086
readout_fb_combined,fb_combined,readout,256,16,0.7193358328869844,0.078125,0.34375,5113.5390625,14.1171875,0.1946694379912874,0.1396341310859734,0.5944040245376527,0.0,0.018593628625064734,0.856531660011409,0.2265625,0.53125,1023.828125,9.890625,0.27259676844344727,0.19719544298975739,0.4875017460435629,1.074917446340121e-06,0.01323438359933957,0.13719582712442457,0.1484375,4089.7109375,6.452299327240652,21.526970537137686,26.571361541748047,16.54419471213726,1.0,10.408794403076172
readout_fb_combined,fb_combined,readout,256,32,0.7214783074450991,0.078125,0.34375,4335.9296875,13.765625,0.19111849345916146,0.13629356497931916,0.5807808511890471,1.0114577938891765e-06,0.01756598750647333,0.8545350827153452,0.21875,0.5390625,1024.6328125,9.875,0.26574215549030256,0.19167557943194158,0.49398620054125786,2.149834892680242e-06,0.011973505434782608,0.13305677527024606,0.140625,3311.296875,6.286483423226196,21.56900871106075,24.646787643432617,14.832094088455966,1.0,10.040225982666016
readout_fb_combined,fb_combined,readout,256,64,0.7155865024102839,0.09375,0.265625,5106.6953125,14.046875,0.1747104710702532,0.12320485326700624,0.43077028589323163,2.022915587778353e-06,0.00854884127395132,0.8439817455790074,0.2109375,0.484375,1061.21875,10.1640625,0.2511255164624187,0.17906506974876427,0.43585379887372255,1.074917446340121e-06,0.0063430878508530545,0.12839524316872353,0.1171875,4045.4765625,5.420919149578532,20.905160688470062,10.964051246643066,4.14200458208325,0.9999998807907104,7.464090824127197
readout_fc,fc,readout,256,1,0.0,0.0625,0.1171875,4347.421875,15.6953125,,,0.0,1.0,0.0,0.0,0.015625,0.0390625,2765.34375,16.65625,,,0.0,1.0,0.0,0.0,-0.046875,1582.078125,0.0,0.0,0.0,0.0,0.0,0.0
readout_fc,fc,readout,256,2,0.0,0.0625,0.1171875,4347.421875,15.6953125,,,0.0,1.0,0.0,0.0,0.015625,0.0390625,2765.34375,16.65625,,,0.0,1.0,0.0,0.0,-0.046875,1582.078125,0.0,0.0,0.0,0.0,0.0,0.0
readout_fc,fc,readout,256,4,0.7134440278521692,0.078125,0.2734375,5094.5859375,13.5078125,0.18447080462764606,0.12771686568874438,0.4809247995726764,0.008652009968928016,0.02241491617037804,0.7721049629207074,0.171875,0.390625,1858.546875,10.203125,0.24958024389246,0.18085538845057622,0.3892402541823685,0.009382954389102917,0.019505451981287836,0.0586609350685382,0.09375,3236.0390625,5.656343743838978,20.249988030633247,7.460360527038574,5.243672200594276,0.9882811307907104,9.459349632263184
readout_fc,fc,readout,256,8,0.6708623460096411,0.1015625,0.3203125,4344.4453125,13.7109375,0.17075869561416673,0.12011079878554233,0.4672642475925386,2.022915587778353e-06,0.01638359334541688,0.8237307472903593,0.1796875,0.453125,1089.7734375,10.75,0.24693262639802172,0.1758968329967861,0.5355172362178564,1.074917446340121e-06,0.013592331108970832,0.1528684012807182,0.078125,3254.671875,4.805309752225066,19.856469335537387,6.168860912322998,3.6396847156415375,0.9999998807907104,6.666098117828369
readout_fc,fc,readout,256,16,0.6834493840385646,0.09375,0.3515625,5096.828125,13.1953125,0.1763230928382478,0.12524718576685298,0.4969467855989933,0.0,0.015959792529777316,0.8268682258984598,0.21875,0.46875,1108.3046875,11.28125,0.25144879602581677,0.18103633802008434,0.534060494042933,1.074917446340121e-06,0.011571486309851404,0.14341884185989517,0.125,3988.5234375,5.084480653081416,20.23093166701701,6.604887008666992,3.868581022691423,0.9999999403953552,6.709763526916504
readout_fc,fc,readout,256,32,0.688805570433851,0.09375,0.3203125,5078.5,12.59375,0.18217534665238933,0.12844271165759627,0.4612056650221348,1.0114577938891765e-06,0.017564976048679442,0.8243011979463777,0.21875,0.4765625,1100.578125,11.34375,0.252260910631737,0.18331531304307977,0.5128943612799048,1.074917446340121e-06,0.011739173431480463,0.13549562751252664,0.125,3977.921875,5.228500497607447,20.422713163837457,6.425564289093018,3.661357045725461,0.9999998807907104,6.254158020019531
readout_fc,fc,readout,256,64,0.6679164434922336,0.078125,0.28125,4351.1640625,13.7578125,0.16154067085462565,0.11279129644211061,0.46697705518454313,2.022915587778353e-06,0.012669520326255826,0.8063320022818026,0.1796875,0.453125,1099.046875,11.4296875,0.22633412006531817,0.16310164794574167,0.5578767135739326,0.0,0.00683217528893781,0.13841555878956902,0.1015625,3252.1171875,5.034843762781914,20.92467739661283,5.093383312225342,3.0658051246997498,0.9999998807907104,5.7150654792785645
readout_fc_pfn_pfr_combined,fc_pfn_pfr_combined,readout,256,1,0.0,0.0625,0.1171875,4347.421875,15.6953125,,,0.0,1.0,0.0,0.0,0.015625,0.0390625,2765.34375,16.65625,,,0.0,1.0,0.0,0.0,-0.046875,1582.078125,0.0,0.0,0.0,0.0,0.0,0.0
readout_fc_pfn_pfr_combined,fc_pfn_pfr_combined,readout,256,2,0.0,0.0625,0.1171875,4347.421875,15.6953125,,,0.0,1.0,0.0,0.0,0.015625,0.0390625,2765.34375,16.65625,,,0.0,1.0,0.0,0.0,-0.046875,1582.078125,0.0,0.0,0.0,0.0,0.0,0.0
readout_fc_pfn_pfr_combined,fc_pfn_pfr_combined,readout,256,4,0.7102303160149973,0.0859375,0.296875,5105.5546875,13.875,0.18179880824930994,0.12678875192311448,0.37269707303494215,0.006347909114448472,0.030655262817193163,0.7718197375926983,0.1328125,0.359375,1897.5625,11.09375,0.2540418026170039,0.18228487332771964,0.3208465236239135,0.006618266717116125,0.02779306549257017,0.061589421577700976,0.046875,3207.9921875,4.107770048101857,20.568643408027302,8.531683921813965,5.41554745362999,0.9921873211860657,7.248966217041016
readout_fc_pfn_pfr_combined,fc_pfn_pfr_combined,readout,256,8,0.6869309051955008,0.109375,0.3203125,5095.90625,13.3203125,0.1663868803594606,0.11779384181522964,0.5227728988975286,1.0114577938891765e-06,0.023827922708441224,0.8220193953223046,0.1953125,0.453125,1089.2109375,10.8984375,0.24374632769123267,0.17535307233647332,0.5722954915836453,0.0,0.018961543753439735,0.1350884901268038,0.0859375,4006.6953125,3.936833546473784,20.559074221844636,7.416824817657471,3.99464579128572,0.9999998807907104,7.446680545806885
readout_fc_pfn_pfr_combined,fc_pfn_pfr_combined,readout,256,16,0.6933583288698447,0.109375,0.34375,5096.328125,13.265625,0.1684410311507749,0.11806868856895324,0.46820490760728717,0.0,0.023246334476954945,0.8220193953223046,0.1953125,0.4453125,1092.15625,10.9921875,0.2455392132739242,0.177714370893498,0.572743920609355,0.0,0.018320892955421025,0.1286610664524599,0.0859375,4004.171875,4.096438684772868,20.664588108742986,7.817658424377441,4.233863781677636,1.0,6.584259986877441
readout_fc_pfn_pfr_combined,fc_pfn_pfr_combined,readout,256,32,0.7011247991430102,0.0859375,0.3203125,5093.703125,13.078125,0.17430278829473786,0.12115623884808231,0.4583512004464865,2.022915587778353e-06,0.023859277900051788,0.8166001140901312,0.1953125,0.453125,1111.421875,11.5234375,0.24690408108291412,0.1800543398667583,0.5543357762508094,3.224752339020363e-06,0.018220925632911392,0.11547531494712104,0.109375,3982.28125,4.180871022768032,20.724876972933373,7.910470008850098,4.253270363542288,0.9999998807907104,6.875695705413818
readout_fc_pfn_pfr_combined,fc_pfn_pfr_combined,readout,256,64,0.6981788966256026,0.078125,0.2734375,5099.546875,13.109375,0.1687569086977751,0.11919920706583281,0.4960976899601519,1.0114577938891765e-06,0.02126488865872605,0.8100399315459212,0.1640625,0.421875,1111.1171875,11.390625,0.2342017156534161,0.1689647226996698,0.5736325909383595,0.0,0.01491017989818382,0.11186103492031862,0.0859375,3988.4296875,4.159861852156752,20.934526696690085,7.496955871582031,4.087652844454321,0.9999998807907104,6.90126895904541
readout_hdelta_family,hdelta_family,readout,189,1,0.0,0.0625,0.1171875,4347.421875,15.6953125,,,0.0,1.0,0.0,0.0,0.015625,0.0390625,2765.34375,16.65625,,,0.0,1.0,0.0,0.0,-0.046875,1582.078125,0.0,0.0,0.0,0.0,0.0,0.0
readout_hdelta_family,hdelta_family,readout,189,2,0.0,0.0625,0.1171875,4347.421875,15.6953125,,,0.0,1.0,0.0,0.0,0.015625,0.0390625,2765.34375,16.65625,,,0.0,1.0,0.0,0.0,-0.046875,1582.078125,0.0,0.0,0.0,0.0,0.0,0.0
readout_hdelta_family,hdelta_family,readout,189,4,0.6547937868237814,0.0390625,0.171875,4334.0078125,13.0078125,0.13623291066530308,0.09546517617780703,0.24747044662944973,0.20246794845448393,0.020710545568132312,0.744438106103822,0.0625,0.3359375,1954.2109375,12.9921875,0.22180274962938137,0.15774677171671259,0.23202674032654613,0.21484917577377677,0.014619423260039661,0.08964431928004057,0.0234375,2379.796875,4.0832930930626725,15.617894386363137,7.864968299865723,5.963535805177748,0.7460318803787231,7.642456531524658
readout_hdelta_family,hdelta_family,readout,189,8,0.6794322442420996,0.0625,0.265625,5113.6640625,13.7890625,0.16111497569456892,0.1138460228909171,0.4724407237954438,0.0,0.017149871629415905,0.8117512835139761,0.15625,0.4453125,1114.3046875,11.53125,0.23023011988397826,0.16624279167145267,0.5821998463943601,1.455972837370746e-06,0.016909668533223843,0.1323190392718765,0.09375,3999.359375,4.209849629731057,17.81684206005387,7.419568061828613,4.7634788378490756,0.9999998211860657,5.8753862380981445
readout_hdelta_family,hdelta_family,readout,189,16,0.695232994108195,0.078125,0.28125,5119.625,13.5390625,0.17103819819159588,0.11857861225072769,0.5355680899228901,0.0,0.019863875120218984,0.8183114660581859,0.171875,0.4296875,1116.8828125,11.59375,0.2349901416419482,0.17012395427888552,0.6147334645502269,0.0,0.015149397372842613,0.123078471949991,0.09375,4002.7421875,4.608929102982238,17.961561507054213,8.349189758300781,5.481676090433999,1.0,5.354879379272461
readout_hdelta_family,hdelta_family,readout,189,32,0.7003213711837172,0.0859375,0.28125,5135.3203125,14.1484375,0.1757905465144176,0.12180965086987033,0.5155761643545702,0.0,0.018245885154222805,0.8168853394181403,0.140625,0.453125,1133.53125,12.140625,0.23718977056218626,0.17291220148943287,0.6042531969724223,0.0,0.012723746625782949,0.11656396823442317,0.0546875,4001.7890625,4.5898695452105525,17.920327030791498,8.294269561767578,5.511316554151882,1.0,5.051335334777832
readout_hdelta_family,hdelta_family,readout,189,64,0.688805570433851,0.0625,0.234375,5129.4609375,13.9609375,0.15994112413435863,0.10836997534582436,0.5285894412081689,0.0,0.005315665595313446,0.7920707358813462,0.140625,0.4609375,1159.734375,13.0,0.21035538274908755,0.15062902583721133,0.5745340897701681,0.0,0.004778502852250789,0.1032651654474952,0.078125,3969.7265625,3.6144309161207664,16.758870079980458,3.56442928314209,2.03148785591126,0.9999999403953552,3.9604456424713135
readout_lal,lal,readout,256,1,0.0,0.0625,0.1171875,4347.421875,15.6953125,,,0.0,1.0,0.0,0.0,0.015625,0.0390625,2765.34375,16.65625,,,0.0,1.0,0.0,0.0,-0.046875,1582.078125,0.0,0.0,0.0,0.0,0.0,0.0
readout_lal,lal,readout,256,2,0.22147830744509908,0.0625,0.15625,4326.71875,13.484375,0.040064457242305354,0.030146036851612303,0.28508539544418454,0.8279672125841533,0.006695850595546349,0.2147746719908728,0.0546875,0.1171875,2739.09375,14.875,0.0863649065091843,0.07166644731668101,0.2774792064446956,0.828125,0.005527225509080903,-0.006703635454226281,-0.0078125,1587.625,1.5922155514230565,8.663940387214087,13.806483268737793,10.01511616852566,0.17187467217445374,3.440065383911133
readout_lal,lal,readout,256,4,0.7062131762185324,0.1171875,0.3359375,5871.4921875,12.5625,0.1866972347873395,0.1347089135916289,0.46216337219811976,1.0114577938891765e-06,0.0244186140600725,0.861095265259555,0.2421875,0.5703125,1023.09375,9.0625,0.25581624173015644,0.18133984100833855,0.440541731659323,1.074917446340121e-06,0.017625421367638967,0.15488208904102263,0.125,4848.3984375,5.982714984957384,21.88454985803797,25.93998908996582,16.182154503637992,0.9999998807907104,12.880005836486816
readout_lal,lal,readout,256,8,0.711569362613819,0.1171875,0.3515625,4305.3046875,11.546875,0.19852193682554226,0.14354554724668472,0.4764570165425539,1.0114577938891765e-06,0.0219890924391507,0.8725042783799202,0.28125,0.59375,1014.140625,8.3359375,0.26077203359999457,0.1865396209433214,0.46329311467707157,3.224752339020363e-06,0.015521807925151348,0.1609349157661012,0.1640625,3291.1640625,5.880674947855695,21.619628517453464,25.7177677154541,15.921259967724584,0.9999998807907104,13.625399589538574
readout_lal,lal,readout,256,16,0.7171933583288699,0.125,0.34375,4299.78125,11.2265625,0.1994123584522592,0.14381811082744164,0.48218395840376616,1.0114577938891765e-06,0.021438859399274986,0.872219053051911,0.2890625,0.59375,988.921875,7.765625,0.25945437013864686,0.18482497419639105,0.44908633129671216,0.0,0.01526920232526142,0.15502569472304117,0.1640625,3310.859375,5.9336641367812994,21.64878156216144,26.226375579833984,16.3391733534955,0.9999998211860657,13.200498580932617
readout_lal,lal,readout,256,32,0.7150508837707552,0.1484375,0.3515625,4262.40625,10.0234375,0.1967734637774323,0.1417189202725481,0.4584045084193349,0.0,0.02153292497410668,0.8716486023958927,0.2890625,0.59375,989.4296875,7.59375,0.25813029027035694,0.18456826091245293,0.4363004011102021,0.0,0.015086466359383599,0.1565977186251375,0.140625,3272.9765625,5.905126826102107,21.705680706521072,26.4912109375,16.593340250849376,0.9999998807907104,13.165020942687988
readout_lal,lal,readout,256,64,0.7182645956079271,0.1328125,0.3515625,5049.1875,10.953125,0.19510157738484468,0.14112213968979093,0.4427603632211685,0.0,0.019496860435007767,0.8662293211637193,0.2421875,0.578125,997.9609375,7.515625,0.25009415635836096,0.17604825851868217,0.43108990020118654,1.074917446340121e-06,0.013649301733626858,0.1479647255557922,0.109375,4051.2265625,5.828757864092829,21.727300948144872,25.009618759155273,15.782008769876624,0.9999998807907104,13.084982872009277
readout_lal_descending_combined,lal_descending_combined,readout,256,1,0.0,0.0625,0.1171875,4347.421875,15.6953125,,,0.0,1.0,0.0,0.0,0.015625,0.0390625,2765.34375,16.65625,,,0.0,1.0,0.0,0.0,-0.046875,1582.078125,0.0,0.0,0.0,0.0,0.0,0.0
readout_lal_descending_combined,lal_descending_combined,readout,256,2,0.49625066952329944,0.0546875,0.1484375,4369.859375,14.015625,0.07273653396733745,0.05205933871121274,0.5755391679704189,0.7458651605385811,0.007037723329880891,0.6428978893325727,0.171875,0.3203125,1092.6484375,10.8125,0.1289089023613496,0.09562545584480212,0.6104504917748272,0.74609375,0.006093707003302146,0.1466472198092733,0.1171875,3277.2109375,3.024545883191848,10.862361977018505,18.001462936401367,8.560802350154642,0.2539066672325134,5.210826396942139
readout_lal_descending_combined,lal_descending_combined,readout,256,4,0.7415640064274237,0.1328125,0.3515625,5064.21875,10.6484375,0.21895054508076736,0.15640581072997606,0.6435866081155837,2.022915587778353e-06,0.01952821562661833,0.8904734740444952,0.3359375,0.59375,985.1015625,7.390625,0.285926576433424,0.20412828590524573,0.6491699423640966,0.0,0.015077867019812879,0.14890946761707147,0.203125,4079.1171875,7.363799079812813,22.314236999211033,30.95290184020996,16.16384240766,0.9999998807907104,7.370632648468018
readout_lal_descending_combined,lal_descending_combined,readout,256,8,0.7509373326191752,0.125,0.375,5067.6953125,10.9375,0.22499875199140526,0.16015284107398522,0.720313171390444,1.0114577938891765e-06,0.017659041623511135,0.892470051340559,0.3203125,0.625,986.8828125,7.4453125,0.2909332831583482,0.20799464724359917,0.6566844517365098,2.149834892680242e-06,0.013426793822234452,0.14153271872138384,0.1953125,4080.8125,7.142492327906837,22.185390812577527,30.232656478881836,15.940158533447553,0.9999998807907104,7.705838680267334
readout_lal_descending_combined,lal_descending_combined,readout,256,16,0.7522763792179968,0.1171875,0.3828125,5084.96875,11.734375,0.22055880808697348,0.15675988495376042,0.676976190879941,1.0114577938891765e-06,0.017552838555152772,0.8910439247005134,0.3203125,0.6171875,987.5703125,7.6171875,0.28851736607532896,0.20622348869983592,0.6399142048321664,2.149834892680242e-06,0.013250507361034673,0.13876754548251657,0.203125,4097.3984375,7.188831998473548,22.132216492709716,30.523784637451172,16.17184180567514,0.9999998807907104,7.587335109710693
readout_lal_descending_combined,lal_descending_combined,readout,256,32,0.7520085698982325,0.125,0.3671875,5071.6796875,11.234375,0.21564609538434332,0.15343464517452748,0.6384610075037926,1.0114577938891765e-06,0.01674063794665976,0.887906446092413,0.3203125,0.6171875,991.1640625,7.84375,0.28323120447254746,0.20198097831762998,0.6199246793985367,1.074917446340121e-06,0.012658227848101266,0.13589787619418048,0.1953125,4080.515625,7.0493878700679975,22.200332341133937,30.07515525817871,16.18029663361886,0.9999998807907104,7.605938911437988
readout_lal_descending_combined,lal_descending_combined,readout,256,64,0.7498660953401178,0.1328125,0.3671875,5065.3828125,11.8984375,0.2089052876536377,0.14935591803339515,0.6031191400252283,1.0114577938891765e-06,0.013926762364060073,0.8896177980604678,0.328125,0.59375,975.359375,7.0546875,0.2774453739467503,0.19816460694014512,0.5757259037345648,0.0,0.010198816730875068,0.13975170272034998,0.1953125,4090.0234375,6.739509561973306,22.37544486516904,26.432512283325195,14.320993613696345,0.9999998807907104,8.316756248474121
readout_mb_kenyon_cells,mb_kenyon_cells,readout,256,1,0.0,0.0625,0.1171875,4347.421875,15.6953125,,,0.0,1.0,0.0,0.0,0.015625,0.0390625,2765.34375,16.65625,,,0.0,1.0,0.0,0.0,-0.046875,1582.078125,0.0,0.0,0.0,0.0,0.0,0.0
readout_mb_kenyon_cells,mb_kenyon_cells,readout,256,2,0.0,0.0625,0.1171875,4347.421875,15.6953125,,,0.0,1.0,0.0,0.0,0.015625,0.0390625,2765.34375,16.65625,,,0.0,1.0,0.0,0.0,-0.046875,1582.078125,0.0,0.0,0.0,0.0,0.0,0.0
readout_mb_kenyon_cells,mb_kenyon_cells,readout,256,4,0.6821103374397429,0.0859375,0.2890625,4356.6484375,12.90625,0.17118717166217057,0.12163782338892186,0.4618295058608055,0.0,0.01556431253236665,0.7755276668568168,0.1796875,0.359375,1069.4375,10.1015625,0.23823945998197854,0.17227006035092818,0.49952930491417646,0.0,0.01437809576224546,0.09341732941707392,0.09375,3287.2109375,6.40035613901072,20.203991585241162,24.376190185546875,16.06449424187173,0.9999998807907104,7.102838039398193
readout_mb_kenyon_cells,mb_kenyon_cells,readout,256,8,0.662560257096947,0.0703125,0.2578125,5135.53125,13.5625,0.1529138997360247,0.10694401735269528,0.4624617984518409,0.0,0.015405513658726049,0.7672561323445521,0.2109375,0.375,1056.3828125,10.0859375,0.2353554667464864,0.16978000790911157,0.5078661423176527,0.0,0.013262331452944413,0.10469587524760515,0.140625,4079.1484375,6.160416238399224,20.635250890352573,21.194196701049805,14.567380456454153,0.9999998807907104,6.343049049377441
readout_mb_kenyon_cells,mb_kenyon_cells,readout,256,16,0.660149973219068,0.0703125,0.2421875,5139.4296875,13.6171875,0.13965926017465485,0.09788586981344517,0.4412215577904135,1.0114577938891765e-06,0.015700859334541687,0.7664004563605248,0.1953125,0.359375,1079.1796875,10.9609375,0.22442416170579144,0.16156858398639115,0.4573649119120091,0.0,0.012710898802971932,0.1062504831414568,0.125,4060.25,5.987132417447289,20.90010228865786,19.419082641601562,13.147279760060062,0.9999998807907104,6.364630699157715
readout_mb_kenyon_cells,mb_kenyon_cells,readout,256,32,0.660953401178361,0.0625,0.2421875,5149.2109375,14.1796875,0.14345719928387857,0.09996123383707975,0.4865953621920198,2.022915587778353e-06,0.01575952388658726,0.7686822589845979,0.1953125,0.34375,1066.65625,10.7421875,0.2269539504691725,0.16351131785380674,0.4811927592381835,0.0,0.012666827187671988,0.10772885780623687,0.1328125,4082.5546875,5.930504683740376,20.976264398871855,18.950519561767578,12.757181179538387,0.9999998807907104,6.467904090881348
readout_mb_kenyon_cells,mb_kenyon_cells,readout,256,64,0.6582753079807178,0.0703125,0.265625,5129.46875,13.5078125,0.14774986914498395,0.1019683925950392,0.45498040691018105,1.0114577938891765e-06,0.015560266701191093,0.7798060467769538,0.203125,0.3828125,1085.6015625,11.0703125,0.23832296616858697,0.17013083106782637,0.46666235104203224,0.0,0.012582983626857457,0.121530738796236,0.1328125,4043.8671875,5.958297136269882,20.963125546725628,18.970657348632812,12.738547773733826,0.9999998807907104,6.004382133483887
readout_mbon,mbon,readout,97,1,0.0,0.0625,0.1171875,4347.421875,15.6953125,,,0.0,1.0,0.0,0.0,0.015625,0.0390625,2765.34375,16.65625,,,0.0,1.0,0.0,0.0,-0.046875,1582.078125,0.0,0.0,0.0,0.0,0.0,0.0
readout_mbon,mbon,readout,97,2,0.07445099089448312,0.0859375,0.1484375,5108.5390625,15.390625,0.12442456577904491,0.10371472316739624,0.0,0.9690721649484536,0.0006112958939067947,0.05847119224187108,0.015625,0.0625,2765.4609375,16.6953125,0.14334022885298825,0.11955779643830636,0.0,0.9690721649484536,0.0005248256727697746,-0.015979798652612044,-0.0703125,2343.078125,0.4518638711303094,0.6445009183408776,2.2573859691619873,1.8857319813704905,0.030927052721381187,0.7543720006942749
readout_mbon,mbon,readout,97,4,0.678896625602571,0.0625,0.28125,4351.828125,13.734375,0.17644434241467152,0.12305509812494006,0.5095833784434944,0.0,0.005592423134212816,0.7997718197375927,0.203125,0.421875,1053.2890625,10.2421875,0.24953484906980566,0.17862422636221004,0.40823880583047867,0.0,0.006947557149260422,0.12087519413502168,0.140625,3298.5390625,3.3253151136737396,12.36217050167297,7.125563144683838,3.448006480911415,1.0,8.511754989624023
readout_mbon,mbon,readout,97,8,0.6505088377075522,0.078125,0.265625,4349.78125,14.421875,0.14118823871490171,0.09692290261371159,0.4196242396719754,0.0,0.0040842040073248735,0.7812321734169995,0.1640625,0.421875,1054.609375,10.1796875,0.23325654784867944,0.16885241263219275,0.4018699461594224,5.673791056970536e-06,0.00576740860941055,0.13072333570944727,0.0859375,3295.171875,3.1953371362382805,12.321185348894474,6.240250587463379,3.3488159473736063,1.0,6.608267307281494
readout_mbon,mbon,readout,97,16,0.6309587573647563,0.0625,0.265625,5118.1328125,13.921875,0.11828495528249701,0.08031181615262087,0.33608937030658126,2.669414383872466e-06,0.004791598819051076,0.7604107244723332,0.1875,0.421875,1051.9140625,9.9921875,0.21002840897917763,0.15053790295912878,0.37305175326764584,0.0,0.00534754807119473,0.1294519671075769,0.125,4066.21875,3.111880259890109,12.600297338364069,6.541990280151367,3.9183862016433406,1.0,5.806844711303711
readout_mbon,mbon,readout,97,32,0.6264059989287627,0.0859375,0.25,5118.2734375,13.2734375,0.11065475737577757,0.07275342794103867,0.31114275730215013,0.0,0.004898375394405975,0.7498573873359954,0.171875,0.40625,1065.1875,10.46875,0.19552953722446598,0.14037458412533496,0.35414498182944953,2.836895528485268e-06,0.004428393919965503,0.12345138840723269,0.0859375,4053.0859375,3.0250858448340843,12.650334053768217,6.571640968322754,4.113515536199858,0.9999998211860657,5.446435928344727
readout_mbon,mbon,readout,97,64,0.6371183717193358,0.09375,0.234375,4330.4921875,13.1328125,0.10556008021698338,0.07007719572650364,0.2440265262266621,0.0,0.003854634370311841,0.7438676554478038,0.15625,0.359375,1077.9765625,10.9140625,0.19546677423168343,0.13961075245625493,0.29005833237897605,0.0,0.0038780361874393614,0.10674928372846793,0.0625,3252.515625,2.987941414387941,12.639280951784045,6.352592468261719,4.441779199449918,0.9999998211860657,4.708678722381592
readout_mbon_smp_cre_sip_combined,mbon_smp_cre_sip_combined,readout,256,1,0.0,0.0625,0.1171875,4347.421875,15.6953125,,,0.0,1.0,0.0,0.0,0.015625,0.0390625,2765.34375,16.65625,,,0.0,1.0,0.0,0.0,-0.046875,1582.078125,0.0,0.0,0.0,0.0,0.0,0.0
readout_mbon_smp_cre_sip_combined,mbon_smp_cre_sip_combined,readout,256,2,0.3077129084092126,0.03125,0.1328125,4339.2734375,14.0625,0.10767196840880922,0.08383850004437307,0.05211711337324232,0.94140625,0.0024477278612118074,0.2832287507130633,0.03125,0.0546875,1945.953125,13.890625,0.15562771700825653,0.12188946410317458,0.03949889389332384,0.94140625,0.0016478484452394056,-0.02448415769614931,0.0,2393.3203125,1.690880565518937,4.991411993084222,9.443048477172852,7.282596995622983,0.05859428644180298,2.399805784225464
readout_mbon_smp_cre_sip_combined,mbon_smp_cre_sip_combined,readout,256,4,0.7228173540439208,0.125,0.359375,4295.4609375,12.1171875,0.22189855107205356,0.16112405169641825,0.4842267935164273,0.0,0.025345109399274986,0.8822019395322305,0.2578125,0.578125,995.6953125,8.6484375,0.2966916242111397,0.2136031180710973,0.4556242600083351,2.149834892680242e-06,0.018839003164556962,0.1593845854883097,0.1328125,3299.765625,7.121268410877521,21.284715225254054,36.14434814453125,23.16257080176157,0.9999998807907104,8.459217071533203
readout_mbon_smp_cre_sip_combined,mbon_smp_cre_sip_combined,readout,256,8,0.7364756293519015,0.1328125,0.3671875,3483.734375,11.171875,0.2256536353792557,0.16325762359452484,0.548093780875206,1.0114577938891765e-06,0.020094631991196273,0.8873359954363947,0.2890625,0.6015625,1002.4765625,8.2890625,0.305035316468406,0.2191717682327486,0.5514225186780095,3.224752339020363e-06,0.014961775935608145,0.15086036608449327,0.15625,2481.2578125,7.302799853524822,21.15334597384358,35.19136428833008,22.073412020152663,0.9999998807907104,8.61573314666748
readout_mbon_smp_cre_sip_combined,mbon_smp_cre_sip_combined,readout,256,16,0.739421531869309,0.140625,0.3515625,3486.109375,11.25,0.23529247131324152,0.17108886077372476,0.541952736210078,1.0114577938891765e-06,0.019329969899016055,0.8864803194523674,0.2734375,0.5859375,1014.5234375,8.5,0.30766426056109786,0.22213418654222902,0.5537888295948505,0.0,0.013870734727572923,0.14705878758305835,0.1328125,2471.5859375,7.274314679533192,21.24907709508974,35.42306137084961,22.518035647535555,0.9999998807907104,8.629023551940918
readout_mbon_smp_cre_sip_combined,mbon_smp_cre_sip_combined,readout,256,32,0.7346009641135511,0.140625,0.3515625,3480.2109375,11.0078125,0.23278493277361195,0.16894682341184197,0.5191292595118284,0.0,0.016661744238736405,0.8844837421563034,0.265625,0.59375,1013.0859375,8.421875,0.3029951422526477,0.21864857219107203,0.5456709046848118,2.149834892680242e-06,0.012280931824435883,0.1498827780427523,0.125,2467.125,6.79887496999976,21.398471795496935,29.818279266357422,16.500991593463894,0.9999998807907104,9.31529712677002
readout_mbon_smp_cre_sip_combined,mbon_smp_cre_sip_combined,readout,256,64,0.723085163363685,0.125,0.3671875,4286.046875,12.0390625,0.21164198940282783,0.1530476957180638,0.4531560321338475,0.0,0.009515794924909374,0.8753565316600114,0.2890625,0.546875,981.921875,7.5703125,0.28881825696363694,0.20661188713947373,0.45019080815836787,0.0,0.005956117570170611,0.15227136829632637,0.1640625,3304.125,5.729666153113375,21.069100957391775,11.653154373168945,4.108199324903317,0.9999998807907104,6.689643383026123
readout_pb_eb_associated,pb_eb_associated,readout,256,1,0.0,0.0625,0.1171875,4347.421875,15.6953125,,,0.0,1.0,0.0,0.0,0.015625,0.0390625,2765.34375,16.65625,,,0.0,1.0,0.0,0.0,-0.046875,1582.078125,0.0,0.0,0.0,0.0,0.0,0.0
readout_pb_eb_associated,pb_eb_associated,readout,256,2,0.0,0.0625,0.1171875,4347.421875,15.6953125,,,0.0,0.99609375,0.0003489529388917659,0.0,0.015625,0.0390625,2765.34375,16.65625,,,0.0,0.99609375,0.00016231253439735827,0.0,-0.046875,1582.078125,0.0,0.8125292901777357,1.0,0.999999946514261,0.0039062537252902985,0.0
readout_pb_eb_associated,pb_eb_associated,readout,256,4,0.689608998393144,0.109375,0.265625,5083.7734375,13.125,0.14287937135434653,0.09697699581063114,0.5443399806972593,0.0254654728767478,0.03392732878042465,0.8063320022818026,0.171875,0.3984375,1105.6484375,11.125,0.24698123722225276,0.1761956462926569,0.46411604806780815,0.02635697578425977,0.025361602228948815,0.11672300388865853,0.0625,3978.125,3.9990588088210153,21.221847578565765,10.550908088684082,6.985834807698718,0.96875,6.77114725112915
readout_pb_eb_associated,pb_eb_associated,readout,256,8,0.6987145152651312,0.1328125,0.328125,3457.1171875,10.6171875,0.15950158687449745,0.10995143707129335,0.41696643084287643,3.0343733816675297e-06,0.021943576838425686,0.8379920136908158,0.2421875,0.4765625,1070.890625,9.296875,0.24777972281262656,0.17371668551495922,0.4574922057799995,2.149834892680242e-06,0.017341643161805174,0.1392774984256846,0.109375,2386.2265625,3.5308223128200966,20.855505416803013,8.580423355102539,5.706868686047596,0.9999998807907104,7.2300310134887695
readout_pb_eb_associated,pb_eb_associated,readout,256,16,0.6882699517943225,0.0859375,0.34375,4257.9453125,10.875,0.15606469603028691,0.10784494226642805,0.40617382910568267,2.022915587778353e-06,0.019571708311755566,0.8345693097547062,0.203125,0.5,1104.3046875,10.4296875,0.2470707509265036,0.17308450482949114,0.5171324559487402,0.0,0.016972946477710513,0.14629935796038374,0.1171875,3153.640625,3.6573041631621916,20.79216763565357,8.689528465270996,5.81403632752674,0.9999998807907104,6.476308822631836
readout_pb_eb_associated,pb_eb_associated,readout,256,32,0.6971076593465453,0.0859375,0.3515625,3472.9140625,10.3046875,0.15509515588546707,0.1048396400832814,0.41290503996424377,0.0,0.019780068617296736,0.8305761551625784,0.1953125,0.5078125,1099.203125,10.3828125,0.24003695864940808,0.16738339483553172,0.5287194275297225,0.0,0.016578451774903687,0.13346849581603315,0.109375,2373.7109375,3.670839765268252,20.682002462261632,8.668184280395508,5.739570867958402,0.9999998807907104,6.563416004180908
readout_pb_eb_associated,pb_eb_associated,readout,256,64,0.6995179432244242,0.1171875,0.34375,5018.015625,10.4296875,0.14948172770336554,0.10035950053721082,0.4144481122493744,3.0343733816675297e-06,0.01819410279647851,0.8282943525385055,0.21875,0.453125,1101.5078125,10.3046875,0.2397005327208092,0.16670434132923528,0.5089163137599826,1.074917446340121e-06,0.014008324160704458,0.1287764093140813,0.1015625,3916.5078125,3.69571377463964,20.84693982003563,8.572096824645996,5.762626986757415,0.9999998807907104,6.669016361236572
readout_pfl,pfl,readout,52,1,0.0,0.0625,0.1171875,4347.421875,15.6953125,,,0.0,1.0,0.0,0.0,0.015625,0.0390625,2765.34375,16.65625,,,0.0,1.0,0.0,0.0,-0.046875,1582.078125,0.0,0.0,0.0,0.0,0.0,0.0
readout_pfl,pfl,readout,52,2,0.0,0.0625,0.1171875,4347.421875,15.6953125,,,0.0,1.0,0.0,0.0,0.015625,0.0390625,2765.34375,16.65625,,,0.0,1.0,0.0,0.0,-0.046875,1582.078125,0.0,0.0,0.0,0.0,0.0,0.0
readout_pfl,pfl,readout,52,4,0.644617032672737,0.109375,0.25,5065.1484375,12.53125,0.14927383554234186,0.10664526327649451,0.4747468032874167,0.0,0.02539537107118671,0.7378779235596121,0.171875,0.375,1123.625,11.1640625,0.21987647328069565,0.16010062628373922,0.5222165728919208,0.0,0.015177172854663223,0.09326089088687517,0.0625,3941.5234375,2.656641190481709,9.19934158641604,5.324978828430176,3.2765963184562077,1.0,4.230640411376953
readout_pfl,pfl,readout,52,8,0.6580074986609534,0.09375,0.2890625,5071.1171875,12.328125,0.15777224143880472,0.11004323769546542,0.424575237557292,0.0,0.02436959725929172,0.7738163148887621,0.21875,0.4296875,1073.3671875,10.359375,0.2473919613295495,0.17919997525644438,0.5048420578241348,0.0,0.020347360399644385,0.1158088162278087,0.125,3997.75,1.9618269831095474,8.571247754504082,3.433318614959717,2.06557283348486,0.9999998807907104,2.8996808528900146
readout_pfl,pfl,readout,52,16,0.6384574183181575,0.0625,0.25,5090.3671875,12.921875,0.1406325250937548,0.10063552944300022,0.45195515686646104,0.0,0.024733099629526353,0.7746719908727895,0.15625,0.4140625,1128.0859375,12.078125,0.236457972122689,0.17539793462709324,0.5250241905450821,0.0,0.02103530756530206,0.13621457255463199,0.09375,3962.28125,1.9738376831203766,8.525672906454187,3.5991199016571045,2.1643855491518464,0.9999999403953552,3.11618709564209
readout_pfl,pfl,readout,52,32,0.6373861810391002,0.0625,0.234375,5105.5234375,13.1875,0.12876303673727973,0.08994302452234365,0.46319423569366336,0.0,0.024289925506911524,0.7738163148887621,0.1796875,0.3984375,1117.9140625,11.6015625,0.2227851574415278,0.16511686353788863,0.5163451191037893,0.0,0.02166504381694255,0.13643013384966196,0.1171875,3987.609375,2.01034941744118,8.510386820420848,3.539921283721924,2.1256221853091026,0.9999998807907104,3.1008167266845703
readout_pfl,pfl,readout,52,64,0.6430101767541511,0.078125,0.2421875,5135.078125,13.7578125,0.13124038558821016,0.09314245647633679,0.4427718040533364,0.0,0.013932597697486357,0.760125499144324,0.1796875,0.3671875,1124.65625,11.65625,0.21698796501423878,0.1595963469251842,0.4876564182341099,0.0,0.01131408492443165,0.11711532239017297,0.1015625,4010.421875,1.947897331464588,9.004439078080797,2.974745035171509,1.8585079151315769,1.0,2.5251259803771973
readout_pfn,pfn,readout,256,1,0.0,0.0625,0.1171875,4347.421875,15.6953125,,,0.0,1.0,0.0,0.0,0.015625,0.0390625,2765.34375,16.65625,,,0.0,1.0,0.0,0.0,-0.046875,1582.078125,0.0,0.0,0.0,0.0,0.0,0.0
readout_pfn,pfn,readout,256,2,0.0,0.0625,0.1171875,4347.421875,15.6953125,,,0.0,1.0,0.0,0.0,0.015625,0.0390625,2765.34375,16.65625,,,0.0,1.0,0.0,0.0,-0.046875,1582.078125,0.0,0.0,0.0,0.0,0.0,0.0
readout_pfn,pfn,readout,256,4,0.6087305838243171,0.0546875,0.15625,3555.6953125,12.390625,0.11440102255890994,0.07900758272308764,0.2512856014072895,0.0,0.034082081822889694,0.6665715915573303,0.140625,0.2421875,1895.96875,10.96875,0.20842955095990512,0.1472167636412507,0.186311210738495,0.0,0.029943975302696754,0.05784100773301315,0.0859375,1659.7265625,2.38598310469075,20.41048927111951,5.6294684410095215,3.718698229016342,1.0,5.550482273101807
readout_pfn,pfn,readout,256,8,0.6360471344402785,0.0859375,0.2265625,4372.0859375,13.734375,0.1243001198161464,0.08528880006445187,0.4490629935171455,3.0343733816675297e-06,0.030003883997928534,0.7492869366799771,0.15625,0.296875,1112.4375,10.7890625,0.18821047118227224,0.13465859631261298,0.4920694883912802,0.0,0.02208525385250413,0.11323980223969865,0.0703125,3259.6484375,2.9551696248361448,20.71912085986496,5.424734115600586,3.2607693657856824,0.9999998807907104,7.000295162200928
readout_pfn,pfn,readout,256,16,0.6355115158007498,0.0546875,0.2265625,4352.65625,13.171875,0.12369111558795545,0.08391758656906094,0.4386564400047064,0.0,0.02933227602278612,0.7475755847119224,0.140625,0.3046875,1110.5703125,11.015625,0.18398317658117164,0.1310495029906505,0.5057936110533774,0.0,0.021898218216840945,0.1120640689111726,0.0859375,3242.0859375,3.017153565401077,20.752726245703396,5.5513386726379395,3.346996605773547,0.9999999403953552,6.02724552154541
readout_pfn,pfn,readout,256,32,0.6376539903588645,0.0546875,0.2265625,4349.3515625,13.296875,0.11905122505139412,0.08035108009746753,0.43795002391561866,0.0,0.02951433842568617,0.744438106103822,0.1640625,0.296875,1113.1484375,10.8125,0.17814560529919177,0.12718862180798962,0.4934978480450809,0.0,0.021973462438084755,0.1067841157449575,0.109375,3236.203125,3.0783230905750134,20.73050822381891,5.5719404220581055,3.3409266619035685,0.9999998807907104,6.288247585296631
readout_pfn,pfn,readout,256,64,0.6550615961435458,0.0546875,0.234375,4359.765625,13.09375,0.12933457119503522,0.08727863306872048,0.43876859126612544,0.0,0.02813167562143967,0.7472903593839133,0.1796875,0.3125,1105.4921875,10.1484375,0.18661892534766178,0.13221065705084076,0.50056281266734,1.074917446340121e-06,0.019854800151348377,0.09222876324036755,0.125,3254.2734375,3.1940392609853427,20.78284317104034,5.495479106903076,3.2422037009937816,0.9999998807907104,6.789988994598389
readout_pfr,pfr,readout,44,1,0.0,0.0625,0.1171875,4347.421875,15.6953125,,,0.0,1.0,0.0,0.0,0.015625,0.0390625,2765.34375,16.65625,,,0.0,1.0,0.0,0.0,-0.046875,1582.078125,0.0,0.0,0.0,0.0,0.0,0.0
readout_pfr,pfr,readout,44,2,0.0,0.0625,0.1171875,4347.421875,15.6953125,,,0.0,1.0,0.0,0.0,0.015625,0.0390625,2765.34375,16.65625,,,0.0,1.0,0.0,0.0,-0.046875,1582.078125,0.0,0.0,0.0,0.0,0.0,0.0
readout_pfr,pfr,readout,44,4,0.6242635243706481,0.125,0.28125,4257.96875,11.828125,0.12620207221073312,0.08510614152106255,0.5192242949269712,0.036933289393154746,0.04397156442728685,0.6959498003422704,0.1328125,0.3203125,1922.78125,11.7890625,0.187090118890319,0.13232835512365598,0.2930020382627845,0.03850002501626057,0.027799319557712514,0.07168627597162225,0.0078125,2335.1875,1.2716827245053632,7.037333539033321,2.4646098613739014,1.7155718559120845,0.954545259475708,7.594954967498779
readout_pfr,pfr,readout,44,8,0.648634172469202,0.109375,0.265625,5134.2890625,14.3203125,0.1261929723003042,0.08557417952989119,0.34593765903264284,0.0,0.008450637917235534,0.7524244152880776,0.15625,0.359375,1145.6484375,11.5625,0.21881204433813461,0.15588087333591044,0.26674016495235264,0.0,0.012239205483564317,0.10379024281887561,0.046875,3988.640625,1.2767151486324773,7.98868743644195,1.7541784048080444,1.3127795054696312,1.0,2.766848564147949
readout_pfr,pfr,readout,44,16,0.6628280664167113,0.09375,0.328125,5111.1328125,13.4375,0.1348723648110198,0.09219210522523674,0.29679757659323514,0.0,0.007673838331528647,0.7558471192241871,0.1640625,0.375,1121.9609375,11.5546875,0.21678393290381825,0.15475555232053712,0.22075511538423598,0.0,0.01247060589383099,0.0930190528074758,0.0703125,3989.171875,1.4820371440984912,7.97843416225163,1.8707302808761597,1.3491234309393296,0.9999999403953552,3.3496367931365967
readout_pfr,pfr,readout,44,32,0.6713979646491698,0.1171875,0.3203125,5112.8046875,13.1875,0.14340395123943922,0.09765650988474336,0.2765367382671684,0.0,0.00929217080175133,0.7584141471762692,0.1796875,0.3671875,1113.90625,10.765625,0.22009125950807357,0.15786103650986483,0.20701099804136902,0.0,0.012164156701856206,0.08701618252709942,0.0625,3998.8984375,1.5100859283208166,7.8630929586616976,1.869131088256836,1.3442615360481167,0.9999998211860657,3.1513521671295166
readout_pfr,pfr,readout,44,64,0.6638993036957687,0.078125,0.28125,5125.5625,14.34375,0.12800784059390144,0.08741255859165073,0.16934814548585564,0.0,0.0077856503931076695,0.7381631488876212,0.125,0.328125,1927.9375,13.3359375,0.18925633181698379,0.1368197753043116,0.14536931226029992,0.0,0.004083904537949668,0.07426384519185258,0.046875,3197.625,1.4317927931761238,7.552174645415792,1.9963403940200806,1.5112973890577002,0.9999999403953552,2.234689235687256
readout_random_central_brain,random_central_brain,readout,256,1,0.0,0.0625,0.1171875,4347.421875,15.6953125,,,0.0,1.0,0.0,0.0,0.015625,0.0390625,2765.34375,16.65625,,,0.0,1.0,0.0,0.0,-0.046875,1582.078125,0.0,0.0,0.0,0.0,0.0,0.0
readout_random_central_brain,random_central_brain,readout,256,2,0.3749330476700589,0.0859375,0.25,5859.609375,12.140625,0.10075744723890365,0.08191332351183452,0.24830519827082753,0.9023123948083894,0.0024012008026929052,0.3907586993725043,0.09375,0.2578125,3457.6328125,11.78125,0.13355210553584118,0.10765559791055325,0.20117668830789626,0.90234375,0.001714493326912493,0.015825651702445376,0.0078125,2401.9765625,1.5980750442155154,7.025710769016659,16.864927291870117,11.763776063132308,0.09765695035457611,3.0709879398345947
readout_random_central_brain,random_central_brain,readout,256,4,0.7517407605784682,0.1171875,0.4140625,5075.203125,11.625,0.24962009355935907,0.18307961832572597,0.9340950539335608,0.0034470481615743137,0.019908523757120662,0.8967484312606959,0.3203125,0.6328125,995.828125,8.015625,0.3412376296163955,0.24840853388264988,0.843757018679753,0.0034214622317006054,0.01635594386351128,0.14500767068222775,0.203125,4079.375,8.17887876584766,21.45475780616639,46.088592529296875,26.346033469332745,0.9960939884185791,7.093874454498291
readout_random_central_brain,random_central_brain,readout,256,8,0.7343331547937868,0.1015625,0.4140625,5079.34375,12.0234375,0.24199633814044458,0.17586866873628468,0.9665527420584112,3.0343733816675297e-06,0.018466184943034696,0.8976041072447233,0.3203125,0.6328125,1009.3515625,8.375,0.33795080478596956,0.24375583308067544,0.838707581628114,1.074917446340121e-06,0.014712395088057236,0.16327095245093648,0.21875,4069.9921875,7.607007104220688,20.76562989150868,46.64226150512695,25.617529184868296,0.9999998807907104,10.29970645904541
readout_random_central_brain,random_central_brain,readout,256,16,0.7482592394215318,0.1015625,0.390625,5070.8359375,11.828125,0.24322444016769912,0.1762409363811197,1.0499220117926598,2.022915587778353e-06,0.01836402770585189,0.8981745579007416,0.3125,0.609375,1019.859375,8.375,0.3383320259090011,0.2443400306084862,0.868493823800236,0.0,0.0142157832278481,0.1499153184792098,0.2109375,4050.9765625,7.73656071836502,20.843623032478146,47.716304779052734,26.724705768261117,0.9999998807907104,10.781258583068848
readout_random_central_brain,random_central_brain,readout,256,32,0.7501339046598822,0.1171875,0.40625,5049.0,11.6171875,0.24295626066714138,0.17627077500519064,1.086739185731858,1.0114577938891765e-06,0.018190056965302952,0.8981745579007416,0.3203125,0.609375,1017.8359375,8.1328125,0.3371558103225025,0.243526082820019,0.8746441120747477,2.149834892680242e-06,0.013832037699504678,0.14804065324085947,0.203125,4031.1640625,7.711497953230423,20.917186939422102,46.9193229675293,26.486505315678457,0.9999998807907104,10.642745018005371
readout_random_central_brain,random_central_brain,readout,256,64,0.7525441885377611,0.1171875,0.390625,5073.390625,11.953125,0.24480194992477564,0.17761210291786123,0.9487474327906966,1.0114577938891765e-06,0.01684178372604868,0.8998859098687964,0.328125,0.59375,1003.34375,7.796875,0.33252680436721005,0.23842530914045573,0.7962994673289359,2.149834892680242e-06,0.01224223479636764,0.1473417213310353,0.2109375,4070.046875,7.563636418962256,21.012728685643104,42.757080078125,23.68900555372853,0.9999998807907104,8.544088363647461
readout_random_whole_brain,random_whole_brain,readout,256,1,0.06668452062131762,0.0546875,0.1171875,5093.3203125,11.8984375,0.08657911178985958,0.07012752856229122,0.13668276462703943,0.9921875,0.000544164293112377,0.11009697661152311,0.0625,0.109375,1952.78125,13.0390625,0.10921670093159946,0.08935237549605758,0.15186973847448826,0.9921875,0.0004675890891579527,0.04341245599020549,0.0078125,3140.5390625,0.6055094162793826,0.6390458874169314,1.9869509935379028,1.9742102231812284,0.007812525145709515,0.29050472378730774
readout_random_whole_brain,random_whole_brain,readout,256,2,0.2281735404392073,0.046875,0.1171875,4317.6796875,11.4453125,0.07402953971420523,0.05849672219046248,0.17354146833531559,0.8670580334023822,0.002943342180217504,0.2527096406160867,0.0625,0.125,1923.3359375,10.7890625,0.11860248508649145,0.09449269916843059,0.15321878110989928,0.8671875,0.002522831246560264,0.024536100176879405,0.015625,2394.34375,2.0872316705416316,7.247797698885323,22.034805297851562,17.08807010826616,0.13281233608722687,2.7243573665618896
readout_random_whole_brain,random_whole_brain,readout,256,4,0.7439742903053026,0.1640625,0.421875,5029.953125,10.9375,0.24064307472915922,0.1754081625744709,1.9019115790724754,0.015625,0.01889504304764371,0.9001711351968055,0.3046875,0.671875,980.6796875,7.5234375,0.3325445561777107,0.23855936867612088,1.0340036763809621,0.015625,0.015917377545404513,0.15619684489150287,0.140625,4049.2734375,8.648874296955448,22.345730709072765,32.85888671875,14.124708091401875,0.9843752384185791,6.477349758148193
readout_random_whole_brain,random_whole_brain,readout,256,8,0.7311194429566149,0.140625,0.3828125,5035.1171875,10.6484375,0.22474512668501634,0.1644670657645288,0.9683959912508726,0.01171976145779389,0.018123300750906266,0.899030233884769,0.3125,0.640625,974.5703125,7.2578125,0.3217760481177901,0.22990647384964863,0.7977349562570453,0.01172197475233902,0.014759691455696203,0.16791079092815409,0.171875,4060.546875,8.33686260151847,21.13868011709093,41.95891571044922,22.605766229859974,0.9882811307907104,7.880568981170654
readout_random_whole_brain,random_whole_brain,readout,256,16,0.72710230316015,0.140625,0.375,5045.015625,10.875,0.2250956867779259,0.16375326928135292,0.9578483374789357,0.01171875,0.017386959476954945,0.8987450085567599,0.3046875,0.640625,978.3671875,7.25,0.3232587477076436,0.230660905424858,0.8080756822600961,0.01171875,0.013648226816180517,0.17164270539660986,0.1640625,4066.6484375,8.31892601810369,21.262253232688902,42.15791320800781,22.888587229366237,0.9882811307907104,7.513190269470215
readout_random_whole_brain,random_whole_brain,readout,256,32,0.7284413497589716,0.140625,0.359375,5052.296875,11.1328125,0.2271776053740892,0.16546052648637932,0.9320837543345988,0.01171976145779389,0.017483047967374418,0.8973188819167142,0.28125,0.640625,999.5,7.78125,0.3258507795583181,0.2337546492963395,0.8010101057589054,0.011720899834892681,0.013469790520088057,0.1688775321577426,0.140625,4052.796875,8.226343332399269,21.369554033476135,41.671119689941406,22.884861312036232,0.9882811307907104,7.403949737548828
readout_random_whole_brain,random_whole_brain,readout,256,64,0.7351365827530798,0.171875,0.375,5042.671875,11.546875,0.23002850709222455,0.16753385598754192,0.8671669554896653,0.01171875,0.016337066286897982,0.9001711351968055,0.3046875,0.6328125,1778.84375,7.734375,0.3262578648826486,0.23361147292893714,0.7411978486925364,0.011720899834892681,0.012581908709411118,0.16503455244372567,0.1328125,3263.828125,8.081511019832138,21.52180279579573,39.37788009643555,21.86944428655489,0.9882811307907104,8.048271179199219
readout_sip,sip,readout,256,1,0.0,0.0625,0.1171875,4347.421875,15.6953125,,,0.0,1.0,0.0,0.0,0.015625,0.0390625,2765.34375,16.65625,,,0.0,1.0,0.0,0.0,-0.046875,1582.078125,0.0,0.0,0.0,0.0,0.0,0.0
readout_sip,sip,readout,256,2,0.008837707552222818,0.0625,0.1171875,4367.9296875,16.015625,-0.05840342686160116,-0.047974618945541135,0.034084480721503496,0.97265625,0.0005785538581046091,0.015687393040501995,0.0234375,0.046875,2789.78125,17.0234375,-0.013197704088179718,-0.011047700974916263,0.06438180082477629,0.97265625,0.0006460253852504128,0.006849685488279177,-0.0390625,1578.1484375,0.20702751958249638,1.871438570658819,4.295546531677246,3.7644648557181637,0.02734375,1.0336519479751587
readout_sip,sip,readout,256,4,0.695232994108195,0.0859375,0.3203125,4328.53125,13.609375,0.18791942482218169,0.13963311433831363,0.6471634088084102,3.0343733816675297e-06,0.014348540264111859,0.869937250427838,0.2265625,0.515625,1033.03125,9.578125,0.26965239734539453,0.19593968742944662,0.5449757524766028,1.074917446340121e-06,0.014635001031920749,0.17470425631964304,0.140625,3295.5,6.816590274314661,19.828936149360562,33.727134704589844,20.391175083099128,0.9999998807907104,7.84385871887207
readout_sip,sip,readout,256,8,0.7013926084627745,0.0625,0.3203125,5875.4921875,13.0703125,0.18558144301979668,0.13396606492164295,0.589793298044242,1.0114577938891765e-06,0.013700195818228896,0.8710781517398745,0.203125,0.5546875,1031.5078125,9.59375,0.2807672296436158,0.20560793234080277,0.5332323845941573,4.299669785360484e-06,0.011048001513483764,0.16968554327709995,0.140625,4843.984375,6.884840232605351,19.92224197395711,28.890291213989258,17.553451323858837,0.9999998807907104,6.369444370269775
readout_sip,sip,readout,256,16,0.7011247991430102,0.0625,0.3125,5109.3125,13.3515625,0.1894983573913503,0.13744904669450017,0.5998067138716578,1.0114577938891765e-06,0.012355968410150181,0.8679406731317741,0.203125,0.53125,1045.9765625,10.15625,0.28588280010594896,0.20916680058912848,0.5514751193113625,1.074917446340121e-06,0.009787123348926802,0.16681587398876396,0.140625,4063.3359375,6.739979256526462,19.995367390293445,27.83122444152832,16.98573540280166,0.9999998807907104,5.791253566741943
readout_sip,sip,readout,256,32,0.7019282271023032,0.078125,0.3046875,5107.609375,13.3984375,0.20564124456983052,0.15421816121678772,0.5851272286381572,4.045831175556706e-06,0.011316189798032108,0.8670849971477467,0.2265625,0.5234375,1036.6484375,9.859375,0.2847759975692592,0.20889754755298712,0.5463522602804005,1.074917446340121e-06,0.01056966324986241,0.1651567700454435,0.1484375,4070.9609375,6.276995366472845,19.98457620993579,24.529932022094727,14.251691926854987,0.9999998807907104,5.939831733703613
readout_sip,sip,readout,256,64,0.693626138189609,0.0859375,0.2578125,5112.71875,14.0078125,0.1932630126203425,0.1413810426856082,0.5409749560058117,0.0,0.006924440056965303,0.8573873359954364,0.2421875,0.5,1822.953125,10.484375,0.27122821963669497,0.1940302592120498,0.4820836251601577,4.299669785360484e-06,0.007745855118326913,0.16376119780582732,0.15625,3289.765625,5.405190552026337,19.82284239493817,11.39897346496582,4.305320064432109,0.9999999403953552,5.805290222167969
readout_smp,smp,readout,256,1,0.0,0.0625,0.1171875,4347.421875,15.6953125,,,0.0,1.0,0.0,0.0,0.015625,0.0390625,2765.34375,16.65625,,,0.0,1.0,0.0,0.0,-0.046875,1582.078125,0.0,0.0,0.0,0.0,0.0,0.0
readout_smp,smp,readout,256,2,0.129084092126406,0.0625,0.125,4347.421875,15.6953125,0.04769990327875899,0.03854581878817371,0.0,0.93359375,0.0034379450414293113,0.13234455219623503,0.015625,0.0390625,2765.34375,16.65625,0.10696478759294831,0.08806271174256854,0.0,0.93359375,0.002329346106219042,0.0032604600698290243,-0.046875,1582.078125,0.9854636137016752,5.413846836874877,7.573140621185303,5.480789426910809,0.06640602648258209,2.1322078704833984
readout_smp,smp,readout,256,4,0.737814675950723,0.0859375,0.3125,5053.984375,11.3125,0.2452121871538896,0.17784760138624495,0.45094301365315914,2.022915587778353e-06,0.025032568940963233,0.8787792355961209,0.2265625,0.6171875,1026.21875,8.9609375,0.31316082207104073,0.22784022985945596,0.45884012221358716,0.0,0.017306170886075948,0.1409645596453979,0.140625,4027.765625,6.727472987673214,21.806429142384932,31.30471420288086,19.795404174266718,1.0,7.743880748748779
readout_smp,smp,readout,256,8,0.7316550615961436,0.109375,0.359375,5866.4765625,12.2578125,0.23356324901798817,0.16969813444799264,0.5780966002494097,0.0,0.019237927239772138,0.8853394181403309,0.28125,0.6171875,1023.2578125,8.3359375,0.3077457175351963,0.22286042454324284,0.5314755020663142,2.149834892680242e-06,0.014785489474408366,0.15368435654418733,0.171875,4843.21875,6.905261499168707,21.330135753746518,31.16208267211914,18.869466491991062,0.9999998807907104,8.638298034667969
readout_smp,smp,readout,256,16,0.7319228709159079,0.109375,0.34375,5878.578125,12.515625,0.22917309175755923,0.16503633250828953,0.5505298851057887,1.0114577938891765e-06,0.01862194944329363,0.8853394181403309,0.2734375,0.6171875,1030.2265625,8.5,0.3031201755202841,0.21932235246081638,0.5529836546629667,1.074917446340121e-06,0.014265229430379747,0.153416547224423,0.1640625,4848.3515625,6.871405962021794,21.36499617862587,31.645492553710938,19.428208471445778,0.9999998807907104,9.127607345581055
readout_smp,smp,readout,256,32,0.7249598286020353,0.09375,0.375,5883.9140625,12.359375,0.2132097306624801,0.15012529795709534,0.5060072024352849,0.0,0.017215011651993784,0.8816314888762122,0.2734375,0.609375,1026.78125,8.078125,0.3041931685149002,0.2209447329209447,0.5326096415519714,1.074917446340121e-06,0.012435719936708861,0.1566716602741769,0.1796875,4857.1328125,6.326550537413318,21.57290007432084,25.203516006469727,13.18636133142173,0.9999998807907104,9.94773006439209
readout_smp,smp,readout,256,64,0.7139796464916979,0.1015625,0.3515625,5055.1328125,11.421875,0.2128369556191601,0.14981098693742217,0.38759412383660674,1.0114577938891765e-06,0.009743372928534439,0.8628066172276098,0.2890625,0.53125,993.78125,7.6953125,0.30152686321801003,0.2167515195536014,0.4411811791360378,1.074917446340121e-06,0.005876573679141442,0.1488269707359119,0.1875,4061.3515625,5.256907972635034,21.027236350421138,9.71524429321289,3.585245690983739,0.9999998807907104,8.403022766113281
readout_smp_cre_sip_combined,smp_cre_sip_combined,readout,256,1,0.0,0.0625,0.1171875,4347.421875,15.6953125,,,0.0,1.0,0.0,0.0,0.015625,0.0390625,2765.34375,16.65625,,,0.0,1.0,0.0,0.0,-0.046875,1582.078125,0.0,0.0,0.0,0.0,0.0,0.0
readout_smp_cre_sip_combined,smp_cre_sip_combined,readout,256,2,0.2726298875200857,0.0390625,0.140625,4372.7109375,14.984375,0.11441348346165983,0.09036240998908565,0.026744744507595897,0.9413748948083894,0.0025792173744174003,0.24500855675984026,0.015625,0.0703125,1184.0,14.96875,0.15960393299718403,0.1264627544645226,0.037756555364467204,0.94140625,0.0018950794578976335,-0.02762133076024545,-0.0234375,3188.7109375,1.4927028478209368,5.014203968895523,8.400959968566895,6.458556735428161,0.05859362334012985,3.1340696811676025
readout_smp_cre_sip_combined,smp_cre_sip_combined,readout,256,4,0.6955008034279593,0.1015625,0.3125,4292.078125,11.9453125,0.19389833750033256,0.13728603903516806,0.4711749884299934,2.022915587778353e-06,0.02172914778612118,0.8685111237877924,0.234375,0.5390625,1030.0703125,9.5,0.2881537646597221,0.2077759242029097,0.5280555016361177,1.074917446340121e-06,0.017005194001100715,0.1730103203598331,0.1328125,3262.0078125,7.017208840752728,20.996704762319865,35.000152587890625,21.913021275132795,0.9999998807907104,8.854365348815918
readout_smp_cre_sip_combined,smp_cre_sip_combined,readout,256,8,0.711569362613819,0.109375,0.3359375,5062.8125,11.8671875,0.18958444285934478,0.13454980563455582,0.4691576361656189,1.0114577938891765e-06,0.019587891636457792,0.8770678836280662,0.2578125,0.5859375,1027.65625,9.4140625,0.28817193193627033,0.20978101207046973,0.49484407622367144,1.074917446340121e-06,0.015035945239405614,0.16549852101424722,0.1484375,4035.15625,7.17474958806141,20.916745451565365,34.01042556762695,21.30143037363716,0.9999999403953552,7.926153182983398
readout_smp_cre_sip_combined,smp_cre_sip_combined,readout,256,16,0.7171933583288699,0.1015625,0.3515625,5054.4140625,11.5078125,0.18609846070847624,0.13211860138467366,0.4940460701473057,0.0,0.019245007444329363,0.87906446092413,0.25,0.5625,1038.734375,9.8046875,0.2821195508029106,0.20454351989480798,0.5087702539749444,5.374587231700606e-06,0.014265229430379747,0.16187110259526016,0.1484375,4015.6796875,7.157750199006499,20.918072979618923,33.99643325805664,21.617163657922713,0.9999998807907104,8.03199577331543
readout_smp_cre_sip_combined,smp_cre_sip_combined,readout,256,32,0.7171933583288699,0.1171875,0.3515625,5048.28125,11.0859375,0.1834280805765777,0.1289717631204314,0.4760189903900027,1.0114577938891765e-06,0.017275699119627137,0.8725042783799202,0.2421875,0.5625,1029.84375,9.7109375,0.2759085643768594,0.19800131053903436,0.4950602240860462,1.074917446340121e-06,0.012034775729223996,0.1553109200510503,0.125,4018.4375,6.672845095268855,21.160538014142233,27.862878799438477,15.042128364287905,0.9999998807907104,8.316263198852539
readout_smp_cre_sip_combined,smp_cre_sip_combined,readout,256,64,0.7029994643813605,0.1328125,0.2890625,5075.8046875,11.5,0.17571084056405184,0.12103482227710363,0.39894228894263506,2.022915587778353e-06,0.009214380502330399,0.8650884198516828,0.2265625,0.515625,1033.265625,9.15625,0.25909040221632984,0.18423631195492052,0.4345414419658482,1.074917446340121e-06,0.007290090121078701,0.16208895547032232,0.09375,4042.5390625,5.677803371151164,20.69070080929395,12.21511459350586,4.228837981567104,0.9999998807907104,6.422562122344971
readout_visual_projection,visual_projection,readout,256,1,0.022495982860203535,0.015625,0.0859375,4367.8125,16.0625,-0.03996928046365825,-0.03566806113560913,0.010484013822861016,0.95703125,0.0016709282755049198,0.033371363377067885,0.0078125,0.046875,1990.375,16.375,-0.00016433835900005016,0.000278209840272518,0.005658297915942967,0.95703125,0.0013339725509080903,0.01087538051686435,-0.0078125,2377.4375,0.2952406207012549,4.151081869527207,8.937853813171387,7.745169435866452,0.04296855628490448,1.370087742805481
readout_visual_projection,visual_projection,readout,256,2,0.6261381896089984,0.0546875,0.25,3566.7734375,13.265625,0.1282278328047474,0.09120557097401721,0.5487588089890778,0.58564620015536,0.012650302628171932,0.7267541357672561,0.171875,0.40625,1099.5234375,11.28125,0.2301910201614098,0.16866651643351388,0.5838657538406551,0.5859375,0.010060152380297192,0.10061594615825775,0.1171875,2467.25,4.967240812916804,13.353218600566652,39.23792266845703,27.406608538609063,0.41406357288360596,4.260380744934082
readout_visual_projection,visual_projection,readout,256,4,0.7522763792179968,0.1484375,0.3515625,4272.6328125,10.8125,0.258159991483608,0.1891958944127002,0.7526080925017595,4.045831175556706e-06,0.021856591468151217,0.8936109526525956,0.3046875,0.640625,999.7734375,7.4375,0.34111055476989544,0.24481542505901838,0.733260475564748,0.0,0.01596682374793616,0.14133457343459876,0.15625,3272.859375,7.7736018959986435,25.853916217355327,12.15527057647705,3.9041011654299522,0.9999998807907104,17.777477264404297
readout_visual_projection,visual_projection,readout,256,8,0.7562935190144617,0.125,0.375,4307.4765625,11.7578125,0.26605813444213683,0.19460597721225353,0.8047324097715318,2.022915587778353e-06,0.02077028579751424,0.8938961779806047,0.2890625,0.6171875,1009.5703125,7.53125,0.34589488195591866,0.2482266604241915,0.762297899927944,1.074917446340121e-06,0.015742166001651074,0.137602658966143,0.1640625,3297.90625,7.906387323246058,24.759472053423895,16.19193458557129,5.12172725122654,0.9999998807907104,18.876340866088867
readout_visual_projection,visual_projection,readout,256,16,0.7541510444563471,0.1328125,0.3828125,4296.3359375,11.234375,0.26647012183555163,0.194908735658232,0.8032278718892485,2.022915587778353e-06,0.02047898595287416,0.8961779806046777,0.28125,0.625,1005.578125,7.6015625,0.3474391990248882,0.24947081250008285,0.7613229178823531,1.074917446340121e-06,0.015561579870665932,0.14202693614833062,0.1484375,3290.7578125,7.838465214839648,24.734735056953106,16.38027572631836,5.133551968889085,0.9999998807907104,18.11212921142578
readout_visual_projection,visual_projection,readout,256,32,0.7530798071772897,0.1328125,0.375,4290.2265625,10.9921875,0.26708984608035136,0.1950545817029003,0.7957860501483083,2.022915587778353e-06,0.02030602667011911,0.8933257273245864,0.2734375,0.625,1016.90625,7.8203125,0.34670682883722104,0.24965688722939416,0.7629233663901687,0.0,0.01535412080352229,0.14024592014729664,0.140625,3273.3203125,7.791179364348794,24.72261895558364,16.358503341674805,5.115522481209393,0.9999998807907104,18.25048065185547
readout_visual_projection,visual_projection,readout,256,64,0.7536154258168184,0.15625,0.4140625,4280.4765625,10.875,0.26362957607909565,0.19257182912537363,0.839446634054184,0.0,0.01974163322112895,0.8930405019965773,0.25,0.59375,1033.7734375,8.0703125,0.35040321448792855,0.25194384007714077,0.7643753383308649,1.074917446340121e-06,0.015464837300495322,0.13942507617975886,0.09375,3246.703125,7.673046393792684,24.54202159228433,16.915416717529297,5.179170930459483,0.9999998807907104,18.456260681152344
readout_vnc_motor_efferent,vnc_motor_efferent,readout,256,1,0.0,0.0625,0.1171875,4347.421875,15.6953125,,,0.0,1.0,0.0,0.0,0.015625,0.0390625,2765.34375,16.65625,,,0.0,1.0,0.0,0.0,-0.046875,1582.078125,0.0,0.0,0.0,0.0,0.0,0.0
readout_vnc_motor_efferent,vnc_motor_efferent,readout,256,2,0.2988752008569898,0.0859375,0.1953125,3565.875,14.9375,0.07364716367263249,0.058093768765936214,0.22983982064761221,0.7850905052433972,0.0034581741973070948,0.34112949229891615,0.0859375,0.2265625,1954.078125,13.7109375,0.10069710596747303,0.08032748817137664,0.3516166191548109,0.78515625,0.004061038112272978,0.04225429144192633,0.0,1611.796875,2.654714921970635,8.655671608599842,20.64527702331543,15.570191577012334,0.21484321355819702,2.7991390228271484
readout_vnc_motor_efferent,vnc_motor_efferent,readout,256,4,0.7171933583288699,0.1171875,0.421875,4273.25,10.6796875,0.19948532006470032,0.14171522191277086,0.7490339679643512,0.003908272915587778,0.014284818423096842,0.8836280661722761,0.2734375,0.59375,2585.5,8.859375,0.2952114468231851,0.2093153256961941,0.6366361118853092,0.00390625,0.011849889928453495,0.1664347078434062,0.15625,1687.75,7.0456039839981095,20.648108077422897,27.497774124145508,14.020254256642147,0.9960936307907104,7.609317779541016
readout_vnc_motor_efferent,vnc_motor_efferent,readout,256,8,0.7228173540439208,0.1015625,0.3671875,4291.4609375,10.875,0.20183873560501958,0.14069568059190102,0.777601411100477,0.00390625,0.011648959412221646,0.8870507701083856,0.296875,0.5703125,2582.3671875,8.5703125,0.29419543957404565,0.207956833111265,0.635675479657948,0.00390625,0.01002468010456797,0.16423341606446484,0.1953125,1709.09375,7.031298650900316,20.661381483814836,25.03417205810547,11.437713632885085,0.9960936307907104,8.295228004455566
readout_vnc_motor_efferent,vnc_motor_efferent,readout,256,16,0.7257632565613283,0.125,0.3671875,4263.8515625,10.6875,0.19806761439340734,0.13769631498876628,0.7940527056343853,0.003907261457793889,0.012735265082858622,0.8893325727324587,0.2578125,0.59375,2591.34375,8.59375,0.29460057260617717,0.20804440648737624,0.6740194950252771,0.0039073249174463405,0.0099397616263071,0.16356931617113035,0.1328125,1672.5078125,7.139617400801229,20.782215660132977,25.003089904785156,11.422088642127987,0.99609375,8.979682922363281
readout_vnc_motor_efferent,vnc_motor_efferent,readout,256,32,0.7265666845206213,0.125,0.3671875,4273.3359375,10.0859375,0.19240674261501145,0.13388241232531595,0.7760077705606818,0.00390625,0.010350247604867944,0.8859098687963491,0.25,0.578125,2591.9140625,8.453125,0.2861524264348628,0.20085167849309213,0.6569982036016881,0.0039073249174463405,0.008286538593835994,0.1593431842757278,0.125,1681.421875,6.873096816396517,20.891210843628485,20.424222946166992,7.689477866700546,0.9960936307907104,10.952104568481445
readout_vnc_motor_efferent,vnc_motor_efferent,readout,256,64,0.7214783074450991,0.1328125,0.3515625,4258.8203125,10.484375,0.1853815687354488,0.1268419129323209,0.7892371225170791,0.003907261457793889,0.009723143772656654,0.8893325727324587,0.328125,0.5859375,2554.0390625,7.546875,0.2664087788045561,0.1877240579733361,0.6266088993288577,0.00390839983489268,0.00745132773802972,0.16785426528735958,0.1953125,1704.78125,6.889602512423194,21.323143294007263,12.7963228225708,4.641627756380602,0.9960936903953552,7.5575432777404785
