population_id,anatomical_family,population_size,train_depth,test_depth,validation_pair_accuracy,validation_top1_accuracy,validation_top3_accuracy,validation_mean_teacher_regret_cp,validation_mean_selected_teacher_rank,validation_mean_spearman,validation_mean_kendall,validation_mean_score_margin,validation_near_zero_unit_fraction,validation_saturated_unit_fraction,winner_switch_frequency_across_test_depth
readout_fan_shaped_body,fan_shaped_body,256,1,1,0.0,0.0625,0.1171875,4347.421875,15.6953125,,,0.0,1.0,0.0,0.0
readout_fan_shaped_body,fan_shaped_body,256,1,2,0.0,0.0625,0.1171875,4347.421875,15.6953125,,,0.0,0.9921875,0.0003489529388917659,0.0
readout_fan_shaped_body,fan_shaped_body,256,1,4,0.0,0.0625,0.1171875,4347.421875,15.6953125,,,0.0,0.03585011004660797,0.024527851501812532,0.0
readout_fan_shaped_body,fan_shaped_body,256,1,8,0.0,0.0625,0.1171875,4347.421875,15.6953125,,,0.0,1.0114577938891765e-06,0.017031937791299846,0.0
readout_fan_shaped_body,fan_shaped_body,256,1,16,0.0,0.0625,0.1171875,4347.421875,15.6953125,,,0.0,0.0,0.01609128204298291,0.0
readout_fan_shaped_body,fan_shaped_body,256,1,32,0.0,0.0625,0.1171875,4347.421875,15.6953125,,,0.0,1.0114577938891765e-06,0.01526694394096323,0.0
readout_fan_shaped_body,fan_shaped_body,256,1,64,0.0,0.0625,0.1171875,4347.421875,15.6953125,,,0.0,2.022915587778353e-06,0.008569070429829104,0.0
readout_fan_shaped_body,fan_shaped_body,256,2,1,0.0,0.0625,0.1171875,4347.421875,15.6953125,,,0.0,1.0,0.0,0.0
readout_fan_shaped_body,fan_shaped_body,256,2,2,0.0,0.0625,0.1171875,4347.421875,15.6953125,,,0.0,0.9921875,0.0003489529388917659,0.0
readout_fan_shaped_body,fan_shaped_body,256,2,4,0.0,0.0625,0.1171875,4347.421875,15.6953125,,,0.0,0.03585011004660797,0.024527851501812532,0.0
readout_fan_shaped_body,fan_shaped_body,256,2,8,0.0,0.0625,0.1171875,4347.421875,15.6953125,,,0.0,1.0114577938891765e-06,0.017031937791299846,0.0
readout_fan_shaped_body,fan_shaped_body,256,2,16,0.0,0.0625,0.1171875,4347.421875,15.6953125,,,0.0,0.0,0.01609128204298291,0.0
readout_fan_shaped_body,fan_shaped_body,256,2,32,0.0,0.0625,0.1171875,4347.421875,15.6953125,,,0.0,1.0114577938891765e-06,0.01526694394096323,0.0
readout_fan_shaped_body,fan_shaped_body,256,2,64,0.0,0.0625,0.1171875,4347.421875,15.6953125,,,0.0,2.022915587778353e-06,0.008569070429829104,0.0
readout_fan_shaped_body,fan_shaped_body,256,4,1,0.0,0.0625,0.1171875,4347.421875,15.6953125,,,0.0,1.0,0.0,0.4427083333333333
readout_fan_shaped_body,fan_shaped_body,256,4,2,0.0,0.0625,0.1171875,4347.421875,15.6953125,,,0.0,0.9921875,0.0003489529388917659,0.4427083333333333
readout_fan_shaped_body,fan_shaped_body,256,4,4,0.7056775575790037,0.09375,0.3125,4350.6875,13.7890625,0.20610810633184995,0.14616147163728588,0.5656666848808527,0.03585011004660797,0.024527851501812532,0.4427083333333333
readout_fan_shaped_body,fan_shaped_body,256,4,8,0.6577396893411891,0.0859375,0.21875,5137.984375,14.4609375,0.16873315458187538,0.12054889154895965,0.9387901830486953,1.0114577938891765e-06,0.017031937791299846,0.4427083333333333
readout_fan_shaped_body,fan_shaped_body,256,4,16,0.6510444563470809,0.0703125,0.2109375,5158.578125,14.7265625,0.15297574012155574,0.10845432200265925,1.2016643872484565,0.0,0.01609128204298291,0.4427083333333333
readout_fan_shaped_body,fan_shaped_body,256,4,32,0.6408677021960364,0.0703125,0.203125,4387.765625,15.1953125,0.12982619222653546,0.09119735479028715,1.5692783151753247,1.0114577938891765e-06,0.01526694394096323,0.4427083333333333
readout_fan_shaped_body,fan_shaped_body,256,4,64,0.6047134440278522,0.0390625,0.15625,5199.65625,16.6328125,0.09117933442859073,0.06318419224753324,1.935853342525661,2.022915587778353e-06,0.008569070429829104,0.4427083333333333
readout_fan_shaped_body,fan_shaped_body,256,8,1,0.0,0.0625,0.1171875,4347.421875,15.6953125,,,0.0,1.0,0.0,0.5455729166666666
readout_fan_shaped_body,fan_shaped_body,256,8,2,0.0,0.0625,0.1171875,4347.421875,15.6953125,,,0.0,0.9921875,0.0003489529388917659,0.5455729166666666
readout_fan_shaped_body,fan_shaped_body,256,8,4,0.6124799143010177,0.046875,0.15625,5137.609375,15.9609375,0.1646353622031737,0.11159719001899282,0.683098005130887,0.03585011004660797,0.024527851501812532,0.5455729166666666
readout_fan_shaped_body,fan_shaped_body,256,8,8,0.724692019282271,0.1015625,0.3359375,5102.0078125,13.2265625,0.21318100148471003,0.15177751535095463,0.507329408545047,1.0114577938891765e-06,0.017031937791299846,0.5455729166666666
readout_fan_shaped_body,fan_shaped_body,256,8,16,0.6992501339046598,0.109375,0.1953125,5136.765625,14.9296875,0.17694359605753304,0.12606964572094315,0.7014136556535959,0.0,0.01609128204298291,0.5455729166666666
readout_fan_shaped_body,fan_shaped_body,256,8,32,0.6805034815211569,0.078125,0.203125,5168.875,15.6796875,0.15103150716588315,0.10542930564837644,0.8957901084795594,1.0114577938891765e-06,0.01526694394096323,0.5455729166666666
readout_fan_shaped_body,fan_shaped_body,256,8,64,0.6373861810391002,0.046875,0.1796875,5202.1875,16.1953125,0.11872660951086209,0.08029429004240157,1.7681438531726599,2.022915587778353e-06,0.008569070429829104,0.5455729166666666
readout_fan_shaped_body,fan_shaped_body,256,16,1,0.0,0.0625,0.1171875,4347.421875,15.6953125,,,0.0,1.0,0.0,0.59765625
readout_fan_shaped_body,fan_shaped_body,256,16,2,0.0,0.0625,0.1171875,4347.421875,15.6953125,,,0.0,0.9921875,0.0003489529388917659,0.59765625
readout_fan_shaped_body,fan_shaped_body,256,16,4,0.6108730583824317,0.0390625,0.140625,5103.5546875,15.71875,0.13989540839141285,0.09271798903857773,0.703800821211189,0.03585011004660797,0.024527851501812532,0.59765625
readout_fan_shaped_body,fan_shaped_body,256,16,8,0.712372790573112,0.0859375,0.296875,5098.9296875,13.703125,0.20101206510481762,0.14173667345826924,0.5210357923060656,1.0114577938891765e-06,0.017031937791299846,0.59765625
readout_fan_shaped_body,fan_shaped_body,256,16,16,0.7265666845206213,0.1015625,0.3359375,5867.8203125,13.3671875,0.21203375841419267,0.15102818491241424,0.5196343841962516,0.0,0.01609128204298291,0.59765625
readout_fan_shaped_body,fan_shaped_body,256,16,32,0.7155865024102839,0.1171875,0.265625,4364.546875,15.65625,0.18686745301665517,0.13250791584899113,0.46987735014408827,1.0114577938891765e-06,0.01526694394096323,0.59765625
readout_fan_shaped_body,fan_shaped_body,256,16,64,0.6665773968934119,0.0546875,0.1953125,4397.0703125,15.28125,0.1475073448693869,0.1033583557221383,1.3295010020956397,2.022915587778353e-06,0.008569070429829104,0.59765625
readout_fan_shaped_body,fan_shaped_body,256,32,1,0.0,0.0625,0.1171875,4347.421875,15.6953125,,,0.0,1.0,0.0,0.5416666666666666
readout_fan_shaped_body,fan_shaped_body,256,32,2,0.0,0.0625,0.1171875,4347.421875,15.6953125,,,0.0,0.9921875,0.0003489529388917659,0.5416666666666666
readout_fan_shaped_body,fan_shaped_body,256,32,4,0.611944295661489,0.03125,0.125,5105.953125,15.71875,0.1365995672450579,0.09143163622932012,0.5993400323204696,0.03585011004660797,0.024527851501812532,0.5416666666666666
readout_fan_shaped_body,fan_shaped_body,256,32,8,0.7029994643813605,0.09375,0.28125,5084.6640625,12.6875,0.19981850397537332,0.14132510268915835,0.6937607852742076,1.0114577938891765e-06,0.017031937791299846,0.5416666666666666
readout_fan_shaped_body,fan_shaped_body,256,32,16,0.7252276379217997,0.1015625,0.375,5879.328125,13.640625,0.21210952477337264,0.15193568933989332,0.6564693222753704,0.0,0.01609128204298291,0.5416666666666666
readout_fan_shaped_body,fan_shaped_body,256,32,32,0.7308516336368506,0.1171875,0.3515625,5858.0703125,13.2109375,0.21323564681749685,0.15174218067674444,0.5062292022630572,1.0114577938891765e-06,0.01526694394096323,0.5416666666666666
readout_fan_shaped_body,fan_shaped_body,256,32,64,0.6778253883235137,0.046875,0.1796875,3629.4296875,15.484375,0.17019178181960748,0.12051932292404116,0.9732961654663086,2.022915587778353e-06,0.008569070429829104,0.5416666666666666
readout_fan_shaped_body,fan_shaped_body,256,64,1,0.0,0.0625,0.1171875,4347.421875,15.6953125,,,0.0,1.0,0.0,0.4283854166666667
readout_fan_shaped_body,fan_shaped_body,256,64,2,0.0,0.0625,0.1171875,4347.421875,15.6953125,,,0.0,0.9921875,0.0003489529388917659,0.4283854166666667
readout_fan_shaped_body,fan_shaped_body,256,64,4,0.6207820032137118,0.0625,0.171875,5147.28125,14.953125,0.15917393407674485,0.11053414144021809,0.7484386702999473,0.03585011004660797,0.024527851501812532,0.4283854166666667
readout_fan_shaped_body,fan_shaped_body,256,64,8,0.6933583288698447,0.078125,0.2578125,5154.328125,15.75,0.1784509544357083,0.12525978108853575,1.3753291498869658,1.0114577938891765e-06,0.017031937791299846,0.4283854166666667
readout_fan_shaped_body,fan_shaped_body,256,64,16,0.6917514729512587,0.078125,0.2421875,5153.890625,15.1796875,0.17914175523037246,0.12787868434854757,1.3271345952525735,0.0,0.01609128204298291,0.4283854166666667
readout_fan_shaped_body,fan_shaped_body,256,64,32,0.7040707016604177,0.0703125,0.3046875,5168.1484375,15.546875,0.1939562051655731,0.13764705056358922,1.1462769848294556,1.0114577938891765e-06,0.01526694394096323,0.4283854166666667
readout_fan_shaped_body,fan_shaped_body,256,64,64,0.7150508837707552,0.0859375,0.265625,5104.671875,13.4609375,0.19782653280406054,0.13944957147114767,0.4332006031181663,2.022915587778353e-06,0.008569070429829104,0.4283854166666667
readout_hdelta_family,hdelta_family,189,1,1,0.0,0.0625,0.1171875,4347.421875,15.6953125,,,0.0,1.0,0.0,0.0
readout_hdelta_family,hdelta_family,189,1,2,0.0,0.0625,0.1171875,4347.421875,15.6953125,,,0.0,1.0,0.0,0.0
readout_hdelta_family,hdelta_family,189,1,4,0.0,0.0625,0.1171875,4347.421875,15.6953125,,,0.0,0.20246794845448393,0.020710545568132312,0.0
readout_hdelta_family,hdelta_family,189,1,8,0.0,0.0625,0.1171875,4347.421875,15.6953125,,,0.0,0.0,0.017149871629415905,0.0
readout_hdelta_family,hdelta_family,189,1,16,0.0,0.0625,0.1171875,4347.421875,15.6953125,,,0.0,0.0,0.019863875120218984,0.0
readout_hdelta_family,hdelta_family,189,1,32,0.0,0.0625,0.1171875,4347.421875,15.6953125,,,0.0,0.0,0.018245885154222805,0.0
readout_hdelta_family,hdelta_family,189,1,64,0.0,0.0625,0.1171875,4347.421875,15.6953125,,,0.0,0.0,0.005315665595313446,0.0
readout_hdelta_family,hdelta_family,189,2,1,0.0,0.0625,0.1171875,4347.421875,15.6953125,,,0.0,1.0,0.0,0.0
readout_hdelta_family,hdelta_family,189,2,2,0.0,0.0625,0.1171875,4347.421875,15.6953125,,,0.0,1.0,0.0,0.0
readout_hdelta_family,hdelta_family,189,2,4,0.0,0.0625,0.1171875,4347.421875,15.6953125,,,0.0,0.20246794845448393,0.020710545568132312,0.0
readout_hdelta_family,hdelta_family,189,2,8,0.0,0.0625,0.1171875,4347.421875,15.6953125,,,0.0,0.0,0.017149871629415905,0.0
readout_hdelta_family,hdelta_family,189,2,16,0.0,0.0625,0.1171875,4347.421875,15.6953125,,,0.0,0.0,0.019863875120218984,0.0
readout_hdelta_family,hdelta_family,189,2,32,0.0,0.0625,0.1171875,4347.421875,15.6953125,,,0.0,0.0,0.018245885154222805,0.0
readout_hdelta_family,hdelta_family,189,2,64,0.0,0.0625,0.1171875,4347.421875,15.6953125,,,0.0,0.0,0.005315665595313446,0.0
readout_hdelta_family,hdelta_family,189,4,1,0.0,0.0625,0.1171875,4347.421875,15.6953125,,,0.0,1.0,0.0,0.4778645833333333
readout_hdelta_family,hdelta_family,189,4,2,0.0,0.0625,0.1171875,4347.421875,15.6953125,,,0.0,1.0,0.0,0.4778645833333333
readout_hdelta_family,hdelta_family,189,4,4,0.6547937868237814,0.0390625,0.171875,4334.0078125,13.0078125,0.13623291066530308,0.09546517617780703,0.24747044662944973,0.20246794845448393,0.020710545568132312,0.4778645833333333
readout_hdelta_family,hdelta_family,189,4,8,0.5385645420460632,0.03125,0.15625,4415.1484375,16.875,0.024565351578521327,0.015930865572514864,1.5641896210727282,0.0,0.017149871629415905,0.4778645833333333
readout_hdelta_family,hdelta_family,189,4,16,0.5227637921799678,0.0234375,0.140625,5164.1953125,15.0390625,0.01922618069321583,0.010783408627757908,1.8338040669914335,0.0,0.019863875120218984,0.4778645833333333
readout_hdelta_family,hdelta_family,189,4,32,0.549812533476165,0.0234375,0.1484375,5163.2734375,15.8828125,0.04065714353698611,0.026570482073965493,2.0677999816834927,0.0,0.018245885154222805,0.4778645833333333
readout_hdelta_family,hdelta_family,189,4,64,0.578468130690948,0.0625,0.1875,4377.9375,14.984375,0.04207672990043275,0.027752510772226305,1.3904433015268296,0.0,0.005315665595313446,0.4778645833333333
readout_hdelta_family,hdelta_family,189,8,1,0.0,0.0625,0.1171875,4347.421875,15.6953125,,,0.0,1.0,0.0,0.4231770833333333
readout_hdelta_family,hdelta_family,189,8,2,0.0,0.0625,0.1171875,4347.421875,15.6953125,,,0.0,1.0,0.0,0.4231770833333333
readout_hdelta_family,hdelta_family,189,8,4,0.5294590251740761,0.015625,0.0859375,3583.8984375,16.9921875,0.0080018840070947,0.007522167464829725,0.6986590279848315,0.20246794845448393,0.020710545568132312,0.4231770833333333
readout_hdelta_family,hdelta_family,189,8,8,0.6794322442420996,0.0625,0.265625,5113.6640625,13.7890625,0.16111497569456892,0.1138460228909171,0.4724407237954438,0.0,0.017149871629415905,0.4231770833333333
readout_hdelta_family,hdelta_family,189,8,16,0.6855918585966791,0.0703125,0.2578125,5145.2109375,14.1171875,0.15362866009191953,0.1056681620970569,0.7401424538111314,0.0,0.019863875120218984,0.4231770833333333
readout_hdelta_family,hdelta_family,189,8,32,0.6946973754686663,0.0859375,0.2578125,5122.828125,13.8359375,0.17823402952002243,0.1242123751865569,0.7345406978856772,0.0,0.018245885154222805,0.4231770833333333
readout_hdelta_family,hdelta_family,189,8,64,0.6397964649169791,0.03125,0.15625,5166.203125,16.4296875,0.11865173757599837,0.08077658593411706,0.9201035571168177,0.0,0.005315665595313446,0.4231770833333333
readout_hdelta_family,hdelta_family,189,16,1,0.0,0.0625,0.1171875,4347.421875,15.6953125,,,0.0,1.0,0.0,0.4765625
readout_hdelta_family,hdelta_family,189,16,2,0.0,0.0625,0.1171875,4347.421875,15.6953125,,,0.0,1.0,0.0,0.4765625
readout_hdelta_family,hdelta_family,189,16,4,0.5725763256561328,0.03125,0.1796875,3600.0859375,16.5546875,0.06617480334009333,0.04859596136597198,0.5149241395411082,0.20246794845448393,0.020710545568132312,0.4765625
readout_hdelta_family,hdelta_family,189,16,8,0.6614890198178897,0.0390625,0.21875,4341.0859375,13.6171875,0.15933131609008291,0.11213246351527231,0.44372974522411823,0.0,0.017149871629415905,0.4765625
readout_hdelta_family,hdelta_family,189,16,16,0.695232994108195,0.078125,0.28125,5119.625,13.5390625,0.17103819819159588,0.11857861225072769,0.5355680899228901,0.0,0.019863875120218984,0.4765625
readout_hdelta_family,hdelta_family,189,16,32,0.7021960364220675,0.09375,0.265625,4321.0234375,12.9140625,0.1877509082400442,0.13122718362608898,0.5616294302744791,0.0,0.018245885154222805,0.4765625
readout_hdelta_family,hdelta_family,189,16,64,0.6534547402249599,0.03125,0.2109375,5142.0625,15.1328125,0.15357030070610853,0.10993905892002333,1.0133348080562428,0.0,0.005315665595313446,0.4765625
readout_hdelta_family,hdelta_family,189,32,1,0.0,0.0625,0.1171875,4347.421875,15.6953125,,,0.0,1.0,0.0,0.4934895833333333
readout_hdelta_family,hdelta_family,189,32,2,0.0,0.0625,0.1171875,4347.421875,15.6953125,,,0.0,1.0,0.0,0.4934895833333333
readout_hdelta_family,hdelta_family,189,32,4,0.5731119442956615,0.03125,0.1640625,3584.7421875,16.1640625,0.05864705285782254,0.04305423118750065,0.5435158064356074,0.20246794845448393,0.020710545568132312,0.4934895833333333
readout_hdelta_family,hdelta_family,189,32,8,0.6526513122656669,0.03125,0.21875,4372.21875,14.9140625,0.15609206549921764,0.11022288077863687,0.6450568942818791,0.0,0.017149871629415905,0.4934895833333333
readout_hdelta_family,hdelta_family,189,32,16,0.66336368505624,0.0390625,0.21875,5141.1640625,14.6484375,0.1536016795213121,0.1076914609724218,0.610368023859337,0.0,0.019863875120218984,0.4934895833333333
readout_hdelta_family,hdelta_family,189,32,32,0.7003213711837172,0.0859375,0.28125,5135.3203125,14.1484375,0.1757905465144176,0.12180965086987033,0.5155761643545702,0.0,0.018245885154222805,0.4934895833333333
readout_hdelta_family,hdelta_family,189,32,64,0.6805034815211569,0.0703125,0.2421875,4331.984375,14.6953125,0.17110237780401685,0.12365062240906426,1.0136402015341446,0.0,0.005315665595313446,0.4934895833333333
readout_hdelta_family,hdelta_family,189,64,1,0.0,0.0625,0.1171875,4347.421875,15.6953125,,,0.0,1.0,0.0,0.5078125
readout_hdelta_family,hdelta_family,189,64,2,0.0,0.0625,0.1171875,4347.421875,15.6953125,,,0.0,1.0,0.0,0.5078125
readout_hdelta_family,hdelta_family,189,64,4,0.5281199785752544,0.0078125,0.0703125,5157.3125,16.578125,0.0022278130938723365,0.0009242835658999247,1.2341542923823,0.20246794845448393,0.020710545568132312,0.5078125
readout_hdelta_family,hdelta_family,189,64,8,0.5707016604177826,0.03125,0.0859375,5171.140625,15.6953125,0.06723614998377574,0.04307763160032071,0.8537325349170715,0.0,0.017149871629415905,0.5078125
readout_hdelta_family,hdelta_family,189,64,16,0.5712372790573111,0.015625,0.0625,5174.8515625,16.59375,0.07303932361872698,0.04571038572791744,1.0537137505598366,0.0,0.019863875120218984,0.5078125
readout_hdelta_family,hdelta_family,189,64,32,0.6039100160685592,0.015625,0.09375,5216.015625,17.65625,0.08280010481199676,0.05487766556041961,0.75473737786524,0.0,0.018245885154222805,0.5078125
readout_hdelta_family,hdelta_family,189,64,64,0.688805570433851,0.0625,0.234375,5129.4609375,13.9609375,0.15994112413435863,0.10836997534582436,0.5285894412081689,0.0,0.005315665595313446,0.5078125
readout_pfn,pfn,256,1,1,0.0,0.0625,0.1171875,4347.421875,15.6953125,,,0.0,1.0,0.0,0.0
readout_pfn,pfn,256,1,2,0.0,0.0625,0.1171875,4347.421875,15.6953125,,,0.0,1.0,0.0,0.0
readout_pfn,pfn,256,1,4,0.0,0.0625,0.1171875,4347.421875,15.6953125,,,0.0,0.0,0.034082081822889694,0.0
readout_pfn,pfn,256,1,8,0.0,0.0625,0.1171875,4347.421875,15.6953125,,,0.0,3.0343733816675297e-06,0.030003883997928534,0.0
readout_pfn,pfn,256,1,16,0.0,0.0625,0.1171875,4347.421875,15.6953125,,,0.0,0.0,0.02933227602278612,0.0
readout_pfn,pfn,256,1,32,0.0,0.0625,0.1171875,4347.421875,15.6953125,,,0.0,0.0,0.02951433842568617,0.0
readout_pfn,pfn,256,1,64,0.0,0.0625,0.1171875,4347.421875,15.6953125,,,0.0,0.0,0.02813167562143967,0.0
readout_pfn,pfn,256,2,1,0.0,0.0625,0.1171875,4347.421875,15.6953125,,,0.0,1.0,0.0,0.0
readout_pfn,pfn,256,2,2,0.0,0.0625,0.1171875,4347.421875,15.6953125,,,0.0,1.0,0.0,0.0
readout_pfn,pfn,256,2,4,0.0,0.0625,0.1171875,4347.421875,15.6953125,,,0.0,0.0,0.034082081822889694,0.0
readout_pfn,pfn,256,2,8,0.0,0.0625,0.1171875,4347.421875,15.6953125,,,0.0,3.0343733816675297e-06,0.030003883997928534,0.0
readout_pfn,pfn,256,2,16,0.0,0.0625,0.1171875,4347.421875,15.6953125,,,0.0,0.0,0.02933227602278612,0.0
readout_pfn,pfn,256,2,32,0.0,0.0625,0.1171875,4347.421875,15.6953125,,,0.0,0.0,0.02951433842568617,0.0
readout_pfn,pfn,256,2,64,0.0,0.0625,0.1171875,4347.421875,15.6953125,,,0.0,0.0,0.02813167562143967,0.0
readout_pfn,pfn,256,4,1,0.0,0.0625,0.1171875,4347.421875,15.6953125,,,0.0,1.0,0.0,0.3802083333333333
readout_pfn,pfn,256,4,2,0.0,0.0625,0.1171875,4347.421875,15.6953125,,,0.0,1.0,0.0,0.3802083333333333
readout_pfn,pfn,256,4,4,0.6087305838243171,0.0546875,0.15625,3555.6953125,12.390625,0.11440102255890994,0.07900758272308764,0.2512856014072895,0.0,0.034082081822889694,0.3802083333333333
readout_pfn,pfn,256,4,8,0.531869309051955,0.0234375,0.125,5936.5859375,16.7265625,0.025589229730637743,0.020668420132493426,0.6329006149899215,3.0343733816675297e-06,0.030003883997928534,0.3802083333333333
readout_pfn,pfn,256,4,16,0.5401713979646492,0.015625,0.1171875,5952.9375,17.078125,0.029995193540853914,0.024814588805942377,1.0891468655318022,0.0,0.02933227602278612,0.3802083333333333
readout_pfn,pfn,256,4,32,0.5313336904124264,0.015625,0.1015625,5963.0703125,17.5234375,0.02605393643879044,0.021085585259188404,1.2752365231281146,0.0,0.02951433842568617,0.3802083333333333
readout_pfn,pfn,256,4,64,0.5080342795929298,0.015625,0.09375,5971.578125,17.921875,0.008276715195852338,0.00852954518938034,1.2459351404104382,0.0,0.02813167562143967,0.3802083333333333
readout_pfn,pfn,256,8,1,0.0,0.0625,0.1171875,4347.421875,15.6953125,,,0.0,1.0,0.0,0.3828125
readout_pfn,pfn,256,8,2,0.0,0.0625,0.1171875,4347.421875,15.6953125,,,0.0,1.0,0.0,0.3828125
readout_pfn,pfn,256,8,4,0.548205677557579,0.078125,0.1328125,4350.765625,12.7578125,0.08427739628320073,0.05632491335659051,0.5612748125568032,0.0,0.034082081822889694,0.3828125
readout_pfn,pfn,256,8,8,0.6360471344402785,0.0859375,0.2265625,4372.0859375,13.734375,0.1243001198161464,0.08528880006445187,0.4490629935171455,3.0343733816675297e-06,0.030003883997928534,0.3828125
readout_pfn,pfn,256,8,16,0.6202463845741831,0.046875,0.1953125,4378.40625,14.5234375,0.11184440678821078,0.07661478340294124,0.6617986855562776,0.0,0.02933227602278612,0.3828125
readout_pfn,pfn,256,8,32,0.6076593465452598,0.0546875,0.1875,4376.125,14.6640625,0.10339018659959612,0.0711156461124833,0.7863573585636914,0.0,0.02951433842568617,0.3828125
readout_pfn,pfn,256,8,64,0.6028387787895019,0.03125,0.1796875,4392.6171875,15.8125,0.09514400887303821,0.06518838153036154,0.779490802437067,0.0,0.02813167562143967,0.3828125
readout_pfn,pfn,256,16,1,0.0,0.0625,0.1171875,4347.421875,15.6953125,,,0.0,1.0,0.0,0.3828125
readout_pfn,pfn,256,16,2,0.0,0.0625,0.1171875,4347.421875,15.6953125,,,0.0,1.0,0.0,0.3828125
readout_pfn,pfn,256,16,4,0.5615961435457953,0.0703125,0.15625,4345.71875,12.28125,0.0976575864661133,0.06426774522198214,0.5882550813257694,0.0,0.034082081822889694,0.3828125
readout_pfn,pfn,256,16,8,0.6355115158007498,0.0703125,0.203125,4340.796875,13.46875,0.11752722737155996,0.07977038526595549,0.3656071713194251,3.0343733816675297e-06,0.030003883997928534,0.3828125
readout_pfn,pfn,256,16,16,0.6355115158007498,0.0546875,0.2265625,4352.65625,13.171875,0.12369111558795545,0.08391758656906094,0.4386564400047064,0.0,0.02933227602278612,0.3828125
readout_pfn,pfn,256,16,32,0.6245313336904125,0.0625,0.203125,4362.484375,13.7421875,0.11477055261954021,0.07865761476608651,0.5283504519611597,0.0,0.02951433842568617,0.3828125
readout_pfn,pfn,256,16,64,0.6194429566148902,0.0625,0.2109375,4372.4375,14.0,0.11389080796896703,0.07766633908959146,0.5761633575893939,0.0,0.02813167562143967,0.3828125
readout_pfn,pfn,256,32,1,0.0,0.0625,0.1171875,4347.421875,15.6953125,,,0.0,1.0,0.0,0.3684895833333333
readout_pfn,pfn,256,32,2,0.0,0.0625,0.1171875,4347.421875,15.6953125,,,0.0,1.0,0.0,0.3684895833333333
readout_pfn,pfn,256,32,4,0.5573111944295661,0.0703125,0.1484375,4340.8125,12.1953125,0.1027349455227998,0.06870101760579392,0.5440084328874946,0.0,0.034082081822889694,0.3684895833333333
readout_pfn,pfn,256,32,8,0.6387252276379218,0.0703125,0.2109375,3571.203125,13.671875,0.11297009816671391,0.07661931977254342,0.4073988851159811,3.0343733816675297e-06,0.030003883997928534,0.3684895833333333
readout_pfn,pfn,256,32,16,0.6464916979110873,0.0703125,0.25,4347.28125,13.453125,0.11892361887443637,0.0802174014763298,0.41581042343750596,0.0,0.02933227602278612,0.3684895833333333
readout_pfn,pfn,256,32,32,0.6376539903588645,0.0546875,0.2265625,4349.3515625,13.296875,0.11905122505139412,0.08035108009746753,0.43795002391561866,0.0,0.02951433842568617,0.3684895833333333
readout_pfn,pfn,256,32,64,0.6432779860739154,0.0625,0.25,4328.7578125,12.0,0.13036837700702036,0.08874836564197344,0.45866669341921806,0.0,0.02813167562143967,0.3684895833333333
readout_pfn,pfn,256,64,1,0.0,0.0625,0.1171875,4347.421875,15.6953125,,,0.0,1.0,0.0,0.359375
readout_pfn,pfn,256,64,2,0.0,0.0625,0.1171875,4347.421875,15.6953125,,,0.0,1.0,0.0,0.359375
readout_pfn,pfn,256,64,4,0.5519550080342795,0.0703125,0.1484375,4360.5078125,13.125,0.09805708510613627,0.06461141206789786,0.4435193070676178,0.0,0.034082081822889694,0.359375
readout_pfn,pfn,256,64,8,0.6392608462774505,0.0625,0.1875,3576.0546875,13.8828125,0.10395757910482847,0.06953048802240831,0.42505130055360496,3.0343733816675297e-06,0.030003883997928534,0.359375
readout_pfn,pfn,256,64,16,0.6389930369576862,0.0703125,0.203125,3575.359375,14.0390625,0.10470201908288276,0.07082958689942416,0.4375796737149358,0.0,0.02933227602278612,0.359375
readout_pfn,pfn,256,64,32,0.6368505623995715,0.0625,0.203125,4354.1171875,13.7734375,0.10981559980593404,0.07398958227741909,0.4303487194702029,0.0,0.02951433842568617,0.359375
readout_pfn,pfn,256,64,64,0.6550615961435458,0.0546875,0.234375,4359.765625,13.09375,0.12933457119503522,0.08727863306872048,0.43876859126612544,0.0,0.02813167562143967,0.359375
readout_pfr,pfr,44,1,1,0.0,0.0625,0.1171875,4347.421875,15.6953125,,,0.0,1.0,0.0,0.0
readout_pfr,pfr,44,1,2,0.0,0.0625,0.1171875,4347.421875,15.6953125,,,0.0,1.0,0.0,0.0
readout_pfr,pfr,44,1,4,0.0,0.0625,0.1171875,4347.421875,15.6953125,,,0.0,0.036933289393154746,0.04397156442728685,0.0
readout_pfr,pfr,44,1,8,0.0,0.0625,0.1171875,4347.421875,15.6953125,,,0.0,0.0,0.008450637917235534,0.0
readout_pfr,pfr,44,1,16,0.0,0.0625,0.1171875,4347.421875,15.6953125,,,0.0,0.0,0.007673838331528647,0.0
readout_pfr,pfr,44,1,32,0.0,0.0625,0.1171875,4347.421875,15.6953125,,,0.0,0.0,0.00929217080175133,0.0
readout_pfr,pfr,44,1,64,0.0,0.0625,0.1171875,4347.421875,15.6953125,,,0.0,0.0,0.0077856503931076695,0.0
readout_pfr,pfr,44,2,1,0.0,0.0625,0.1171875,4347.421875,15.6953125,,,0.0,1.0,0.0,0.0
readout_pfr,pfr,44,2,2,0.0,0.0625,0.1171875,4347.421875,15.6953125,,,0.0,1.0,0.0,0.0
readout_pfr,pfr,44,2,4,0.0,0.0625,0.1171875,4347.421875,15.6953125,,,0.0,0.036933289393154746,0.04397156442728685,0.0
readout_pfr,pfr,44,2,8,0.0,0.0625,0.1171875,4347.421875,15.6953125,,,0.0,0.0,0.008450637917235534,0.0
readout_pfr,pfr,44,2,16,0.0,0.0625,0.1171875,4347.421875,15.6953125,,,0.0,0.0,0.007673838331528647,0.0
readout_pfr,pfr,44,2,32,0.0,0.0625,0.1171875,4347.421875,15.6953125,,,0.0,0.0,0.00929217080175133,0.0
readout_pfr,pfr,44,2,64,0.0,0.0625,0.1171875,4347.421875,15.6953125,,,0.0,0.0,0.0077856503931076695,0.0
readout_pfr,pfr,44,4,1,0.0,0.0625,0.1171875,4347.421875,15.6953125,,,0.0,1.0,0.0,0.3815104166666667
readout_pfr,pfr,44,4,2,0.0,0.0625,0.1171875,4347.421875,15.6953125,,,0.0,1.0,0.0,0.3815104166666667
readout_pfr,pfr,44,4,4,0.6242635243706481,0.125,0.28125,4257.96875,11.828125,0.12620207221073312,0.08510614152106255,0.5192242949269712,0.036933289393154746,0.04397156442728685,0.3815104166666667
readout_pfr,pfr,44,4,8,0.5530262453133369,0.0546875,0.1640625,4366.1953125,16.5703125,0.011044796242452866,0.003165368869597812,0.8699843304930255,0.0,0.008450637917235534,0.3815104166666667
readout_pfr,pfr,44,4,16,0.5715050883770755,0.0546875,0.1328125,4365.5234375,16.34375,0.033597697267608265,0.018541440889806526,0.816598768462427,0.0,0.007673838331528647,0.3815104166666667
readout_pfr,pfr,44,4,32,0.577664702731655,0.0703125,0.140625,4357.359375,15.8203125,0.038977563570258826,0.02264363947698353,0.767425071913749,0.0,0.00929217080175133,0.3815104166666667
readout_pfr,pfr,44,4,64,0.5779325120514194,0.078125,0.109375,4375.2890625,16.34375,0.053430563034216214,0.03382319035679106,0.5247189057990909,0.0,0.0077856503931076695,0.3815104166666667
readout_pfr,pfr,44,8,1,0.0,0.0625,0.1171875,4347.421875,15.6953125,,,0.0,1.0,0.0,0.4466145833333333
readout_pfr,pfr,44,8,2,0.0,0.0625,0.1171875,4347.421875,15.6953125,,,0.0,1.0,0.0,0.4466145833333333
readout_pfr,pfr,44,8,4,0.5682913765399036,0.0546875,0.15625,4335.890625,13.9296875,0.08509829901132518,0.055436496651622924,0.47066139429807663,0.036933289393154746,0.04397156442728685,0.4466145833333333
readout_pfr,pfr,44,8,8,0.648634172469202,0.109375,0.265625,5134.2890625,14.3203125,0.1261929723003042,0.08557417952989119,0.34593765903264284,0.0,0.008450637917235534,0.4466145833333333
readout_pfr,pfr,44,8,16,0.6585431173004821,0.1171875,0.3125,5117.1015625,13.203125,0.1324787834420436,0.09307978662863345,0.2862528911791742,0.0,0.007673838331528647,0.4466145833333333
readout_pfr,pfr,44,8,32,0.6553294054633101,0.1171875,0.3046875,5129.546875,13.859375,0.12189380453482937,0.08603278500438458,0.2628186416113749,0.0,0.00929217080175133,0.4466145833333333
readout_pfr,pfr,44,8,64,0.6060524906266738,0.0390625,0.1796875,5141.578125,15.2578125,0.06046997158097331,0.03914574622919381,0.2950843416620046,0.0,0.0077856503931076695,0.4466145833333333
readout_pfr,pfr,44,16,1,0.0,0.0625,0.1171875,4347.421875,15.6953125,,,0.0,1.0,0.0,0.3919270833333333
readout_pfr,pfr,44,16,2,0.0,0.0625,0.1171875,4347.421875,15.6953125,,,0.0,1.0,0.0,0.3919270833333333
readout_pfr,pfr,44,16,4,0.5540974825923942,0.0546875,0.140625,4310.1484375,13.765625,0.08082087201419155,0.0522087213433273,0.43472673324868083,0.036933289393154746,0.04397156442728685,0.3919270833333333
readout_pfr,pfr,44,16,8,0.647027316550616,0.1015625,0.2421875,5109.6640625,13.8359375,0.12581140039543792,0.08542058309960643,0.3289454614277929,0.0,0.008450637917235534,0.3919270833333333
readout_pfr,pfr,44,16,16,0.6628280664167113,0.09375,0.328125,5111.1328125,13.4375,0.1348723648110198,0.09219210522523674,0.29679757659323514,0.0,0.007673838331528647,0.3919270833333333
readout_pfr,pfr,44,16,32,0.6692554900910551,0.109375,0.3359375,5117.515625,13.5703125,0.1337756421846445,0.09148259436791417,0.2925320263020694,0.0,0.00929217080175133,0.3919270833333333
readout_pfr,pfr,44,16,64,0.6472951258703803,0.0859375,0.296875,5110.8671875,13.7734375,0.11037965167984432,0.07379278011575721,0.1976324977586046,0.0,0.0077856503931076695,0.3919270833333333
readout_pfr,pfr,44,32,1,0.0,0.0625,0.1171875,4347.421875,15.6953125,,,0.0,1.0,0.0,0.3958333333333333
readout_pfr,pfr,44,32,2,0.0,0.0625,0.1171875,4347.421875,15.6953125,,,0.0,1.0,0.0,0.3958333333333333
readout_pfr,pfr,44,32,4,0.5457953936797001,0.0390625,0.1328125,4336.9765625,14.5703125,0.07295524314718904,0.047454941328730744,0.4161881108302623,0.036933289393154746,0.04397156442728685,0.3958333333333333
readout_pfr,pfr,44,32,8,0.6456882699517943,0.109375,0.25,4334.796875,13.7265625,0.12971522448950656,0.08916526201139377,0.31087078317068517,0.0,0.008450637917235534,0.3958333333333333
readout_pfr,pfr,44,32,16,0.6644349223352972,0.109375,0.3125,5108.1171875,13.0625,0.13623177081749427,0.09386363803566423,0.2878581352997571,0.0,0.007673838331528647,0.3958333333333333
readout_pfr,pfr,44,32,32,0.6713979646491698,0.1171875,0.3203125,5112.8046875,13.1875,0.14340395123943922,0.09765650988474336,0.2765367382671684,0.0,0.00929217080175133,0.3958333333333333
readout_pfr,pfr,44,32,64,0.661756829137654,0.09375,0.2890625,5122.4921875,13.7578125,0.1369804820756046,0.09447884448396435,0.16003391600679606,0.0,0.0077856503931076695,0.3958333333333333
readout_pfr,pfr,44,64,1,0.0,0.0625,0.1171875,4347.421875,15.6953125,,,0.0,1.0,0.0,0.3971354166666667
readout_pfr,pfr,44,64,2,0.0,0.0625,0.1171875,4347.421875,15.6953125,,,0.0,1.0,0.0,0.3971354166666667
readout_pfr,pfr,44,64,4,0.5757900374933048,0.0390625,0.125,4356.2421875,14.9765625,0.08671398839381622,0.05663860634993098,0.4062766577117145,0.036933289393154746,0.04397156442728685,0.3971354166666667
readout_pfr,pfr,44,64,8,0.6384574183181575,0.109375,0.2421875,4335.078125,13.7578125,0.12033306702492888,0.08156905069893199,0.3047433540923521,0.0,0.008450637917235534,0.3971354166666667
readout_pfr,pfr,44,64,16,0.6596143545795393,0.1015625,0.2890625,5121.8984375,13.6484375,0.1309939581397246,0.08809838404880346,0.31323935638647527,0.0,0.007673838331528647,0.3971354166666667
readout_pfr,pfr,44,64,32,0.6700589180503481,0.1171875,0.296875,5110.34375,13.296875,0.1301807574946383,0.08824967671240887,0.3082308310549706,0.0,0.00929217080175133,0.3971354166666667
readout_pfr,pfr,44,64,64,0.6638993036957687,0.078125,0.28125,5125.5625,14.34375,0.12800784059390144,0.08741255859165073,0.16934814548585564,0.0,0.0077856503931076695,0.3971354166666667
readout_pfl,pfl,52,1,1,0.0,0.0625,0.1171875,4347.421875,15.6953125,,,0.0,1.0,0.0,0.0
readout_pfl,pfl,52,1,2,0.0,0.0625,0.1171875,4347.421875,15.6953125,,,0.0,1.0,0.0,0.0
readout_pfl,pfl,52,1,4,0.0,0.0625,0.1171875,4347.421875,15.6953125,,,0.0,0.0,0.02539537107118671,0.0
readout_pfl,pfl,52,1,8,0.0,0.0625,0.1171875,4347.421875,15.6953125,,,0.0,0.0,0.02436959725929172,0.0
readout_pfl,pfl,52,1,16,0.0,0.0625,0.1171875,4347.421875,15.6953125,,,0.0,0.0,0.024733099629526353,0.0
readout_pfl,pfl,52,1,32,0.0,0.0625,0.1171875,4347.421875,15.6953125,,,0.0,0.0,0.024289925506911524,0.0
readout_pfl,pfl,52,1,64,0.0,0.0625,0.1171875,4347.421875,15.6953125,,,0.0,0.0,0.013932597697486357,0.0
readout_pfl,pfl,52,2,1,0.0,0.0625,0.1171875,4347.421875,15.6953125,,,0.0,1.0,0.0,0.0
readout_pfl,pfl,52,2,2,0.0,0.0625,0.1171875,4347.421875,15.6953125,,,0.0,1.0,0.0,0.0
readout_pfl,pfl,52,2,4,0.0,0.0625,0.1171875,4347.421875,15.6953125,,,0.0,0.0,0.02539537107118671,0.0
readout_pfl,pfl,52,2,8,0.0,0.0625,0.1171875,4347.421875,15.6953125,,,0.0,0.0,0.02436959725929172,0.0
readout_pfl,pfl,52,2,16,0.0,0.0625,0.1171875,4347.421875,15.6953125,,,0.0,0.0,0.024733099629526353,0.0
readout_pfl,pfl,52,2,32,0.0,0.0625,0.1171875,4347.421875,15.6953125,,,0.0,0.0,0.024289925506911524,0.0
readout_pfl,pfl,52,2,64,0.0,0.0625,0.1171875,4347.421875,15.6953125,,,0.0,0.0,0.013932597697486357,0.0
readout_pfl,pfl,52,4,1,0.0,0.0625,0.1171875,4347.421875,15.6953125,,,0.0,1.0,0.0,0.3932291666666667
readout_pfl,pfl,52,4,2,0.0,0.0625,0.1171875,4347.421875,15.6953125,,,0.0,1.0,0.0,0.3932291666666667
readout_pfl,pfl,52,4,4,0.644617032672737,0.109375,0.25,5065.1484375,12.53125,0.14927383554234186,0.10664526327649451,0.4747468032874167,0.0,0.02539537107118671,0.3932291666666667
readout_pfl,pfl,52,4,8,0.611140867702196,0.0234375,0.0859375,5122.375,13.828125,0.10392274766669687,0.06992938407135342,0.270608879160136,0.0,0.02436959725929172,0.3932291666666667
readout_pfl,pfl,52,4,16,0.6114086770219603,0.015625,0.109375,5129.375,14.5234375,0.09272678355836726,0.06153168784778321,0.27951172506436706,0.0,0.024733099629526353,0.3932291666666667
readout_pfl,pfl,52,4,32,0.6170326727370112,0.015625,0.1171875,5133.1640625,14.7265625,0.09367213491481644,0.06238218709456192,0.28757403779309243,0.0,0.024289925506911524,0.3932291666666667
readout_pfl,pfl,52,4,64,0.5883770755222282,0.03125,0.1328125,5916.3203125,14.9609375,0.07126129243131842,0.04671049214252557,0.3062608545878902,0.0,0.013932597697486357,0.3932291666666667
readout_pfl,pfl,52,8,1,0.0,0.0625,0.1171875,4347.421875,15.6953125,,,0.0,1.0,0.0,0.4453125
readout_pfl,pfl,52,8,2,0.0,0.0625,0.1171875,4347.421875,15.6953125,,,0.0,1.0,0.0,0.4453125
readout_pfl,pfl,52,8,4,0.5294590251740761,0.046875,0.1484375,5126.0625,14.4375,0.023808132259221022,0.01470300740814796,0.7877109518740326,0.0,0.02539537107118671,0.4453125
readout_pfl,pfl,52,8,8,0.6580074986609534,0.09375,0.2890625,5071.1171875,12.328125,0.15777224143880472,0.11004323769546542,0.424575237557292,0.0,0.02436959725929172,0.4453125
readout_pfl,pfl,52,8,16,0.6673808248527049,0.0859375,0.265625,5100.421875,13.140625,0.14061206203680593,0.09764641084649162,0.463173306081444,0.0,0.024733099629526353,0.4453125
readout_pfl,pfl,52,8,32,0.6628280664167113,0.1015625,0.265625,5120.7421875,13.6015625,0.13065573859169627,0.09102013050461662,0.48011098406277597,0.0,0.024289925506911524,0.4453125
readout_pfl,pfl,52,8,64,0.6132833422603107,0.046875,0.125,5951.0390625,16.078125,0.07428724581907088,0.05378718185040249,0.44243133813142776,0.0,0.013932597697486357,0.4453125
readout_pfl,pfl,52,16,1,0.0,0.0625,0.1171875,4347.421875,15.6953125,,,0.0,1.0,0.0,0.43359375
readout_pfl,pfl,52,16,2,0.0,0.0625,0.1171875,4347.421875,15.6953125,,,0.0,1.0,0.0,0.43359375
readout_pfl,pfl,52,16,4,0.5669523299410819,0.0546875,0.1171875,3595.3671875,15.328125,0.10041306809108702,0.0704128600768553,0.8786910898052156,0.0,0.02539537107118671,0.43359375
readout_pfl,pfl,52,16,8,0.6231922870915908,0.078125,0.2265625,5103.8515625,13.84375,0.1412085953188161,0.0985840648045235,0.38684602244757116,0.0,0.02436959725929172,0.43359375
readout_pfl,pfl,52,16,16,0.6384574183181575,0.0625,0.25,5090.3671875,12.921875,0.1406325250937548,0.10063552944300022,0.45195515686646104,0.0,0.024733099629526353,0.43359375
readout_pfl,pfl,52,16,32,0.6293519014461704,0.0703125,0.21875,5099.8984375,12.8515625,0.12539673367537812,0.08988578884995582,0.4670103108510375,0.0,0.024289925506911524,0.43359375
readout_pfl,pfl,52,16,64,0.5875736475629352,0.0546875,0.125,5918.3671875,14.984375,0.0687491436266824,0.04943185194907912,0.4043264128267765,0.0,0.013932597697486357,0.43359375
readout_pfl,pfl,52,32,1,0.0,0.0625,0.1171875,4347.421875,15.6953125,,,0.0,1.0,0.0,0.4205729166666667
readout_pfl,pfl,52,32,2,0.0,0.0625,0.1171875,4347.421875,15.6953125,,,0.0,1.0,0.0,0.4205729166666667
readout_pfl,pfl,52,32,4,0.5597214783074451,0.0390625,0.1171875,3596.296875,15.3515625,0.09896773104035689,0.06804227236347908,0.8735387763008475,0.0,0.02539537107118671,0.4205729166666667
readout_pfl,pfl,52,32,8,0.6231922870915908,0.078125,0.2265625,5125.78125,14.0546875,0.14282795947969468,0.09913218085075823,0.39391062571667135,0.0,0.02436959725929172,0.4205729166666667
readout_pfl,pfl,52,32,16,0.6389930369576862,0.0546875,0.25,5099.65625,13.203125,0.13861038452947969,0.09709120687650255,0.45635003689676523,0.0,0.024733099629526353,0.4205729166666667
readout_pfl,pfl,52,32,32,0.6373861810391002,0.0625,0.234375,5105.5234375,13.1875,0.12876303673727973,0.08994302452234365,0.46319423569366336,0.0,0.024289925506911524,0.4205729166666667
readout_pfl,pfl,52,32,64,0.5998928762720943,0.0625,0.1640625,5931.046875,14.9375,0.08236364334605312,0.05713150746470699,0.3789566522464156,0.0,0.013932597697486357,0.4205729166666667
readout_pfl,pfl,52,64,1,0.0,0.0625,0.1171875,4347.421875,15.6953125,,,0.0,1.0,0.0,0.3684895833333333
readout_pfl,pfl,52,64,2,0.0,0.0625,0.1171875,4347.421875,15.6953125,,,0.0,1.0,0.0,0.3684895833333333
readout_pfl,pfl,52,64,4,0.5503481521156937,0.046875,0.0859375,5149.6953125,14.9609375,0.08302090698446597,0.057128844385851876,0.9175376719795167,0.0,0.02539537107118671,0.3684895833333333
readout_pfl,pfl,52,64,8,0.6175682913765399,0.09375,0.2265625,5113.40625,13.796875,0.12976625376682194,0.0894231714674677,0.4383918691892177,0.0,0.02436959725929172,0.3684895833333333
readout_pfl,pfl,52,64,16,0.6296197107659347,0.0703125,0.2421875,5107.2890625,13.234375,0.13757299082383434,0.09490816664936176,0.5046046467032284,0.0,0.024733099629526353,0.3684895833333333
readout_pfl,pfl,52,64,32,0.6347080878414569,0.0703125,0.265625,5118.125,13.4609375,0.1366208546234249,0.09524387336374551,0.5085669371765107,0.0,0.024289925506911524,0.3684895833333333
readout_pfl,pfl,52,64,64,0.6430101767541511,0.078125,0.2421875,5135.078125,13.7578125,0.13124038558821016,0.09314245647633679,0.4427718040533364,0.0,0.013932597697486357,0.3684895833333333
readout_mbon,mbon,97,1,1,0.0,0.0625,0.1171875,4347.421875,15.6953125,,,0.0,1.0,0.0,0.0
readout_mbon,mbon,97,1,2,0.0,0.0625,0.1171875,4347.421875,15.6953125,,,0.0,0.9690721649484536,0.0006112958939067947,0.0
readout_mbon,mbon,97,1,4,0.0,0.0625,0.1171875,4347.421875,15.6953125,,,0.0,0.0,0.005592423134212816,0.0
readout_mbon,mbon,97,1,8,0.0,0.0625,0.1171875,4347.421875,15.6953125,,,0.0,0.0,0.0040842040073248735,0.0
readout_mbon,mbon,97,1,16,0.0,0.0625,0.1171875,4347.421875,15.6953125,,,0.0,2.669414383872466e-06,0.004791598819051076,0.0
readout_mbon,mbon,97,1,32,0.0,0.0625,0.1171875,4347.421875,15.6953125,,,0.0,0.0,0.004898375394405975,0.0
readout_mbon,mbon,97,1,64,0.0,0.0625,0.1171875,4347.421875,15.6953125,,,0.0,0.0,0.003854634370311841,0.0
readout_mbon,mbon,97,2,1,0.0,0.0625,0.1171875,4347.421875,15.6953125,,,0.0,1.0,0.0,0.3463541666666667
readout_mbon,mbon,97,2,2,0.07445099089448312,0.0859375,0.1484375,5108.5390625,15.390625,0.12442456577904491,0.10371472316739624,0.0,0.9690721649484536,0.0006112958939067947,0.3463541666666667
readout_mbon,mbon,97,2,4,0.5286555972147831,0.0234375,0.1015625,5915.15625,15.2109375,0.004592538063280228,0.0046850866439954,0.07183574356895406,0.0,0.005592423134212816,0.3463541666666667
readout_mbon,mbon,97,2,8,0.5307980717728977,0.0234375,0.125,5177.2109375,15.46875,-0.0062172605516604695,-0.005099460500431344,0.11956994996580761,0.0,0.0040842040073248735,0.3463541666666667
readout_mbon,mbon,97,2,16,0.5265131226566685,0.0390625,0.1015625,5155.5078125,15.3515625,0.009344301811987251,0.0064897324504347735,0.11701947703841142,2.669414383872466e-06,0.004791598819051076,0.3463541666666667
readout_mbon,mbon,97,2,32,0.532672737011248,0.0390625,0.1015625,5151.5546875,15.3515625,0.023773779489944906,0.016687923801027703,0.11203656060388312,0.0,0.004898375394405975,0.3463541666666667
readout_mbon,mbon,97,2,64,0.566148901981789,0.015625,0.078125,5168.640625,16.4765625,0.07754115793317512,0.05047884100629195,0.10069595128879882,0.0,0.003854634370311841,0.3463541666666667
readout_mbon,mbon,97,4,1,0.0,0.0625,0.1171875,4347.421875,15.6953125,,,0.0,1.0,0.0,0.4869791666666667
readout_mbon,mbon,97,4,2,0.07445099089448312,0.0859375,0.1484375,5108.5390625,15.390625,0.12442456577904491,0.10371472316739624,0.0,0.9690721649484536,0.0006112958939067947,0.4869791666666667
readout_mbon,mbon,97,4,4,0.678896625602571,0.0625,0.28125,4351.828125,13.734375,0.17644434241467152,0.12305509812494006,0.5095833784434944,0.0,0.005592423134212816,0.4869791666666667
readout_mbon,mbon,97,4,8,0.566148901981789,0.046875,0.15625,5145.765625,14.7578125,0.061373743192529695,0.040086915925809756,1.022380005568266,0.0,0.0040842040073248735,0.4869791666666667
readout_mbon,mbon,97,4,16,0.47830744509908946,0.0390625,0.09375,5175.8828125,16.0078125,-0.03363458662586802,-0.027608320602866214,0.9797497219406068,2.669414383872466e-06,0.004791598819051076,0.4869791666666667
readout_mbon,mbon,97,4,32,0.47911087305838246,0.046875,0.09375,5896.796875,14.9375,-0.03266406489377889,-0.02678730525676,0.4581448291428387,0.0,0.004898375394405975,0.4869791666666667
readout_mbon,mbon,97,4,64,0.4986609534011784,0.0078125,0.0703125,4365.0625,15.6171875,-0.020338319260650363,-0.01804670011899078,0.4787822114303708,0.0,0.003854634370311841,0.4869791666666667
readout_mbon,mbon,97,8,1,0.0,0.0625,0.1171875,4347.421875,15.6953125,,,0.0,1.0,0.0,0.4817708333333333
readout_mbon,mbon,97,8,2,0.07445099089448312,0.0859375,0.1484375,5108.5390625,15.390625,0.12442456577904491,0.10371472316739624,0.0,0.9690721649484536,0.0006112958939067947,0.4817708333333333
readout_mbon,mbon,97,8,4,0.6416711301553294,0.046875,0.2265625,4378.9140625,15.234375,0.15656947467596946,0.10285116723464785,0.3818810321390629,0.0,0.005592423134212816,0.4817708333333333
readout_mbon,mbon,97,8,8,0.6505088377075522,0.078125,0.265625,4349.78125,14.421875,0.14118823871490171,0.09692290261371159,0.4196242396719754,0.0,0.0040842040073248735,0.4817708333333333
readout_mbon,mbon,97,8,16,0.6207820032137118,0.0546875,0.234375,4365.4921875,14.3828125,0.09445767703841858,0.06363104141895523,0.3864605980925262,2.669414383872466e-06,0.004791598819051076,0.4817708333333333
readout_mbon,mbon,97,8,32,0.6001606855918586,0.0546875,0.1953125,4355.578125,15.0390625,0.07367887868046111,0.047334512134252285,0.37057867739349604,0.0,0.004898375394405975,0.4817708333333333
readout_mbon,mbon,97,8,64,0.598018211033744,0.0625,0.140625,5156.828125,15.75,0.06813634506993958,0.04116759189156802,0.42123343801358715,0.0,0.003854634370311841,0.4817708333333333
readout_mbon,mbon,97,16,1,0.0,0.0625,0.1171875,4347.421875,15.6953125,,,0.0,1.0,0.0,0.4778645833333333
readout_mbon,mbon,97,16,2,0.07445099089448312,0.0859375,0.1484375,5108.5390625,15.390625,0.12442456577904491,0.10371472316739624,0.0,0.9690721649484536,0.0006112958939067947,0.4778645833333333
readout_mbon,mbon,97,16,4,0.6304231387252276,0.0625,0.1796875,3597.7890625,14.1171875,0.14343971024243973,0.09351772077821119,0.30536249245051295,0.0,0.005592423134212816,0.4778645833333333
readout_mbon,mbon,97,16,8,0.6403320835565077,0.0703125,0.2734375,4344.46875,13.265625,0.14971254361043365,0.10173459165456078,0.34732751338742673,0.0,0.0040842040073248735,0.4778645833333333
readout_mbon,mbon,97,16,16,0.6309587573647563,0.0625,0.265625,5118.1328125,13.921875,0.11828495528249701,0.08031181615262087,0.33608937030658126,2.669414383872466e-06,0.004791598819051076,0.4778645833333333
readout_mbon,mbon,97,16,32,0.6164970540974826,0.0625,0.2265625,5115.4296875,13.7109375,0.0927387457712362,0.060238038669698686,0.380114714265801,0.0,0.004898375394405975,0.4778645833333333
readout_mbon,mbon,97,16,64,0.6162292447777182,0.0625,0.15625,5151.2734375,15.078125,0.10635272451181518,0.06976789794929132,0.3874383573420346,0.0,0.003854634370311841,0.4778645833333333
readout_mbon,mbon,97,32,1,0.0,0.0625,0.1171875,4347.421875,15.6953125,,,0.0,1.0,0.0,0.4596354166666667
readout_mbon,mbon,97,32,2,0.07445099089448312,0.0859375,0.1484375,5108.5390625,15.390625,0.12442456577904491,0.10371472316739624,0.0,0.9690721649484536,0.0006112958939067947,0.4596354166666667
readout_mbon,mbon,97,32,4,0.6242635243706481,0.0546875,0.234375,4407.140625,15.6953125,0.14359114486313215,0.093892453099419,0.3895569476298988,0.0,0.005592423134212816,0.4596354166666667
readout_mbon,mbon,97,32,8,0.6464916979110873,0.09375,0.296875,4319.90625,12.1328125,0.14557851891070073,0.0992852419331863,0.4045080274809152,0.0,0.0040842040073248735,0.4596354166666667
readout_mbon,mbon,97,32,16,0.6475629351901446,0.078125,0.2734375,5094.1953125,13.3984375,0.12828499806470298,0.08686652721296417,0.29816407850012183,2.669414383872466e-06,0.004791598819051076,0.4596354166666667
readout_mbon,mbon,97,32,32,0.6264059989287627,0.0859375,0.25,5118.2734375,13.2734375,0.11065475737577757,0.07275342794103867,0.31114275730215013,0.0,0.004898375394405975,0.4596354166666667
readout_mbon,mbon,97,32,64,0.6336368505623996,0.0859375,0.21875,5141.140625,14.078125,0.12001587840602501,0.07829781699676644,0.2984818189870566,0.0,0.003854634370311841,0.4596354166666667
readout_mbon,mbon,97,64,1,0.0,0.0625,0.1171875,4347.421875,15.6953125,,,0.0,1.0,0.0,0.5052083333333334
readout_mbon,mbon,97,64,2,0.07445099089448312,0.0859375,0.1484375,5108.5390625,15.390625,0.12442456577904491,0.10371472316739624,0.0,0.9690721649484536,0.0006112958939067947,0.5052083333333334
readout_mbon,mbon,97,64,4,0.6006963042313872,0.046875,0.234375,4336.5078125,14.1171875,0.1367515422270132,0.09516370655755996,0.6504769667517394,0.0,0.005592423134212816,0.5052083333333334
readout_mbon,mbon,97,64,8,0.5618639528655597,0.078125,0.15625,5088.328125,13.84375,0.11631521262648403,0.08009878921591077,0.4543549013324082,0.0,0.0040842040073248735,0.5052083333333334
readout_mbon,mbon,97,64,16,0.5423138725227638,0.1015625,0.203125,4321.421875,13.515625,0.060379530027646566,0.039818117926498364,0.51235820655711,2.669414383872466e-06,0.004791598819051076,0.5052083333333334
readout_mbon,mbon,97,64,32,0.5881092662024638,0.0859375,0.2109375,4318.2265625,13.6953125,0.07729853386935084,0.051301559668535154,0.3637939039617777,0.0,0.004898375394405975,0.5052083333333334
readout_mbon,mbon,97,64,64,0.6371183717193358,0.09375,0.234375,4330.4921875,13.1328125,0.10556008021698338,0.07007719572650364,0.2440265262266621,0.0,0.003854634370311841,0.5052083333333334
readout_smp,smp,256,1,1,0.0,0.0625,0.1171875,4347.421875,15.6953125,,,0.0,1.0,0.0,0.0
readout_smp,smp,256,1,2,0.0,0.0625,0.1171875,4347.421875,15.6953125,,,0.0,0.93359375,0.0034379450414293113,0.0
readout_smp,smp,256,1,4,0.0,0.0625,0.1171875,4347.421875,15.6953125,,,0.0,2.022915587778353e-06,0.025032568940963233,0.0
readout_smp,smp,256,1,8,0.0,0.0625,0.1171875,4347.421875,15.6953125,,,0.0,0.0,0.019237927239772138,0.0
readout_smp,smp,256,1,16,0.0,0.0625,0.1171875,4347.421875,15.6953125,,,0.0,1.0114577938891765e-06,0.01862194944329363,0.0
readout_smp,smp,256,1,32,0.0,0.0625,0.1171875,4347.421875,15.6953125,,,0.0,0.0,0.017215011651993784,0.0
readout_smp,smp,256,1,64,0.0,0.0625,0.1171875,4347.421875,15.6953125,,,0.0,1.0114577938891765e-06,0.009743372928534439,0.0
readout_smp,smp,256,2,1,0.0,0.0625,0.1171875,4347.421875,15.6953125,,,0.0,1.0,0.0,0.328125
readout_smp,smp,256,2,2,0.129084092126406,0.0625,0.125,4347.421875,15.6953125,0.04769990327875899,0.03854581878817371,0.0,0.93359375,0.0034379450414293113,0.328125
readout_smp,smp,256,2,4,0.534279592929834,0.03125,0.140625,5131.40625,16.203125,0.012633455380010362,0.011986739368662371,0.09952223883010447,2.022915587778353e-06,0.025032568940963233,0.328125
readout_smp,smp,256,2,8,0.5243706480985538,0.0390625,0.125,5166.5859375,16.390625,-0.026303523330143727,-0.016724483236484733,0.16415077389683574,0.0,0.019237927239772138,0.328125
readout_smp,smp,256,2,16,0.5259775040171398,0.0546875,0.1328125,5146.59375,15.7890625,-0.019188823427312384,-0.011403121026268613,0.21634632057975978,1.0114577938891765e-06,0.01862194944329363,0.328125
readout_smp,smp,256,2,32,0.5141938939475094,0.0234375,0.125,5181.4375,16.7734375,-0.020438857351597207,-0.013500336359562357,0.21576567715965211,0.0,0.017215011651993784,0.328125
readout_smp,smp,256,2,64,0.5605249062667381,0.03125,0.140625,5176.1328125,16.484375,0.05445717260035206,0.03413722731771432,0.19764640391804278,1.0114577938891765e-06,0.009743372928534439,0.328125
readout_smp,smp,256,4,1,0.0,0.0625,0.1171875,4347.421875,15.6953125,,,0.0,1.0,0.0,0.5807291666666666
readout_smp,smp,256,4,2,0.09775040171397964,0.046875,0.109375,3557.1796875,14.5078125,0.019358528345151234,0.015569861027959889,0.022892627166584134,0.93359375,0.0034379450414293113,0.5807291666666666
readout_smp,smp,256,4,4,0.737814675950723,0.0859375,0.3125,5053.984375,11.3125,0.2452121871538896,0.17784760138624495,0.45094301365315914,2.022915587778353e-06,0.025032568940963233,0.5807291666666666
readout_smp,smp,256,4,8,0.6336368505623996,0.0625,0.2421875,4375.3984375,14.78125,0.18123330080675215,0.12961355054252396,1.1804106524214149,0.0,0.019237927239772138,0.5807291666666666
readout_smp,smp,256,4,16,0.6020353508302089,0.0546875,0.1953125,4384.6640625,14.78125,0.13562440753932595,0.09712638015785632,1.54323091218248,1.0114577938891765e-06,0.01862194944329363,0.5807291666666666
readout_smp,smp,256,4,32,0.5824852704874129,0.0390625,0.140625,5167.5,15.8671875,0.12396448720893684,0.09113164936705104,1.4408500492572784,0.0,0.017215011651993784,0.5807291666666666
readout_smp,smp,256,4,64,0.5950723085163364,0.0390625,0.1484375,5163.8125,16.2109375,0.10177876210127432,0.076716258433735,2.3758954014629126,1.0114577938891765e-06,0.009743372928534439,0.5807291666666666
readout_smp,smp,256,8,1,0.0,0.0625,0.1171875,4347.421875,15.6953125,,,0.0,1.0,0.0,0.6236979166666666
readout_smp,smp,256,8,2,0.09748259239421532,0.046875,0.109375,3557.1796875,14.5078125,0.02392528064600863,0.018522586330588196,0.0033064568415284157,0.93359375,0.0034379450414293113,0.6236979166666666
readout_smp,smp,256,8,4,0.6614890198178897,0.0859375,0.203125,3520.359375,10.328125,0.17661681774429203,0.12102715797324838,0.4154971297830343,2.022915587778353e-06,0.025032568940963233,0.6236979166666666
readout_smp,smp,256,8,8,0.7316550615961436,0.109375,0.359375,5866.4765625,12.2578125,0.23356324901798817,0.16969813444799264,0.5780966002494097,0.0,0.019237927239772138,0.6236979166666666
readout_smp,smp,256,8,16,0.69121585431173,0.0859375,0.25,5116.1953125,14.140625,0.18353042147094228,0.12684977278710344,0.5833719251677394,1.0114577938891765e-06,0.01862194944329363,0.6236979166666666
readout_smp,smp,256,8,32,0.6569362613818961,0.078125,0.1640625,4371.0078125,15.203125,0.17425401850640193,0.12351561620700091,0.845104951877147,0.0,0.017215011651993784,0.6236979166666666
readout_smp,smp,256,8,64,0.6148901981788967,0.078125,0.1484375,5919.8828125,15.609375,0.14422628906227825,0.10365138318328507,1.4401142194401473,1.0114577938891765e-06,0.009743372928534439,0.6236979166666666
readout_smp,smp,256,16,1,0.0,0.0625,0.1171875,4347.421875,15.6953125,,,0.0,1.0,0.0,0.6510416666666666
readout_smp,smp,256,16,2,0.09373326191751473,0.0234375,0.109375,3577.578125,14.046875,0.06150052385296003,0.049600020389362884,0.3280339075718075,0.93359375,0.0034379450414293113,0.6510416666666666
readout_smp,smp,256,16,4,0.6652383502945902,0.0546875,0.2109375,4333.0703125,13.46875,0.1655130076452268,0.11058697636316914,0.49329246766865253,2.022915587778353e-06,0.025032568940963233,0.6510416666666666
readout_smp,smp,256,16,8,0.7228173540439208,0.1015625,0.296875,5081.140625,11.8984375,0.2383395836098288,0.17334774208016704,0.6556471213698387,0.0,0.019237927239772138,0.6510416666666666
readout_smp,smp,256,16,16,0.7319228709159079,0.109375,0.34375,5878.578125,12.515625,0.22917309175755923,0.16503633250828953,0.5505298851057887,1.0114577938891765e-06,0.01862194944329363,0.6510416666666666
readout_smp,smp,256,16,32,0.6794322442420996,0.0625,0.171875,5904.1328125,14.984375,0.1947417784524361,0.13778958898502502,0.5432091448456049,0.0,0.017215011651993784,0.6510416666666666
readout_smp,smp,256,16,64,0.6328334226031066,0.078125,0.171875,5920.1171875,15.9140625,0.15514257937670764,0.1091223993335621,1.0502911780495197,1.0114577938891765e-06,0.009743372928534439,0.6510416666666666
readout_smp,smp,256,32,1,0.0,0.0625,0.1171875,4347.421875,15.6953125,,,0.0,1.0,0.0,0.6041666666666666
readout_smp,smp,256,32,2,0.09507230851633637,0.046875,0.109375,3557.1796875,14.5078125,0.019280777848433052,0.015136612895950337,0.03761877189390361,0.93359375,0.0034379450414293113,0.6041666666666666
readout_smp,smp,256,32,4,0.6638993036957687,0.0546875,0.1875,3556.140625,13.8359375,0.15169018486429003,0.10178952239257522,0.46806254237890244,2.022915587778353e-06,0.025032568940963233,0.6041666666666666
readout_smp,smp,256,32,8,0.6971076593465453,0.1015625,0.234375,4324.328125,13.78125,0.19878583440295716,0.14271723012942023,0.7204495826736093,0.0,0.019237927239772138,0.6041666666666666
readout_smp,smp,256,32,16,0.7104981253347616,0.1015625,0.3125,4338.2421875,13.609375,0.20676249138384992,0.14473832240415532,0.5879790431354195,1.0114577938891765e-06,0.01862194944329363,0.6041666666666666
readout_smp,smp,256,32,32,0.7249598286020353,0.09375,0.375,5883.9140625,12.359375,0.2132097306624801,0.15012529795709534,0.5060072024352849,0.0,0.017215011651993784,0.6041666666666666
readout_smp,smp,256,32,64,0.6400642742367434,0.0859375,0.1953125,5149.1328125,15.53125,0.15250631901227615,0.11087967454010558,0.7515511130914092,1.0114577938891765e-06,0.009743372928534439,0.6041666666666666
readout_smp,smp,256,64,1,0.0,0.0625,0.1171875,4347.421875,15.6953125,,,0.0,1.0,0.0,0.5338541666666666
readout_smp,smp,256,64,2,0.09507230851633637,0.046875,0.109375,3557.1796875,14.5078125,0.02129699468985445,0.01661482928908873,0.0457600555382669,0.93359375,0.0034379450414293113,0.5338541666666666
readout_smp,smp,256,64,4,0.6665773968934119,0.03125,0.1796875,3547.4296875,11.1484375,0.15018602592308794,0.10204440437531001,0.7048039752990007,2.022915587778353e-06,0.025032568940963233,0.5338541666666666
readout_smp,smp,256,64,8,0.674879485806106,0.0859375,0.1875,4307.71875,12.1484375,0.1682371574552918,0.11705807855175579,0.8202393101528287,0.0,0.019237927239772138,0.5338541666666666
readout_smp,smp,256,64,16,0.6751472951258704,0.0625,0.1796875,4331.34375,12.75,0.16028491200679357,0.11071536042259145,1.1136959921568632,1.0114577938891765e-06,0.01862194944329363,0.5338541666666666
readout_smp,smp,256,64,32,0.6807712908409213,0.0625,0.2109375,4329.5390625,12.8203125,0.1690559763532528,0.11619437665457555,1.0841638334095478,0.0,0.017215011651993784,0.5338541666666666
readout_smp,smp,256,64,64,0.7139796464916979,0.1015625,0.3515625,5055.1328125,11.421875,0.2128369556191601,0.14981098693742217,0.38759412383660674,1.0114577938891765e-06,0.009743372928534439,0.5338541666666666
readout_cre,cre,256,1,1,0.0,0.0625,0.1171875,4347.421875,15.6953125,,,0.0,1.0,0.0,0.0
readout_cre,cre,256,1,2,0.0,0.0625,0.1171875,4347.421875,15.6953125,,,0.0,0.99609375,0.00038637687726566545,0.0
readout_cre,cre,256,1,4,0.0,0.0625,0.1171875,4347.421875,15.6953125,,,0.0,2.022915587778353e-06,0.02334849171413775,0.0
readout_cre,cre,256,1,8,0.0,0.0625,0.1171875,4347.421875,15.6953125,,,0.0,1.0114577938891765e-06,0.0164473151864319,0.0
readout_cre,cre,256,1,16,0.0,0.0625,0.1171875,4347.421875,15.6953125,,,0.0,1.0114577938891765e-06,0.01626221841015018,0.0
readout_cre,cre,256,1,32,0.0,0.0625,0.1171875,4347.421875,15.6953125,,,0.0,0.0,0.015338757444329363,0.0
readout_cre,cre,256,1,64,0.0,0.0625,0.1171875,4347.421875,15.6953125,,,0.0,0.0,0.00765268966856551,0.0
readout_cre,cre,256,2,1,0.0,0.0625,0.1171875,4347.421875,15.6953125,,,0.0,1.0,0.0,0.24609375
readout_cre,cre,256,2,2,0.009105516871987145,0.0546875,0.125,4351.5390625,15.703125,-0.009336757855902964,-0.015528555615388776,0.027330467477440834,0.99609375,0.00038637687726566545,0.24609375
readout_cre,cre,256,2,4,0.5851633636850563,0.078125,0.2578125,5148.3125,15.9921875,0.04458339654652761,0.03145043329526082,0.043380419025197625,2.022915587778353e-06,0.02334849171413775,0.24609375
readout_cre,cre,256,2,8,0.6253347616497054,0.0859375,0.234375,4381.3046875,16.203125,0.07012498991962064,0.04999367597113749,0.06211595889180899,1.0114577938891765e-06,0.0164473151864319,0.24609375
readout_cre,cre,256,2,16,0.6395286555972148,0.0859375,0.2734375,5154.96875,16.3125,0.07138068723484803,0.049833609831632104,0.061900866916403174,1.0114577938891765e-06,0.01626221841015018,0.24609375
readout_cre,cre,256,2,32,0.6331012319228709,0.0859375,0.265625,4380.078125,16.1640625,0.06070939019505332,0.04227344044376412,0.061740592936985195,0.0,0.015338757444329363,0.24609375
readout_cre,cre,256,2,64,0.6055168719871451,0.09375,0.25,4366.375,15.546875,0.03281186962974271,0.024285221209153343,0.06089577020611614,0.0,0.00765268966856551,0.24609375
readout_cre,cre,256,4,1,0.0,0.0625,0.1171875,4347.421875,15.6953125,,,0.0,1.0,0.0,0.5091145833333334
readout_cre,cre,256,4,2,0.009105516871987145,0.0546875,0.125,4351.5390625,15.703125,-0.009336757855902964,-0.015528555615388776,0.004789173137396574,0.99609375,0.00038637687726566545,0.5091145833333334
readout_cre,cre,256,4,4,0.6762185324049277,0.1015625,0.3046875,5120.96875,13.46875,0.17633883447813886,0.12406457090707293,0.4843020779080689,2.022915587778353e-06,0.02334849171413775,0.5091145833333334
readout_cre,cre,256,4,8,0.6116764863417247,0.109375,0.2734375,5122.5546875,13.7890625,0.11572548974944738,0.08583884984734488,1.224001974798739,1.0114577938891765e-06,0.0164473151864319,0.5091145833333334
readout_cre,cre,256,4,16,0.6269416175682914,0.1328125,0.2265625,5098.484375,13.140625,0.10042558509571883,0.07225517299612247,1.6011990727856755,1.0114577938891765e-06,0.01626221841015018,0.5091145833333334
readout_cre,cre,256,4,32,0.5966791644349223,0.046875,0.1875,4370.890625,15.234375,0.07230757050335035,0.05298779979709348,1.4396540643647313,0.0,0.015338757444329363,0.5091145833333334
readout_cre,cre,256,4,64,0.5605249062667381,0.0390625,0.1015625,5163.4921875,16.2578125,0.03419775615359508,0.023930985930025704,1.3240701197646558,0.0,0.00765268966856551,0.5091145833333334
readout_cre,cre,256,8,1,0.0,0.0625,0.1171875,4347.421875,15.6953125,,,0.0,1.0,0.0,0.53515625
readout_cre,cre,256,8,2,0.009105516871987145,0.0546875,0.125,4351.5390625,15.703125,-0.009336757855902964,-0.015528555615388776,0.0037904069758951664,0.99609375,0.00038637687726566545,0.53515625
readout_cre,cre,256,8,4,0.5902517407605785,0.0625,0.125,5078.6640625,13.6796875,0.14335227253817034,0.09471231171757648,0.688879064284265,2.022915587778353e-06,0.02334849171413775,0.53515625
readout_cre,cre,256,8,8,0.7110337439742903,0.1015625,0.359375,5104.6484375,12.625,0.1804768904321202,0.12695555025416497,0.6056514694355428,1.0114577938891765e-06,0.0164473151864319,0.53515625
readout_cre,cre,256,8,16,0.7003213711837172,0.0859375,0.2421875,5123.0390625,14.2890625,0.15849228335334808,0.10935326842213629,0.6990004335530102,1.0114577938891765e-06,0.01626221841015018,0.53515625
readout_cre,cre,256,8,32,0.6767541510444564,0.09375,0.203125,4359.453125,14.6484375,0.12605307237965238,0.08759273973233879,1.0594249567948282,0.0,0.015338757444329363,0.53515625
readout_cre,cre,256,8,64,0.5998928762720943,0.0546875,0.125,4398.171875,16.4296875,0.08591916414352804,0.0618180748517659,1.1555782509967685,0.0,0.00765268966856551,0.53515625
readout_cre,cre,256,16,1,0.0,0.0625,0.1171875,4347.421875,15.6953125,,,0.0,1.0,0.0,0.5546875
readout_cre,cre,256,16,2,0.009105516871987145,0.0546875,0.125,4351.5390625,15.703125,-0.009336757855902964,-0.015528555615388776,0.003984428476542234,0.99609375,0.00038637687726566545,0.5546875
readout_cre,cre,256,16,4,0.5931976432779861,0.03125,0.1328125,4346.71875,14.9453125,0.1351430849206096,0.0910490010986541,1.0162217980250716,2.022915587778353e-06,0.02334849171413775,0.5546875
readout_cre,cre,256,16,8,0.697643277986074,0.078125,0.2578125,5142.0,14.6171875,0.18045306574415682,0.12423030294978367,0.707325239200145,1.0114577938891765e-06,0.0164473151864319,0.5546875
readout_cre,cre,256,16,16,0.7206748794858061,0.0859375,0.3515625,5085.5234375,12.2890625,0.18618749305980964,0.13061328378225376,0.6016214047558606,1.0114577938891765e-06,0.01626221841015018,0.5546875
readout_cre,cre,256,16,32,0.696036422067488,0.09375,0.234375,4362.390625,15.0234375,0.151177226554315,0.1065008012739339,0.6282564532011747,0.0,0.015338757444329363,0.5546875
readout_cre,cre,256,16,64,0.5929298339582217,0.0546875,0.1328125,4391.3125,15.6015625,0.06352949137400765,0.0426239309775739,1.1702698888257146,0.0,0.00765268966856551,0.5546875
readout_cre,cre,256,32,1,0.0,0.0625,0.1171875,4347.421875,15.6953125,,,0.0,1.0,0.0,0.55078125
readout_cre,cre,256,32,2,0.009105516871987145,0.0546875,0.125,4351.5390625,15.703125,-0.009336757855902964,-0.015528555615388776,0.005973860155791044,0.99609375,0.00038637687726566545,0.55078125
readout_cre,cre,256,32,4,0.5873058382431708,0.0234375,0.1015625,4342.4140625,14.640625,0.12380883049271665,0.08026365017723995,0.7648851028643548,2.022915587778353e-06,0.02334849171413775,0.55078125
readout_cre,cre,256,32,8,0.6681842528119979,0.078125,0.25,5155.3671875,14.6328125,0.15787893987348905,0.10949771320786272,0.7977176723070443,1.0114577938891765e-06,0.0164473151864319,0.55078125
readout_cre,cre,256,32,16,0.6917514729512587,0.0703125,0.25,5164.6328125,14.7265625,0.17819204749486395,0.12369690959484164,0.5762128732167184,1.0114577938891765e-06,0.01626221841015018,0.55078125
readout_cre,cre,256,32,32,0.7155865024102839,0.09375,0.3515625,5091.4140625,12.515625,0.18113397818191937,0.12723664191152417,0.5755008501000702,0.0,0.015338757444329363,0.55078125
readout_cre,cre,256,32,64,0.615158007498661,0.0859375,0.1328125,4365.6171875,14.6328125,0.1141015707627264,0.08006149780035268,0.9452622039243579,0.0,0.00765268966856551,0.55078125
readout_cre,cre,256,64,1,0.0,0.0625,0.1171875,4347.421875,15.6953125,,,0.0,1.0,0.0,0.4908854166666667
readout_cre,cre,256,64,2,0.009105516871987145,0.0546875,0.125,4351.5390625,15.703125,-0.009336757855902964,-0.015528555615388776,0.011938614770770073,0.99609375,0.00038637687726566545,0.4908854166666667
readout_cre,cre,256,64,4,0.6416711301553294,0.046875,0.1875,5084.2578125,13.234375,0.1412458668580549,0.09485414847804077,0.9619549759663641,2.022915587778353e-06,0.02334849171413775,0.4908854166666667
readout_cre,cre,256,64,8,0.6965720407070166,0.140625,0.3046875,5115.6875,13.34375,0.16441548005390302,0.11476464533964388,0.8221780033782125,1.0114577938891765e-06,0.0164473151864319,0.4908854166666667
readout_cre,cre,256,64,16,0.7027316550615962,0.109375,0.2578125,5089.1796875,13.4296875,0.1639000299298255,0.11330583239776765,0.685185800306499,1.0114577938891765e-06,0.01626221841015018,0.4908854166666667
readout_cre,cre,256,64,32,0.7137118371719335,0.1484375,0.3359375,5093.2890625,12.984375,0.16562303705261835,0.11537931333649663,0.5931812599301338,0.0,0.015338757444329363,0.4908854166666667
readout_cre,cre,256,64,64,0.7040707016604177,0.078125,0.3046875,5097.2734375,12.9296875,0.16967076717263174,0.11951446428114318,0.4709981814958155,0.0,0.00765268966856551,0.4908854166666667
readout_sip,sip,256,1,1,0.0,0.0625,0.1171875,4347.421875,15.6953125,,,0.0,1.0,0.0,0.0
readout_sip,sip,256,1,2,0.0,0.0625,0.1171875,4347.421875,15.6953125,,,0.0,0.97265625,0.0005785538581046091,0.0
readout_sip,sip,256,1,4,0.0,0.0625,0.1171875,4347.421875,15.6953125,,,0.0,3.0343733816675297e-06,0.014348540264111859,0.0
readout_sip,sip,256,1,8,0.0,0.0625,0.1171875,4347.421875,15.6953125,,,0.0,1.0114577938891765e-06,0.013700195818228896,0.0
readout_sip,sip,256,1,16,0.0,0.0625,0.1171875,4347.421875,15.6953125,,,0.0,1.0114577938891765e-06,0.012355968410150181,0.0
readout_sip,sip,256,1,32,0.0,0.0625,0.1171875,4347.421875,15.6953125,,,0.0,4.045831175556706e-06,0.011316189798032108,0.0
readout_sip,sip,256,1,64,0.0,0.0625,0.1171875,4347.421875,15.6953125,,,0.0,0.0,0.006924440056965303,0.0
readout_sip,sip,256,2,1,0.0,0.0625,0.1171875,4347.421875,15.6953125,,,0.0,1.0,0.0,0.234375
readout_sip,sip,256,2,2,0.008837707552222818,0.0625,0.1171875,4367.9296875,16.015625,-0.05840342686160116,-0.047974618945541135,0.034084480721503496,0.97265625,0.0005785538581046091,0.234375
readout_sip,sip,256,2,4,0.5195500803427959,0.109375,0.1796875,3629.015625,14.328125,0.013393610458962564,0.008734677754883267,0.03724279618472792,3.0343733816675297e-06,0.014348540264111859,0.234375
readout_sip,sip,256,2,8,0.549009105516872,0.1015625,0.1796875,3617.65625,14.0234375,0.040734048867006725,0.027546580491052748,0.035367253120057285,1.0114577938891765e-06,0.013700195818228896,0.234375
readout_sip,sip,256,2,16,0.5538296732726299,0.1015625,0.203125,3612.84375,13.953125,0.04106612356166106,0.02795144953484619,0.03353751941176597,1.0114577938891765e-06,0.012355968410150181,0.234375
readout_sip,sip,256,2,32,0.5610605249062668,0.1015625,0.203125,3612.6171875,13.859375,0.05158228740596963,0.03569085234559506,0.03396490497834748,4.045831175556706e-06,0.011316189798032108,0.234375
readout_sip,sip,256,2,64,0.5736475629351901,0.109375,0.2109375,4371.6484375,13.421875,0.07255924705831543,0.04986522596156164,0.035617789239040576,0.0,0.006924440056965303,0.234375
readout_sip,sip,256,4,1,0.0,0.0625,0.1171875,4347.421875,15.6953125,,,0.0,1.0,0.0,0.3880208333333333
readout_sip,sip,256,4,2,0.008837707552222818,0.0625,0.1171875,4367.9296875,16.015625,-0.05554618123485981,-0.04556300400985249,0.08318113535642624,0.97265625,0.0005785538581046091,0.3880208333333333
readout_sip,sip,256,4,4,0.695232994108195,0.0859375,0.3203125,4328.53125,13.609375,0.18791942482218169,0.13963311433831363,0.6471634088084102,3.0343733816675297e-06,0.014348540264111859,0.3880208333333333
readout_sip,sip,256,4,8,0.6577396893411891,0.0625,0.25,4355.5625,13.84375,0.1209926136403059,0.08462048088526837,2.104868312366307,1.0114577938891765e-06,0.013700195818228896,0.3880208333333333
readout_sip,sip,256,4,16,0.6523835029459025,0.078125,0.21875,4330.453125,12.640625,0.11169749750824476,0.07629421926735183,2.7262431043200195,1.0114577938891765e-06,0.012355968410150181,0.3880208333333333
readout_sip,sip,256,4,32,0.6422067487948581,0.0859375,0.1953125,5102.546875,12.875,0.09705874538988891,0.06804152354792686,2.7361242813058197,4.045831175556706e-06,0.011316189798032108,0.3880208333333333
readout_sip,sip,256,4,64,0.647027316550616,0.046875,0.2109375,4366.15625,14.4609375,0.09456279910960516,0.06358818926643084,1.7965090465731919,0.0,0.006924440056965303,0.3880208333333333
readout_sip,sip,256,8,1,0.0,0.0625,0.1171875,4347.421875,15.6953125,,,0.0,1.0,0.0,0.51953125
readout_sip,sip,256,8,2,0.008837707552222818,0.0546875,0.125,4372.015625,16.046875,-0.0451548707284334,-0.03655148085286303,0.37604355451185256,0.97265625,0.0005785538581046091,0.51953125
readout_sip,sip,256,8,4,0.628280664167113,0.078125,0.1953125,4356.2421875,14.03125,0.15655511672552214,0.1140577059203629,0.7254944108426571,3.0343733816675297e-06,0.014348540264111859,0.51953125
readout_sip,sip,256,8,8,0.7013926084627745,0.0625,0.3203125,5875.4921875,13.0703125,0.18558144301979668,0.13396606492164295,0.589793298044242,1.0114577938891765e-06,0.013700195818228896,0.51953125
readout_sip,sip,256,8,16,0.692019282271023,0.078125,0.265625,5124.2890625,13.7265625,0.18274650826429745,0.13087323558964198,1.4053912200033665,1.0114577938891765e-06,0.012355968410150181,0.51953125
readout_sip,sip,256,8,32,0.664167113015533,0.078125,0.2265625,5121.984375,14.34375,0.1526083984615187,0.10959786580193426,1.8266748804599047,4.045831175556706e-06,0.011316189798032108,0.51953125
readout_sip,sip,256,8,64,0.6553294054633101,0.0625,0.140625,5193.7890625,17.078125,0.1183142440187555,0.08451252507433518,1.612365746870637,0.0,0.006924440056965303,0.51953125
readout_sip,sip,256,16,1,0.0,0.0625,0.1171875,4347.421875,15.6953125,,,0.0,1.0,0.0,0.5416666666666666
readout_sip,sip,256,16,2,0.008837707552222818,0.0625,0.1171875,4367.9296875,16.015625,-0.06713237827766112,-0.05549440487427576,0.33905400708317757,0.97265625,0.0005785538581046091,0.5416666666666666
readout_sip,sip,256,16,4,0.5977504017139796,0.0625,0.171875,4334.2421875,13.609375,0.12863221887700182,0.09434657908416051,0.919324395712465,3.0343733816675297e-06,0.014348540264111859,0.5416666666666666
readout_sip,sip,256,16,8,0.6673808248527049,0.09375,0.2578125,5125.0234375,13.5859375,0.1688057253676961,0.12123757934797938,0.76725755026564,1.0114577938891765e-06,0.013700195818228896,0.5416666666666666
readout_sip,sip,256,16,16,0.7011247991430102,0.0625,0.3125,5109.3125,13.3515625,0.1894983573913503,0.13744904669450017,0.5998067138716578,1.0114577938891765e-06,0.012355968410150181,0.5416666666666666
readout_sip,sip,256,16,32,0.6775575790037494,0.078125,0.21875,4347.7734375,13.90625,0.15976377740798503,0.11429323084273993,1.1031881938688457,4.045831175556706e-06,0.011316189798032108,0.5416666666666666
readout_sip,sip,256,16,64,0.6590787359400108,0.0546875,0.15625,4422.2734375,17.140625,0.11541757456532939,0.08032364032856412,1.2287999326363206,0.0,0.006924440056965303,0.5416666666666666
readout_sip,sip,256,32,1,0.0,0.0625,0.1171875,4347.421875,15.6953125,,,0.0,1.0,0.0,0.5026041666666666
readout_sip,sip,256,32,2,0.008837707552222818,0.0625,0.1171875,4367.9296875,16.015625,-0.06713237827766112,-0.05549440487427576,0.3067181408405304,0.97265625,0.0005785538581046091,0.5026041666666666
readout_sip,sip,256,32,4,0.5948044991965721,0.0703125,0.1875,5104.8671875,13.7578125,0.11278657789109021,0.08289908441428154,1.2187647307291627,3.0343733816675297e-06,0.014348540264111859,0.5026041666666666
readout_sip,sip,256,32,8,0.6558650241028388,0.09375,0.25,5097.203125,12.609375,0.15683568239252943,0.11446219864836564,0.9791589318774641,1.0114577938891765e-06,0.013700195818228896,0.5026041666666666
readout_sip,sip,256,32,16,0.6810391001606856,0.09375,0.2890625,5883.4609375,12.6171875,0.1815555606483384,0.1323747444483791,0.7424216580111533,1.0114577938891765e-06,0.012355968410150181,0.5026041666666666
readout_sip,sip,256,32,32,0.7019282271023032,0.078125,0.3046875,5107.609375,13.3984375,0.20564124456983052,0.15421816121678772,0.5851272286381572,4.045831175556706e-06,0.011316189798032108,0.5026041666666666
readout_sip,sip,256,32,64,0.6917514729512587,0.078125,0.234375,5148.40625,15.6796875,0.16516847012532954,0.1213863529397646,0.8545325142331421,0.0,0.006924440056965303,0.5026041666666666
readout_sip,sip,256,64,1,0.0,0.0625,0.1171875,4347.421875,15.6953125,,,0.0,1.0,0.0,0.4453125
readout_sip,sip,256,64,2,0.008837707552222818,0.0625,0.1171875,4367.9296875,16.015625,-0.05840342686160116,-0.047974618945541135,0.16583585366606712,0.97265625,0.0005785538581046091,0.4453125
readout_sip,sip,256,64,4,0.6020353508302089,0.046875,0.15625,4336.1953125,14.328125,0.14586967200161893,0.10746805893190618,1.5068747401237488,3.0343733816675297e-06,0.014348540264111859,0.4453125
readout_sip,sip,256,64,8,0.625870380289234,0.0703125,0.1953125,5133.953125,14.6953125,0.16724540065431848,0.1238948879105386,1.2481483211740851,1.0114577938891765e-06,0.013700195818228896,0.4453125
readout_sip,sip,256,64,16,0.6371183717193358,0.078125,0.2578125,5917.515625,14.3125,0.17124867446222292,0.12578280228787014,0.9866465935483575,1.0114577938891765e-06,0.012355968410150181,0.4453125
readout_sip,sip,256,64,32,0.6523835029459025,0.1015625,0.2421875,5108.40625,13.78125,0.17125494484623902,0.12439788669776161,0.7844575047492981,4.045831175556706e-06,0.011316189798032108,0.4453125
readout_sip,sip,256,64,64,0.693626138189609,0.0859375,0.2578125,5112.71875,14.0078125,0.1932630126203425,0.1413810426856082,0.5409749560058117,0.0,0.006924440056965303,0.4453125
readout_central_complex,central_complex,256,1,1,0.0,0.0625,0.1171875,4347.421875,15.6953125,,,0.0,1.0,0.0,0.0
readout_central_complex,central_complex,256,1,2,0.0,0.0625,0.1171875,4347.421875,15.6953125,,,0.0,1.0,0.0,0.0
readout_central_complex,central_complex,256,1,4,0.0,0.0625,0.1171875,4347.421875,15.6953125,,,0.0,0.0684716468151217,0.02728306253236665,0.0
readout_central_complex,central_complex,256,1,8,0.0,0.0625,0.1171875,4347.421875,15.6953125,,,0.0,1.0114577938891765e-06,0.020831984722941482,0.0
readout_central_complex,central_complex,256,1,16,0.0,0.0625,0.1171875,4347.421875,15.6953125,,,0.0,2.022915587778353e-06,0.02068633480062144,0.0
readout_central_complex,central_complex,256,1,32,0.0,0.0625,0.1171875,4347.421875,15.6953125,,,0.0,3.0343733816675297e-06,0.02027972876747799,0.0
readout_central_complex,central_complex,256,1,64,0.0,0.0625,0.1171875,4347.421875,15.6953125,,,0.0,1.0114577938891765e-06,0.014242337195753496,0.0
readout_central_complex,central_complex,256,2,1,0.0,0.0625,0.1171875,4347.421875,15.6953125,,,0.0,1.0,0.0,0.0
readout_central_complex,central_complex,256,2,2,0.0,0.0625,0.1171875,4347.421875,15.6953125,,,0.0,1.0,0.0,0.0
readout_central_complex,central_complex,256,2,4,0.0,0.0625,0.1171875,4347.421875,15.6953125,,,0.0,0.0684716468151217,0.02728306253236665,0.0
readout_central_complex,central_complex,256,2,8,0.0,0.0625,0.1171875,4347.421875,15.6953125,,,0.0,1.0114577938891765e-06,0.020831984722941482,0.0
readout_central_complex,central_complex,256,2,16,0.0,0.0625,0.1171875,4347.421875,15.6953125,,,0.0,2.022915587778353e-06,0.02068633480062144,0.0
readout_central_complex,central_complex,256,2,32,0.0,0.0625,0.1171875,4347.421875,15.6953125,,,0.0,3.0343733816675297e-06,0.02027972876747799,0.0
readout_central_complex,central_complex,256,2,64,0.0,0.0625,0.1171875,4347.421875,15.6953125,,,0.0,1.0114577938891765e-06,0.014242337195753496,0.0
readout_central_complex,central_complex,256,4,1,0.0,0.0625,0.1171875,4347.421875,15.6953125,,,0.0,1.0,0.0,0.4088541666666667
readout_central_complex,central_complex,256,4,2,0.0,0.0625,0.1171875,4347.421875,15.6953125,,,0.0,1.0,0.0,0.4088541666666667
readout_central_complex,central_complex,256,4,4,0.6855918585966791,0.1015625,0.3515625,5075.25,12.1171875,0.18319206311255581,0.127177461103064,0.45938421378377825,0.0684716468151217,0.02728306253236665,0.4088541666666667
readout_central_complex,central_complex,256,4,8,0.6052490626673809,0.1015625,0.2109375,4375.921875,14.765625,0.06509061411797354,0.04802329005107161,0.9870237084105611,1.0114577938891765e-06,0.020831984722941482,0.4088541666666667
readout_central_complex,central_complex,256,4,16,0.6089983931440814,0.09375,0.234375,5938.703125,15.4453125,0.06657704125304917,0.051295209674339,1.2419293113052845,2.022915587778353e-06,0.02068633480062144,0.4088541666666667
readout_central_complex,central_complex,256,4,32,0.6023031601499732,0.09375,0.2265625,5928.140625,15.703125,0.054169765877559777,0.042212897472691684,1.3478867034427822,3.0343733816675297e-06,0.02027972876747799,0.4088541666666667
readout_central_complex,central_complex,256,4,64,0.597214783074451,0.0546875,0.1640625,5141.84375,15.265625,0.038784043805622406,0.03143364158349282,1.2076261932961643,1.0114577938891765e-06,0.014242337195753496,0.4088541666666667
readout_central_complex,central_complex,256,8,1,0.0,0.0625,0.1171875,4347.421875,15.6953125,,,0.0,1.0,0.0,0.5208333333333334
readout_central_complex,central_complex,256,8,2,0.0,0.0625,0.1171875,4347.421875,15.6953125,,,0.0,1.0,0.0,0.5208333333333334
readout_central_complex,central_complex,256,8,4,0.5656132833422604,0.0234375,0.078125,3634.8203125,15.0625,0.13818704959663816,0.09449286907352873,1.5302549488842487,0.0684716468151217,0.02728306253236665,0.5208333333333334
readout_central_complex,central_complex,256,8,8,0.7185324049276914,0.1171875,0.3671875,4299.0078125,11.9609375,0.19710558853747784,0.13957435968827853,0.49792534904554486,1.0114577938891765e-06,0.020831984722941482,0.5208333333333334
readout_central_complex,central_complex,256,8,16,0.727905731119443,0.1328125,0.296875,4314.4453125,13.4765625,0.18694884777094337,0.13187961254544683,0.6193875721655786,2.022915587778353e-06,0.02068633480062144,0.5208333333333334
readout_central_complex,central_complex,256,8,32,0.7316550615961436,0.140625,0.3515625,4295.859375,12.625,0.20197693972725783,0.14125385260107162,0.5306326188147068,3.0343733816675297e-06,0.02027972876747799,0.5208333333333334
readout_central_complex,central_complex,256,8,64,0.695232994108195,0.1328125,0.2890625,4296.140625,13.2890625,0.18354097269689554,0.13140834191704215,1.0192087679170072,1.0114577938891765e-06,0.014242337195753496,0.5208333333333334
readout_central_complex,central_complex,256,16,1,0.0,0.0625,0.1171875,4347.421875,15.6953125,,,0.0,1.0,0.0,0.5872395833333334
readout_central_complex,central_complex,256,16,2,0.0,0.0625,0.1171875,4347.421875,15.6953125,,,0.0,1.0,0.0,0.5872395833333334
readout_central_complex,central_complex,256,16,4,0.5656132833422604,0.0234375,0.0703125,3616.6484375,14.484375,0.1389384941728738,0.09689420123167311,1.0964454771019518,0.0684716468151217,0.02728306253236665,0.5872395833333334
readout_central_complex,central_complex,256,16,8,0.6944295661489019,0.1171875,0.3515625,4278.3046875,11.4453125,0.1947906887769162,0.13516313792276596,0.4871241431683302,1.0114577938891765e-06,0.020831984722941482,0.5872395833333334
readout_central_complex,central_complex,256,16,16,0.7225495447241564,0.1015625,0.3515625,4309.328125,12.296875,0.20134487595828748,0.14328478403710915,0.509053754620254,2.022915587778353e-06,0.02068633480062144,0.5872395833333334
readout_central_complex,central_complex,256,16,32,0.7233529726834493,0.15625,0.3984375,4266.28125,11.6796875,0.21255227080672096,0.14856802944246117,0.4053977755829692,3.0343733816675297e-06,0.02027972876747799,0.5872395833333334
readout_central_complex,central_complex,256,16,64,0.6628280664167113,0.0859375,0.3046875,4316.75,12.7109375,0.1769702948299043,0.12484977248908338,0.8618293795734644,1.0114577938891765e-06,0.014242337195753496,0.5872395833333334
readout_central_complex,central_complex,256,32,1,0.0,0.0625,0.1171875,4347.421875,15.6953125,,,0.0,1.0,0.0,0.5377604166666666
readout_central_complex,central_complex,256,32,2,0.0,0.0625,0.1171875,4347.421875,15.6953125,,,0.0,1.0,0.0,0.5377604166666666
readout_central_complex,central_complex,256,32,4,0.5728441349758971,0.0234375,0.0703125,3604.9921875,14.28125,0.12427223935864218,0.08564158657762289,1.2130309399217367,0.0684716468151217,0.02728306253236665,0.5377604166666666
readout_central_complex,central_complex,256,32,8,0.6829137653990359,0.09375,0.3359375,3531.6015625,12.5,0.18675779896015987,0.13063512909941688,0.6937452983111143,1.0114577938891765e-06,0.020831984722941482,0.5377604166666666
readout_central_complex,central_complex,256,32,16,0.7003213711837172,0.1015625,0.2890625,4301.484375,12.0,0.18304588963517093,0.1304734343403364,0.6237854666542262,2.022915587778353e-06,0.02068633480062144,0.5377604166666666
readout_central_complex,central_complex,256,32,32,0.723888591322978,0.1015625,0.3671875,4311.6796875,12.328125,0.21100321343485065,0.14981364454088505,0.5042697256430984,3.0343733816675297e-06,0.02027972876747799,0.5377604166666666
readout_central_complex,central_complex,256,32,64,0.6807712908409213,0.0625,0.3359375,4342.03125,13.5546875,0.18214242552236526,0.13085452867246045,0.765034718438983,1.0114577938891765e-06,0.014242337195753496,0.5377604166666666
readout_central_complex,central_complex,256,64,1,0.0,0.0625,0.1171875,4347.421875,15.6953125,,,0.0,1.0,0.0,0.4791666666666667
readout_central_complex,central_complex,256,64,2,0.0,0.0625,0.1171875,4347.421875,15.6953125,,,0.0,1.0,0.0,0.4791666666666667
readout_central_complex,central_complex,256,64,4,0.6012319228709159,0.0078125,0.0546875,5175.875,15.234375,0.13071481816164038,0.08969390530925189,2.158268688246608,0.0684716468151217,0.02728306253236665,0.4791666666666667
readout_central_complex,central_complex,256,64,8,0.6979110873058383,0.09375,0.296875,4308.46875,12.3359375,0.19068333388715064,0.13517196606615112,0.6860054340213537,1.0114577938891765e-06,0.020831984722941482,0.4791666666666667
readout_central_complex,central_complex,256,64,16,0.7038028923406534,0.078125,0.3046875,4320.9765625,12.8984375,0.1908613967165511,0.1347371259637993,1.1877674465067685,2.022915587778353e-06,0.02068633480062144,0.4791666666666667
readout_central_complex,central_complex,256,64,32,0.7104981253347616,0.0703125,0.296875,4343.6796875,13.5546875,0.18671384945724961,0.1291562176151381,1.0034605534747243,3.0343733816675297e-06,0.02027972876747799,0.4791666666666667
readout_central_complex,central_complex,256,64,64,0.7391537225495447,0.140625,0.3515625,4277.46875,12.0859375,0.22532309925625532,0.16225255095131824,0.49081792682409286,1.0114577938891765e-06,0.014242337195753496,0.4791666666666667
readout_lal,lal,256,1,1,0.0,0.0625,0.1171875,4347.421875,15.6953125,,,0.0,1.0,0.0,0.0
readout_lal,lal,256,1,2,0.0,0.0625,0.1171875,4347.421875,15.6953125,,,0.0,0.8279672125841533,0.006695850595546349,0.0
readout_lal,lal,256,1,4,0.0,0.0625,0.1171875,4347.421875,15.6953125,,,0.0,1.0114577938891765e-06,0.0244186140600725,0.0
readout_lal,lal,256,1,8,0.0,0.0625,0.1171875,4347.421875,15.6953125,,,0.0,1.0114577938891765e-06,0.0219890924391507,0.0
readout_lal,lal,256,1,16,0.0,0.0625,0.1171875,4347.421875,15.6953125,,,0.0,1.0114577938891765e-06,0.021438859399274986,0.0
readout_lal,lal,256,1,32,0.0,0.0625,0.1171875,4347.421875,15.6953125,,,0.0,0.0,0.02153292497410668,0.0
readout_lal,lal,256,1,64,0.0,0.0625,0.1171875,4347.421875,15.6953125,,,0.0,0.0,0.019496860435007767,0.0
readout_lal,lal,256,2,1,0.0,0.0625,0.1171875,4347.421875,15.6953125,,,0.0,1.0,0.0,0.28515625
readout_lal,lal,256,2,2,0.22147830744509908,0.0625,0.15625,4326.71875,13.484375,0.040064457242305354,0.030146036851612303,0.28508539544418454,0.8279672125841533,0.006695850595546349,0.28515625
readout_lal,lal,256,2,4,0.5816818425281199,0.0390625,0.125,5109.0,13.6171875,0.0449226981808946,0.02599097997264175,0.32345028477720916,1.0114577938891765e-06,0.0244186140600725,0.28515625
readout_lal,lal,256,2,8,0.564542046063203,0.046875,0.1171875,5086.5390625,12.3125,0.030717780558247393,0.017603328769657475,0.3515176794026047,1.0114577938891765e-06,0.0219890924391507,0.28515625
readout_lal,lal,256,2,16,0.5468666309587573,0.046875,0.1171875,5103.4140625,12.6796875,0.018574347863410272,0.009472394804802163,0.352418681839481,1.0114577938891765e-06,0.021438859399274986,0.28515625
readout_lal,lal,256,2,32,0.5455275843599358,0.0546875,0.1171875,5123.3671875,13.796875,0.028951016335474037,0.01637635491033338,0.35440944542642683,0.0,0.02153292497410668,0.28515625
readout_lal,lal,256,2,64,0.5640064274236744,0.0546875,0.1328125,5124.15625,13.953125,0.042836560370469214,0.025781559601555114,0.3565165516920388,0.0,0.019496860435007767,0.28515625
readout_lal,lal,256,4,1,0.0,0.0625,0.1171875,4347.421875,15.6953125,,,0.0,1.0,0.0,0.46484375
readout_lal,lal,256,4,2,0.21558650241028388,0.078125,0.1328125,4298.390625,13.1796875,0.03654773076791036,0.027816158442969786,0.38766062166541815,0.8279672125841533,0.006695850595546349,0.46484375
readout_lal,lal,256,4,4,0.7062131762185324,0.1171875,0.3359375,5871.4921875,12.5625,0.1866972347873395,0.1347089135916289,0.46216337219811976,1.0114577938891765e-06,0.0244186140600725,0.46484375
readout_lal,lal,256,4,8,0.6794322442420996,0.0625,0.21875,5136.3671875,14.6953125,0.1776690197916006,0.12959806657743952,0.7908223131671548,1.0114577938891765e-06,0.0219890924391507,0.46484375
readout_lal,lal,256,4,16,0.6671130155329406,0.0703125,0.2109375,5133.90625,14.703125,0.174123122608895,0.1270839452843189,1.0795013904571533,1.0114577938891765e-06,0.021438859399274986,0.46484375
readout_lal,lal,256,4,32,0.6513122656668452,0.0703125,0.1796875,5144.8828125,15.421875,0.16747814539363182,0.12337415751507291,1.1918723080307245,0.0,0.02153292497410668,0.46484375
readout_lal,lal,256,4,64,0.6365827530798072,0.0546875,0.15625,4364.2734375,15.1484375,0.1397700848194649,0.1046169211948012,1.4546628340613097,0.0,0.019496860435007767,0.46484375
readout_lal,lal,256,8,1,0.0,0.0625,0.1171875,4347.421875,15.6953125,,,0.0,1.0,0.0,0.61328125
readout_lal,lal,256,8,2,0.1850562399571505,0.046875,0.1015625,3550.0546875,13.53125,0.009547881291179474,0.006052453490315119,2.997703246306628,0.8279672125841533,0.006695850595546349,0.61328125
readout_lal,lal,256,8,4,0.5926620246384574,0.0859375,0.1328125,3490.671875,10.6875,0.07918578931760503,0.06009845507896898,0.7130288514308631,1.0114577938891765e-06,0.0244186140600725,0.61328125
readout_lal,lal,256,8,8,0.711569362613819,0.1171875,0.3515625,4305.3046875,11.546875,0.19852193682554226,0.14354554724668472,0.4764570165425539,1.0114577938891765e-06,0.0219890924391507,0.61328125
readout_lal,lal,256,8,16,0.7000535618639528,0.078125,0.3125,4348.203125,12.8671875,0.18532177094650176,0.13342662846302797,0.635112221352756,1.0114577938891765e-06,0.021438859399274986,0.61328125
readout_lal,lal,256,8,32,0.6997857525441885,0.078125,0.296875,4350.9609375,13.1328125,0.18629531020842088,0.13421296480202566,1.2178671807050705,0.0,0.02153292497410668,0.61328125
readout_lal,lal,256,8,64,0.6834493840385646,0.078125,0.2265625,3543.9140625,13.421875,0.16475749143811325,0.1206075362790491,1.0379073461517692,0.0,0.019496860435007767,0.61328125
readout_lal,lal,256,16,1,0.0,0.0625,0.1171875,4347.421875,15.6953125,,,0.0,1.0,0.0,0.65234375
readout_lal,lal,256,16,2,0.1754151044456347,0.0390625,0.09375,3574.3046875,14.3359375,0.0024997441462508603,0.000619110643898471,2.8830604108516127,0.8279672125841533,0.006695850595546349,0.65234375
readout_lal,lal,256,16,4,0.5977504017139796,0.0859375,0.140625,3499.3046875,10.9296875,0.08256174809308503,0.0624205972725132,0.7706228038296103,1.0114577938891765e-06,0.0244186140600725,0.65234375
readout_lal,lal,256,16,8,0.7147830744509909,0.125,0.3203125,4276.015625,11.609375,0.2012801996845866,0.14470808469582294,0.5298675466328859,1.0114577938891765e-06,0.0219890924391507,0.65234375
readout_lal,lal,256,16,16,0.7171933583288699,0.125,0.34375,4299.78125,11.2265625,0.1994123584522592,0.14381811082744164,0.48218395840376616,1.0114577938891765e-06,0.021438859399274986,0.65234375
readout_lal,lal,256,16,32,0.7217461167648634,0.109375,0.3359375,3527.3984375,12.03125,0.19709410745437544,0.14249785971066053,1.0294786551967263,0.0,0.02153292497410668,0.65234375
readout_lal,lal,256,16,64,0.7008569898232458,0.0859375,0.2421875,3562.0078125,13.46875,0.16841074335459344,0.12190410168199403,0.9722440578043461,0.0,0.019496860435007767,0.65234375
readout_lal,lal,256,32,1,0.0,0.0625,0.1171875,4347.421875,15.6953125,,,0.0,1.0,0.0,0.6940104166666666
readout_lal,lal,256,32,2,0.178093197643278,0.046875,0.109375,3570.0859375,14.03125,0.009104488557207685,0.005822485449655511,2.902905452880077,0.8279672125841533,0.006695850595546349,0.6940104166666666
readout_lal,lal,256,32,4,0.5926620246384574,0.0703125,0.1484375,4279.609375,11.1015625,0.09199774819174203,0.06701773363325411,0.6298491060733795,1.0114577938891765e-06,0.0244186140600725,0.6940104166666666
readout_lal,lal,256,32,8,0.693626138189609,0.109375,0.2890625,3530.921875,12.6875,0.18335442201173982,0.13191788947838798,0.6464840015396476,1.0114577938891765e-06,0.0219890924391507,0.6940104166666666
readout_lal,lal,256,32,16,0.7040707016604177,0.1015625,0.2734375,3550.328125,12.6015625,0.18484833662280573,0.1341611926024095,0.4584376532584429,1.0114577938891765e-06,0.021438859399274986,0.6940104166666666
readout_lal,lal,256,32,32,0.7150508837707552,0.1484375,0.3515625,4262.40625,10.0234375,0.1967734637774323,0.1417189202725481,0.4584045084193349,0.0,0.02153292497410668,0.6940104166666666
readout_lal,lal,256,32,64,0.7046063202999464,0.109375,0.2578125,4295.328125,12.6640625,0.18101530115665893,0.13116123574066924,0.8692927062511444,0.0,0.019496860435007767,0.6940104166666666
readout_lal,lal,256,64,1,0.0,0.0625,0.1171875,4347.421875,15.6953125,,,0.0,1.0,0.0,0.546875
readout_lal,lal,256,64,2,0.17595072308516335,0.0390625,0.1015625,3588.1953125,14.5625,0.0036411315397118366,0.0012417630710569948,1.798753406619653,0.8279672125841533,0.006695850595546349,0.546875
readout_lal,lal,256,64,4,0.6403320835565077,0.078125,0.1484375,5102.71875,12.0625,0.1375967463110927,0.09836860333628734,0.5889686294831336,1.0114577938891765e-06,0.0244186140600725,0.546875
readout_lal,lal,256,64,8,0.695232994108195,0.078125,0.234375,5124.609375,13.1953125,0.18787748502570079,0.1359422746912916,0.89872663654387,1.0114577938891765e-06,0.0219890924391507,0.546875
readout_lal,lal,256,64,16,0.7008569898232458,0.0859375,0.234375,5119.4453125,13.3359375,0.19360790935629385,0.1381049475426363,0.9798833783715963,1.0114577938891765e-06,0.021438859399274986,0.546875
readout_lal,lal,256,64,32,0.7013926084627745,0.1015625,0.2890625,4313.375,11.46875,0.18974270301005067,0.13651358505005096,0.5323151340708137,0.0,0.02153292497410668,0.546875
readout_lal,lal,256,64,64,0.7182645956079271,0.1328125,0.3515625,5049.1875,10.953125,0.19510157738484468,0.14112213968979093,0.4427603632211685,0.0,0.019496860435007767,0.546875
readout_baseline_a,baseline_a,256,1,1,0.0,0.0625,0.1171875,4347.421875,15.6953125,,,0.0,1.0,0.0,0.0
readout_baseline_a,baseline_a,256,1,2,0.0,0.0625,0.1171875,4347.421875,15.6953125,,,0.0,0.7108717552433972,0.004860054699637494,0.0
readout_baseline_a,baseline_a,256,1,4,0.0,0.0625,0.1171875,4347.421875,15.6953125,,,0.0,1.0114577938891765e-06,0.016559587001553598,0.0
readout_baseline_a,baseline_a,256,1,8,0.0,0.0625,0.1171875,4347.421875,15.6953125,,,0.0,0.0,0.0137092989383739,0.0
readout_baseline_a,baseline_a,256,1,16,0.0,0.0625,0.1171875,4347.421875,15.6953125,,,0.0,0.0,0.014160409114448472,0.0
readout_baseline_a,baseline_a,256,1,32,0.0,0.0625,0.1171875,4347.421875,15.6953125,,,0.0,1.0114577938891765e-06,0.012540053728638012,0.0
readout_baseline_a,baseline_a,256,1,64,0.0,0.0625,0.1171875,4347.421875,15.6953125,,,0.0,3.0343733816675297e-06,0.009659421931641637,0.0
readout_baseline_a,baseline_a,256,2,1,0.0,0.0625,0.1171875,4347.421875,15.6953125,,,0.0,1.0,0.0,0.3971354166666667
readout_baseline_a,baseline_a,256,2,2,0.688805570433851,0.1171875,0.3203125,4267.25,10.078125,0.18601488229084534,0.1361569516279183,0.5870111132971942,0.7108717552433972,0.004860054699637494,0.3971354166666667
readout_baseline_a,baseline_a,256,2,4,0.6414033208355651,0.0546875,0.25,5130.9375,14.0078125,0.11337884238468285,0.08012087170569746,0.6172942467965186,1.0114577938891765e-06,0.016559587001553598,0.3971354166666667
readout_baseline_a,baseline_a,256,2,8,0.6247991430101768,0.0390625,0.203125,5106.3984375,13.9140625,0.10683223929182314,0.07419210846812005,0.4720926135778427,0.0,0.0137092989383739,0.3971354166666667
readout_baseline_a,baseline_a,256,2,16,0.62747723620782,0.0390625,0.2109375,5121.5078125,14.375,0.10838237797210329,0.07552847205163818,0.5062766605988145,0.0,0.014160409114448472,0.3971354166666667
readout_baseline_a,baseline_a,256,2,32,0.6261381896089984,0.0390625,0.2109375,5123.0625,14.6015625,0.10936232544888778,0.07605990340616445,0.5230668152216822,1.0114577938891765e-06,0.012540053728638012,0.3971354166666667
readout_baseline_a,baseline_a,256,2,64,0.6148901981788967,0.0390625,0.203125,5127.4140625,14.3984375,0.11334067850287413,0.08099235234470371,0.5568317228462547,3.0343733816675297e-06,0.009659421931641637,0.3971354166666667
readout_baseline_a,baseline_a,256,4,1,0.0,0.0625,0.1171875,4347.421875,15.6953125,,,0.0,1.0,0.0,0.51171875
readout_baseline_a,baseline_a,256,4,2,0.5345474022495983,0.0390625,0.140625,4315.390625,11.328125,0.06911666987569434,0.046569477126389924,1.1222451841458678,0.7108717552433972,0.004860054699637494,0.51171875
readout_baseline_a,baseline_a,256,4,4,0.7445099089448313,0.15625,0.390625,4260.890625,10.515625,0.225172491979134,0.1607963691002317,0.7293277899734676,1.0114577938891765e-06,0.016559587001553598,0.51171875
readout_baseline_a,baseline_a,256,4,8,0.70915907873594,0.109375,0.34375,5067.7109375,11.578125,0.19383386192898938,0.1383427359852285,0.8106054714880884,0.0,0.0137092989383739,0.51171875
readout_baseline_a,baseline_a,256,4,16,0.6944295661489019,0.09375,0.3125,5081.7734375,12.7578125,0.19005171353016037,0.13488480892531124,0.7264866544865072,0.0,0.014160409114448472,0.51171875
readout_baseline_a,baseline_a,256,4,32,0.6901446170326727,0.09375,0.296875,5085.9140625,12.5390625,0.19860539784137762,0.1411747059611949,0.8678470002487302,1.0114577938891765e-06,0.012540053728638012,0.51171875
readout_baseline_a,baseline_a,256,4,64,0.6419389394750937,0.0625,0.234375,4320.6015625,12.765625,0.15773142318307387,0.11278507112366297,0.6383295529522002,3.0343733816675297e-06,0.009659421931641637,0.51171875
readout_baseline_a,baseline_a,256,8,1,0.0,0.0625,0.1171875,4347.421875,15.6953125,,,0.0,1.0,0.0,0.6223958333333334
readout_baseline_a,baseline_a,256,8,2,0.5297268344938404,0.078125,0.171875,4326.8515625,11.6484375,0.11320178760294689,0.0829662114770768,1.1152866836637259,0.7108717552433972,0.004860054699637494,0.6223958333333334
readout_baseline_a,baseline_a,256,8,4,0.6815747188002143,0.140625,0.3125,4278.078125,11.8359375,0.17888952244182782,0.12720876871869302,0.8860050393268466,1.0114577938891765e-06,0.016559587001553598,0.6223958333333334
readout_baseline_a,baseline_a,256,8,8,0.7434386716657739,0.15625,0.3828125,4264.1484375,10.7109375,0.22686582462105645,0.16166325381633295,0.7706022565253079,0.0,0.0137092989383739,0.6223958333333334
readout_baseline_a,baseline_a,256,8,16,0.7359400107123728,0.09375,0.359375,5062.1953125,11.421875,0.22001049652224952,0.15893675340756658,0.7528464207425714,0.0,0.014160409114448472,0.6223958333333334
readout_baseline_a,baseline_a,256,8,32,0.7295125870380289,0.09375,0.3359375,5067.0234375,11.6796875,0.225808409533311,0.16293433274728575,0.7108278120867908,1.0114577938891765e-06,0.012540053728638012,0.6223958333333334
readout_baseline_a,baseline_a,256,8,64,0.6823781467595073,0.0546875,0.2421875,5098.6484375,13.140625,0.17141561852459047,0.12099202496271111,0.7493623341433704,3.0343733816675297e-06,0.009659421931641637,0.6223958333333334
readout_baseline_a,baseline_a,256,16,1,0.0,0.0625,0.1171875,4347.421875,15.6953125,,,0.0,1.0,0.0,0.6119791666666666
readout_baseline_a,baseline_a,256,16,2,0.5249062667380825,0.078125,0.171875,4306.4453125,10.734375,0.11042728878257638,0.08047881470043233,1.1794727630913258,0.7108717552433972,0.004860054699637494,0.6119791666666666
readout_baseline_a,baseline_a,256,16,4,0.6598821638993037,0.109375,0.234375,4293.9296875,12.1640625,0.15849692588922346,0.11566021319033748,0.9953702711500227,1.0114577938891765e-06,0.016559587001553598,0.6119791666666666
readout_baseline_a,baseline_a,256,16,8,0.741831815747188,0.1328125,0.3515625,4287.6796875,11.3984375,0.2303662223206009,0.16490942277897966,0.8035178724676371,0.0,0.0137092989383739,0.6119791666666666
readout_baseline_a,baseline_a,256,16,16,0.7442420996250669,0.1328125,0.390625,4274.5234375,10.90625,0.22339385966439024,0.1588405893010956,0.7416985263116658,0.0,0.014160409114448472,0.6119791666666666
readout_baseline_a,baseline_a,256,16,32,0.7445099089448313,0.1484375,0.3828125,4261.859375,10.578125,0.2275034308775236,0.16283678895180426,0.6845983390230685,1.0114577938891765e-06,0.012540053728638012,0.6119791666666666
readout_baseline_a,baseline_a,256,16,64,0.6770219603642207,0.0546875,0.2265625,3574.3359375,14.296875,0.15478712208670514,0.11084109381016956,0.8677723705768585,3.0343733816675297e-06,0.009659421931641637,0.6119791666666666
readout_baseline_a,baseline_a,256,32,1,0.0,0.0625,0.1171875,4347.421875,15.6953125,,,0.0,1.0,0.0,0.6315104166666666
readout_baseline_a,baseline_a,256,32,2,0.5257096946973755,0.0703125,0.171875,4310.8125,10.6171875,0.10678043867064249,0.0786644296785374,1.209761157631874,0.7108717552433972,0.004860054699637494,0.6315104166666666
readout_baseline_a,baseline_a,256,32,4,0.6569362613818961,0.1015625,0.21875,4290.34375,12.7265625,0.1588690038468201,0.116445247550248,1.1538415784016252,1.0114577938891765e-06,0.016559587001553598,0.6315104166666666
readout_baseline_a,baseline_a,256,32,8,0.7479914301017675,0.1328125,0.3671875,4271.9609375,10.828125,0.23335272643596566,0.16635558812825113,0.8489744963590056,0.0,0.0137092989383739,0.6315104166666666
readout_baseline_a,baseline_a,256,32,16,0.7504017139796465,0.140625,0.3984375,4267.1875,10.8046875,0.2262800501416723,0.16079771953475025,0.7839267835952342,0.0,0.014160409114448472,0.6315104166666666
readout_baseline_a,baseline_a,256,32,32,0.7434386716657739,0.140625,0.3515625,4268.0234375,10.8125,0.2236025830244351,0.15894065374522853,0.7232170726638287,1.0114577938891765e-06,0.012540053728638012,0.6315104166666666
readout_baseline_a,baseline_a,256,32,64,0.6807712908409213,0.0703125,0.2421875,4357.1953125,14.6875,0.15919421820269075,0.11484985258571129,0.8082551779225469,3.0343733816675297e-06,0.009659421931641637,0.6315104166666666
readout_baseline_a,baseline_a,256,64,1,0.0,0.0625,0.1171875,4347.421875,15.6953125,,,0.0,1.0,0.0,0.5911458333333334
readout_baseline_a,baseline_a,256,64,2,0.562935190144617,0.0625,0.21875,4296.109375,10.46875,0.13321303879830074,0.09823590764131199,1.102372843772173,0.7108717552433972,0.004860054699637494,0.5911458333333334
readout_baseline_a,baseline_a,256,64,4,0.6403320835565077,0.0859375,0.2265625,4322.1015625,13.9296875,0.12361485470595138,0.0888365198359105,1.0645688502117991,1.0114577938891765e-06,0.016559587001553598,0.5911458333333334
readout_baseline_a,baseline_a,256,64,8,0.7396893411890734,0.0859375,0.375,4259.640625,11.1171875,0.1967374098473535,0.14032784793440925,1.2080512028187513,0.0,0.0137092989383739,0.5911458333333334
readout_baseline_a,baseline_a,256,64,16,0.7487948580610605,0.09375,0.390625,4277.640625,11.859375,0.22784491698909415,0.16268918719240005,0.9112340935971588,0.0,0.014160409114448472,0.5911458333333334
readout_baseline_a,baseline_a,256,64,32,0.7552222817354044,0.125,0.3828125,4263.4609375,10.984375,0.22991282343600117,0.16308805209220784,0.9078051187098026,1.0114577938891765e-06,0.012540053728638012,0.5911458333333334
readout_baseline_a,baseline_a,256,64,64,0.7479914301017675,0.1484375,0.3828125,4250.078125,10.8046875,0.22157107189412115,0.1580778633711714,0.6611433466896415,3.0343733816675297e-06,0.009659421931641637,0.5911458333333334
