population_id,role,anatomical_family,population_size,mean_in_degree,mean_out_degree,mean_in_strength,mean_out_strength,reachable_from_baseline_sensory_fraction,median_distance_from_baseline_sensory,reachable_to_baseline_readout_fraction,median_distance_to_baseline_readout,scc_member_fraction,scc_count,atlas_mapping_confidence,depth,validation_mean_teacher_regret_cp
input_baseline_a,input,baseline_a,1024,48.5439453125,49.97265625,0.9580078125,0.6388247013092041,1.0,0.0,1.0,2.0,0.955078125,48,,,
input_central_complex,input,central_complex,1024,78.3037109375,70.46484375,1.0,0.8700546026229858,1.0,2.0,0.962890625,2.0,0.962890625,39,high,,
input_cre,input,cre,387,105.48062015503876,103.92248062015504,1.0,0.8616201877593994,1.0,2.0,1.0,2.0,1.0,1,,,
input_descending,input,descending,1024,187.6201171875,188.6240234375,1.0,2.3232524394989014,1.0,2.0,0.9697265625,1.0,0.9658203125,36,high,,
input_fan_shaped_body,input,fan_shaped_body,610,113.52622950819672,119.31311475409836,1.0,1.5330049991607666,1.0,2.0,0.940983606557377,2.0,0.940983606557377,37,medium,,
input_lal,input,lal,721,113.14701803051318,96.21497919556172,1.0,1.1104799509048462,1.0,2.0,0.9778085991678225,1.0,0.9778085991678225,17,,,
input_mb_kenyon_cells,input,mb_kenyon_cells,1024,36.79296875,50.1376953125,1.0,0.48325762152671814,1.0,2.0,1.0,2.0,1.0,1,,,
input_pfl,input,pfl,52,152.15384615384616,73.6923076923077,1.0,0.6982088088989258,1.0,2.0,0.9615384615384616,1.0,0.9615384615384616,3,,,
input_pfn,input,pfn,457,28.925601750547045,42.667396061269145,1.0,0.6035479307174683,1.0,3.0,0.9978118161925602,2.0,0.9978118161925602,2,,,
input_pfr,input,pfr,44,106.77272727272727,33.52272727272727,1.0,0.274185448884964,1.0,2.0,0.36363636363636365,2.0,0.36363636363636365,29,,,
input_random_central_brain,input,random_central_brain,1024,61.7353515625,63.583984375,0.998046875,0.995141863822937,0.998046875,2.0,0.974609375,2.0,0.9736328125,28,,,
input_random_whole_brain,input,random_whole_brain,1024,57.7880859375,62.4765625,0.986328125,0.9422518014907837,0.986328125,2.0,0.9609375,2.0,0.951171875,51,,,
input_sip,input,sip,518,101.49034749034749,86.88223938223938,1.0,0.6776223182678223,1.0,2.0,0.9922779922779923,2.0,0.9922779922779923,5,,,
input_smp,input,smp,1024,103.7626953125,84.837890625,1.0,0.8564271926879883,1.0,2.0,0.9453125,2.0,0.9453125,57,,,
input_visual_projection,input,visual_projection,1024,122.7119140625,75.9345703125,1.0,0.7232848405838013,1.0,1.0,0.9423828125,2.0,0.9423828125,60,high,,
readout_baseline_a,readout,baseline_a,256,178.76953125,119.4296875,1.0,1.6382789611816406,1.0,2.0,1.0,0.0,0.625,97,,1.0,4347.421875
readout_baseline_a,readout,baseline_a,256,178.76953125,119.4296875,1.0,1.6382789611816406,1.0,2.0,1.0,0.0,0.625,97,,8.0,4264.1484375
readout_central_complex,readout,central_complex,256,77.89453125,65.98828125,1.0,0.9029927253723145,1.0,2.0,0.94921875,2.0,0.94921875,14,high,1.0,4347.421875
readout_central_complex,readout,central_complex,256,77.89453125,65.98828125,1.0,0.9029927253723145,1.0,2.0,0.94921875,2.0,0.94921875,14,high,8.0,4299.0078125
readout_central_computation_panel,readout,central_computation_panel,256,77.9921875,82.41796875,1.0,1.0451440811157227,1.0,2.0,0.95703125,2.0,0.95703125,12,,1.0,4347.421875
readout_central_computation_panel,readout,central_computation_panel,256,77.9921875,82.41796875,1.0,1.0451440811157227,1.0,2.0,0.95703125,2.0,0.95703125,12,,8.0,5111.1953125
readout_cre,readout,cre,256,97.1171875,97.44140625,1.0,0.786264955997467,1.0,2.0,1.0,2.0,1.0,1,,1.0,4347.421875
readout_cre,readout,cre,256,97.1171875,97.44140625,1.0,0.786264955997467,1.0,2.0,1.0,2.0,1.0,1,,8.0,5104.6484375
readout_dan_modulatory_mb,readout,dan_modulatory_mb,256,126.33203125,0.0,1.0,0.0,1.0,2.0,0.0,,0.0,256,,1.0,4347.421875
readout_dan_modulatory_mb,readout,dan_modulatory_mb,256,126.33203125,0.0,1.0,0.0,1.0,2.0,0.0,,0.0,256,,8.0,5110.6171875
readout_delta7,readout,delta7,42,80.28571428571429,139.78571428571428,1.0,2.837677478790283,1.0,3.0,1.0,2.0,1.0,1,,1.0,4347.421875
readout_delta7,readout,delta7,42,80.28571428571429,139.78571428571428,1.0,2.837677478790283,1.0,3.0,1.0,2.0,1.0,1,,8.0,3543.8046875
readout_descending,readout,descending,256,186.2734375,194.80078125,1.0,2.594877243041992,1.0,2.0,0.97265625,1.0,0.97265625,8,high,1.0,4347.421875
readout_descending,readout,descending,256,186.2734375,194.80078125,1.0,2.594877243041992,1.0,2.0,0.97265625,1.0,0.97265625,8,high,8.0,4275.453125
readout_epg,readout,epg,50,261.02,157.42,1.0,1.3244563341140747,1.0,2.0,1.0,2.0,1.0,1,,1.0,4347.421875
readout_epg,readout,epg,50,261.02,157.42,1.0,1.3244563341140747,1.0,2.0,1.0,2.0,1.0,1,,8.0,4266.734375
readout_epg_delta7_pb_eb_attractor,readout,epg_delta7_pb_eb_attractor,256,90.83984375,80.4296875,1.0,1.1485998630523682,1.0,2.0,0.90234375,2.0,0.90234375,26,,1.0,4347.421875
readout_epg_delta7_pb_eb_attractor,readout,epg_delta7_pb_eb_attractor,256,90.83984375,80.4296875,1.0,1.1485998630523682,1.0,2.0,0.90234375,2.0,0.90234375,26,,8.0,4226.0078125
readout_fan_shaped_body,readout,fan_shaped_body,256,107.0234375,115.5390625,1.0,1.3369052410125732,1.0,2.0,0.9453125,2.0,0.9453125,15,medium,1.0,4347.421875
readout_fan_shaped_body,readout,fan_shaped_body,256,107.0234375,115.5390625,1.0,1.3369052410125732,1.0,2.0,0.9453125,2.0,0.9453125,15,medium,8.0,5102.0078125
readout_fb_combined,readout,fb_combined,256,123.80859375,113.96484375,1.0,1.7034353017807007,1.0,2.0,0.953125,2.0,0.953125,13,,1.0,4347.421875
readout_fb_combined,readout,fb_combined,256,123.80859375,113.96484375,1.0,1.7034353017807007,1.0,2.0,0.953125,2.0,0.953125,13,,8.0,5115.7578125
readout_fc,readout,fc,256,74.0078125,58.6953125,1.0,0.5505662560462952,1.0,2.0,1.0,2.0,1.0,1,,1.0,4347.421875
readout_fc,readout,fc,256,74.0078125,58.6953125,1.0,0.5505662560462952,1.0,2.0,1.0,2.0,1.0,1,,8.0,4344.4453125
readout_fc_pfn_pfr_combined,readout,fc_pfn_pfr_combined,256,47.51953125,48.4375,1.0,0.5750021934509277,1.0,3.0,0.97265625,2.0,0.97265625,8,,1.0,4347.421875
readout_fc_pfn_pfr_combined,readout,fc_pfn_pfr_combined,256,47.51953125,48.4375,1.0,0.5750021934509277,1.0,3.0,0.97265625,2.0,0.97265625,8,,8.0,5095.90625
readout_hdelta_family,readout,hdelta_family,189,127.57671957671958,88.78306878306879,1.0,1.6975494623184204,1.0,3.0,1.0,2.0,1.0,1,,1.0,4347.421875
readout_hdelta_family,readout,hdelta_family,189,127.57671957671958,88.78306878306879,1.0,1.6975494623184204,1.0,3.0,1.0,2.0,1.0,1,,8.0,5113.6640625
readout_lal,readout,lal,256,113.8984375,98.2265625,1.0,1.3754785060882568,1.0,2.0,0.984375,1.0,0.984375,5,,1.0,4347.421875
readout_lal,readout,lal,256,113.8984375,98.2265625,1.0,1.3754785060882568,1.0,2.0,0.984375,1.0,0.984375,5,,8.0,4305.3046875
readout_lal_descending_combined,readout,lal_descending_combined,256,158.65234375,161.05859375,1.0,2.0425822734832764,1.0,2.0,0.9921875,1.0,0.98828125,4,,1.0,4347.421875
readout_lal_descending_combined,readout,lal_descending_combined,256,158.65234375,161.05859375,1.0,2.0425822734832764,1.0,2.0,0.9921875,1.0,0.98828125,4,,8.0,5067.6953125
readout_mbon,readout,mbon,97,548.1546391752578,163.83505154639175,1.0,2.4241373538970947,1.0,2.0,1.0,2.0,1.0,1,,1.0,4347.421875
readout_mbon,readout,mbon,97,548.1546391752578,163.83505154639175,1.0,2.4241373538970947,1.0,2.0,1.0,2.0,1.0,1,,8.0,4349.78125
readout_mbon_smp_cre_sip_combined,readout,mbon_smp_cre_sip_combined,256,112.375,91.453125,1.0,0.982510507106781,1.0,2.0,0.96484375,2.0,0.96484375,10,,1.0,4347.421875
readout_mbon_smp_cre_sip_combined,readout,mbon_smp_cre_sip_combined,256,112.375,91.453125,1.0,0.982510507106781,1.0,2.0,0.96484375,2.0,0.96484375,10,,8.0,3483.734375
readout_mb_kenyon_cells,readout,mb_kenyon_cells,256,36.12109375,49.86328125,1.0,0.48474740982055664,1.0,2.0,1.0,2.0,1.0,1,,1.0,4347.421875
readout_mb_kenyon_cells,readout,mb_kenyon_cells,256,36.12109375,49.86328125,1.0,0.48474740982055664,1.0,2.0,1.0,2.0,1.0,1,,8.0,5135.53125
readout_pb_eb_associated,readout,pb_eb_associated,256,98.76953125,82.75,1.0,1.0930373668670654,1.0,2.0,0.89453125,2.0,0.89453125,28,,1.0,4347.421875
readout_pb_eb_associated,readout,pb_eb_associated,256,98.76953125,82.75,1.0,1.0930373668670654,1.0,2.0,0.89453125,2.0,0.89453125,28,,8.0,3457.1171875
readout_pfl,readout,pfl,52,152.15384615384616,73.6923076923077,1.0,0.6982088088989258,1.0,2.0,0.9615384615384616,1.0,0.9615384615384616,3,,1.0,4347.421875
readout_pfl,readout,pfl,52,152.15384615384616,73.6923076923077,1.0,0.6982088088989258,1.0,2.0,0.9615384615384616,1.0,0.9615384615384616,3,,8.0,5071.1171875
readout_pfn,readout,pfn,256,29.78125,43.59375,1.0,0.618783712387085,1.0,3.0,1.0,2.0,1.0,1,,1.0,4347.421875
readout_pfn,readout,pfn,256,29.78125,43.59375,1.0,0.618783712387085,1.0,3.0,1.0,2.0,1.0,1,,8.0,4372.0859375
readout_pfr,readout,pfr,44,106.77272727272727,33.52272727272727,1.0,0.274185448884964,1.0,2.0,0.36363636363636365,2.0,0.36363636363636365,29,,1.0,4347.421875
readout_pfr,readout,pfr,44,106.77272727272727,33.52272727272727,1.0,0.274185448884964,1.0,2.0,0.36363636363636365,2.0,0.36363636363636365,29,,8.0,5134.2890625
readout_random_central_brain,readout,random_central_brain,256,62.97265625,64.90234375,1.0,0.9133827090263367,1.0,2.0,0.95703125,2.0,0.95703125,12,,1.0,4347.421875
readout_random_central_brain,readout,random_central_brain,256,62.97265625,64.90234375,1.0,0.9133827090263367,1.0,2.0,0.95703125,2.0,0.95703125,12,,8.0,5079.34375
readout_random_whole_brain,readout,random_whole_brain,256,56.8203125,63.81640625,0.9921875,0.9113944172859192,0.98828125,2.0,0.953125,2.0,0.9453125,16,,1.0,5093.3203125
readout_random_whole_brain,readout,random_whole_brain,256,56.8203125,63.81640625,0.9921875,0.9113944172859192,0.98828125,2.0,0.953125,2.0,0.9453125,16,,8.0,5035.1171875
readout_sip,readout,sip,256,97.10546875,86.09375,1.0,0.6791690587997437,1.0,2.0,1.0,2.0,1.0,1,,1.0,4347.421875
readout_sip,readout,sip,256,97.10546875,86.09375,1.0,0.6791690587997437,1.0,2.0,1.0,2.0,1.0,1,,8.0,5875.4921875
readout_smp,readout,smp,256,106.05859375,87.9453125,1.0,0.9462040662765503,1.0,2.0,0.95703125,2.0,0.95703125,12,,1.0,4347.421875
readout_smp,readout,smp,256,106.05859375,87.9453125,1.0,0.9462040662765503,1.0,2.0,0.95703125,2.0,0.95703125,12,,8.0,5866.4765625
readout_smp_cre_sip_combined,readout,smp_cre_sip_combined,256,104.86328125,82.1484375,1.0,0.8303856253623962,1.0,2.0,0.95703125,2.0,0.95703125,12,,1.0,4347.421875
readout_smp_cre_sip_combined,readout,smp_cre_sip_combined,256,104.86328125,82.1484375,1.0,0.8303856253623962,1.0,2.0,0.95703125,2.0,0.95703125,12,,8.0,5062.8125
readout_visual_projection,readout,visual_projection,256,123.48046875,69.01953125,1.0,0.5957325100898743,1.0,2.0,0.953125,2.0,0.953125,13,high,1.0,4367.8125
readout_visual_projection,readout,visual_projection,256,123.48046875,69.01953125,1.0,0.5957325100898743,1.0,2.0,0.953125,2.0,0.953125,13,high,8.0,4307.4765625
readout_vnc_motor_efferent,readout,vnc_motor_efferent,256,151.15625,1.26171875,0.99609375,0.025594521313905716,0.99609375,2.0,0.23046875,1.0,0.15625,218,,1.0,4347.421875
readout_vnc_motor_efferent,readout,vnc_motor_efferent,256,151.15625,1.26171875,0.99609375,0.025594521313905716,0.99609375,2.0,0.23046875,1.0,0.15625,218,,8.0,4291.4609375
topology_readout_central_complex,readout,topology_matched_central_complex,256,56.56640625,51.30859375,1.0,0.48297199606895447,1.0,2.0,1.0,2.0,1.0,1,,,
topology_readout_cre,readout,topology_matched_CRE,256,79.71484375,84.8359375,1.0,0.8607527017593384,1.0,2.0,1.0,2.0,1.0,1,,,
topology_readout_dan_modulatory_mb,readout,topology_matched_DAN_modulatory_MB,256,59.74609375,0.0,1.0,0.0,1.0,2.0,0.01171875,0.0,0.0,256,,,
topology_readout_delta7,readout,topology_matched_Delta7,42,60.30952380952381,93.0,1.0,1.3475254774093628,1.0,3.0,1.0,2.0,1.0,1,,,
topology_readout_descending,readout,topology_matched_descending,256,118.91796875,123.82421875,1.0,1.0771734714508057,1.0,2.0,1.0,1.0,1.0,1,,,
topology_readout_epg,readout,topology_matched_EPG,50,267.9,157.22,1.0,1.9545679092407227,1.0,2.0,1.0,2.0,1.0,1,,,
topology_readout_fan_shaped_body,readout,topology_matched_fan_shaped_body,256,93.52734375,98.515625,1.0,1.0355178117752075,1.0,2.0,1.0,2.0,1.0,1,,,
topology_readout_fc,readout,topology_matched_FC,256,30.08203125,42.921875,1.0,0.7150098085403442,1.0,3.0,1.0,2.0,1.0,1,,,
topology_readout_hdelta_family,readout,topology_matched_hDelta_family,189,116.11640211640211,85.25925925925925,1.0,0.9350451231002808,1.0,2.0,1.0,2.0,1.0,1,,,
topology_readout_lal,readout,topology_matched_LAL,256,78.34765625,80.828125,1.0,0.6765521764755249,1.0,2.0,1.0,1.0,1.0,1,,,
topology_readout_mbon,readout,topology_matched_MBON,97,390.10309278350513,157.1340206185567,1.0,2.1154561042785645,1.0,2.0,1.0,2.0,1.0,1,,,
topology_readout_mb_kenyon_cells,readout,topology_matched_MB_Kenyon_cells,256,34.30078125,46.66796875,1.0,0.4905182719230652,1.0,2.0,1.0,2.0,1.0,1,,,
topology_readout_pb_eb_associated,readout,topology_matched_PB_EB_associated,256,75.5703125,73.25390625,1.0,0.6588352918624878,1.0,2.0,1.0,2.0,1.0,1,,,
topology_readout_pfl,readout,topology_matched_PFL,52,172.8653846153846,86.61538461538461,1.0,0.5848264098167419,1.0,2.0,1.0,1.0,1.0,1,,,
topology_readout_pfn,readout,topology_matched_PFN,256,21.33984375,37.39453125,1.0,0.6897804141044617,1.0,3.0,1.0,2.0,1.0,1,,,
topology_readout_pfr,readout,topology_matched_PFR,44,96.0909090909091,19.75,1.0,0.3726874589920044,1.0,2.0,1.0,2.0,1.0,1,,,
topology_readout_sip,readout,topology_matched_SIP,256,80.80859375,71.6875,1.0,0.6144141554832458,1.0,2.0,1.0,2.0,1.0,1,,,
topology_readout_smp,readout,topology_matched_SMP,256,74.3828125,64.9453125,1.0,0.5174936056137085,1.0,2.0,1.0,2.0,1.0,1,,,
topology_readout_visual_projection,readout,topology_matched_visual_projection,256,76.51953125,61.8203125,1.0,0.7089170217514038,1.0,1.0,1.0,2.0,1.0,1,,,
topology_readout_vnc_motor_efferent,readout,topology_matched_VNC_motor_efferent,256,108.98828125,24.7421875,1.0,0.16413556039333344,1.0,2.0,0.6171875,1.0,0.6171875,99,,,
