position_id,fen,move_uci,teacher_cp,teacher_target,is_best
0,rnbqkbn1/p1ppp1p1/rp6/5p1p/P1P5/N4NPP/1P1PPP2/R1BQKB1R b KQq - 1 7,e7e6,-284.0,-0.6106768328168442,1
0,rnbqkbn1/p1ppp1p1/rp6/5p1p/P1P5/N4NPP/1P1PPP2/R1BQKB1R b KQq - 1 7,c8b7,-310.0,-0.6498274636719203,0
0,rnbqkbn1/p1ppp1p1/rp6/5p1p/P1P5/N4NPP/1P1PPP2/R1BQKB1R b KQq - 1 7,b8c6,-326.0,-0.6723392775532822,0
0,rnbqkbn1/p1ppp1p1/rp6/5p1p/P1P5/N4NPP/1P1PPP2/R1BQKB1R b KQq - 1 7,c7c6,-338.0,-0.6884483197525052,0
0,rnbqkbn1/p1ppp1p1/rp6/5p1p/P1P5/N4NPP/1P1PPP2/R1BQKB1R b KQq - 1 7,g8f6,-338.0,-0.6884483197525052,0
0,rnbqkbn1/p1ppp1p1/rp6/5p1p/P1P5/N4NPP/1P1PPP2/R1BQKB1R b KQq - 1 7,a6a5,-339.0,-0.6897611547473925,0
0,rnbqkbn1/p1ppp1p1/rp6/5p1p/P1P5/N4NPP/1P1PPP2/R1BQKB1R b KQq - 1 7,g7g6,-352.0,-0.7064193203972353,0
0,rnbqkbn1/p1ppp1p1/rp6/5p1p/P1P5/N4NPP/1P1PPP2/R1BQKB1R b KQq - 1 7,d7d6,-359.0,-0.7150783955690241,0
0,rnbqkbn1/p1ppp1p1/rp6/5p1p/P1P5/N4NPP/1P1PPP2/R1BQKB1R b KQq - 1 7,e7e5,-415.0,-0.7768989196342072,0
0,rnbqkbn1/p1ppp1p1/rp6/5p1p/P1P5/N4NPP/1P1PPP2/R1BQKB1R b KQq - 1 7,c7c5,-490.0,-0.8411229016320433,0
0,rnbqkbn1/p1ppp1p1/rp6/5p1p/P1P5/N4NPP/1P1PPP2/R1BQKB1R b KQq - 1 7,d7d5,-509.0,-0.8544737824712498,0
0,rnbqkbn1/p1ppp1p1/rp6/5p1p/P1P5/N4NPP/1P1PPP2/R1BQKB1R b KQq - 1 7,g8h6,-511.0,-0.855817403604612,0
0,rnbqkbn1/p1ppp1p1/rp6/5p1p/P1P5/N4NPP/1P1PPP2/R1BQKB1R b KQq - 1 7,e8f7,-564.0,-0.8874941328536653,0
0,rnbqkbn1/p1ppp1p1/rp6/5p1p/P1P5/N4NPP/1P1PPP2/R1BQKB1R b KQq - 1 7,h5h4,-602.0,-0.9060477086434329,0
0,rnbqkbn1/p1ppp1p1/rp6/5p1p/P1P5/N4NPP/1P1PPP2/R1BQKB1R b KQq - 1 7,f5f4,-741.0,-0.9519808468695425,0
0,rnbqkbn1/p1ppp1p1/rp6/5p1p/P1P5/N4NPP/1P1PPP2/R1BQKB1R b KQq - 1 7,b6b5,-752.0,-0.954492113074392,0
0,rnbqkbn1/p1ppp1p1/rp6/5p1p/P1P5/N4NPP/1P1PPP2/R1BQKB1R b KQq - 1 7,g7g5,-785.0,-0.9612801390515048,0
0,rnbqkbn1/p1ppp1p1/rp6/5p1p/P1P5/N4NPP/1P1PPP2/R1BQKB1R b KQq - 1 7,a6a4,-901.0,-0.9781345117723849,0
1,r2qk1nr/2p1p3/p1np4/Pp3pp1/1P3Pb1/N1PPP1p1/1b1B1K2/R2Q1BNR w kq - 0 17,f2g2,-674.0,-0.9335073823210518,1
1,r2qk1nr/2p1p3/p1np4/Pp3pp1/1P3Pb1/N1PPP1p1/1b1B1K2/R2Q1BNR w kq - 0 17,f2g3,-818.0,-0.9670727104726874,0
1,r2qk1nr/2p1p3/p1np4/Pp3pp1/1P3Pb1/N1PPP1p1/1b1B1K2/R2Q1BNR w kq - 0 17,f2e1,-826.0,-0.9683433720658203,0
2,r1bq1br1/1ppnpkpp/3p1p2/1N1n1P2/1p4P1/1RPP3N/P3P2P/2BQKBR1 b - - 0 13,c7c6,167.0,0.39482222879176454,1
2,r1bq1br1/1ppnpkpp/3p1p2/1N1n1P2/1p4P1/1RPP3N/P3P2P/2BQKBR1 b - - 0 13,g7g5,35.0,0.08727737447415772,0
2,r1bq1br1/1ppnpkpp/3p1p2/1N1n1P2/1p4P1/1RPP3N/P3P2P/2BQKBR1 b - - 0 13,g7g6,-11.0,-0.02749306980470986,0
2,r1bq1br1/1ppnpkpp/3p1p2/1N1n1P2/1p4P1/1RPP3N/P3P2P/2BQKBR1 b - - 0 13,d7b6,-67.0,-0.165950908402399,0
2,r1bq1br1/1ppnpkpp/3p1p2/1N1n1P2/1p4P1/1RPP3N/P3P2P/2BQKBR1 b - - 0 13,b4c3,-71.0,-0.17565907696502286,0
2,r1bq1br1/1ppnpkpp/3p1p2/1N1n1P2/1p4P1/1RPP3N/P3P2P/2BQKBR1 b - - 0 13,d5b6,-79.0,-0.19497153165403217,0
2,r1bq1br1/1ppnpkpp/3p1p2/1N1n1P2/1p4P1/1RPP3N/P3P2P/2BQKBR1 b - - 0 13,d7e5,-85.0,-0.20935816942801874,0
2,r1bq1br1/1ppnpkpp/3p1p2/1N1n1P2/1p4P1/1RPP3N/P3P2P/2BQKBR1 b - - 0 13,g8h8,-87.0,-0.21413397614340715,0
2,r1bq1br1/1ppnpkpp/3p1p2/1N1n1P2/1p4P1/1RPP3N/P3P2P/2BQKBR1 b - - 0 13,a8a2,-89.0,-0.21889956725665038,0
2,r1bq1br1/1ppnpkpp/3p1p2/1N1n1P2/1p4P1/1RPP3N/P3P2P/2BQKBR1 b - - 0 13,c7c5,-93.0,-0.22839928555379033,0
2,r1bq1br1/1ppnpkpp/3p1p2/1N1n1P2/1p4P1/1RPP3N/P3P2P/2BQKBR1 b - - 0 13,a8a5,-116.0,-0.2821348126696341,0
2,r1bq1br1/1ppnpkpp/3p1p2/1N1n1P2/1p4P1/1RPP3N/P3P2P/2BQKBR1 b - - 0 13,f7e8,-117.0,-0.28443418591487535,0
2,r1bq1br1/1ppnpkpp/3p1p2/1N1n1P2/1p4P1/1RPP3N/P3P2P/2BQKBR1 b - - 0 13,d7b8,-131.0,-0.31627263009603623,0
2,r1bq1br1/1ppnpkpp/3p1p2/1N1n1P2/1p4P1/1RPP3N/P3P2P/2BQKBR1 b - - 0 13,d7c5,-152.0,-0.3627074675780511,0
2,r1bq1br1/1ppnpkpp/3p1p2/1N1n1P2/1p4P1/1RPP3N/P3P2P/2BQKBR1 b - - 0 13,h7h5,-185.0,-0.4321195876314196,0
2,r1bq1br1/1ppnpkpp/3p1p2/1N1n1P2/1p4P1/1RPP3N/P3P2P/2BQKBR1 b - - 0 13,e7e6,-206.0,-0.4738317916668405,0
2,r1bq1br1/1ppnpkpp/3p1p2/1N1n1P2/1p4P1/1RPP3N/P3P2P/2BQKBR1 b - - 0 13,e7e5,-210.0,-0.481549798364308,0
2,r1bq1br1/1ppnpkpp/3p1p2/1N1n1P2/1p4P1/1RPP3N/P3P2P/2BQKBR1 b - - 0 13,a8a4,-213.0,-0.4872897835125242,0
2,r1bq1br1/1ppnpkpp/3p1p2/1N1n1P2/1p4P1/1RPP3N/P3P2P/2BQKBR1 b - - 0 13,a8a6,-218.0,-0.49676344321412846,0
2,r1bq1br1/1ppnpkpp/3p1p2/1N1n1P2/1p4P1/1RPP3N/P3P2P/2BQKBR1 b - - 0 13,b7b6,-219.0,-0.49864416881035956,0
2,r1bq1br1/1ppnpkpp/3p1p2/1N1n1P2/1p4P1/1RPP3N/P3P2P/2BQKBR1 b - - 0 13,d8e8,-228.0,-0.5153592780074097,0
2,r1bq1br1/1ppnpkpp/3p1p2/1N1n1P2/1p4P1/1RPP3N/P3P2P/2BQKBR1 b - - 0 13,h7h6,-238.0,-0.5334821284570855,0
2,r1bq1br1/1ppnpkpp/3p1p2/1N1n1P2/1p4P1/1RPP3N/P3P2P/2BQKBR1 b - - 0 13,d5c3,-268.0,-0.5849798828807288,0
2,r1bq1br1/1ppnpkpp/3p1p2/1N1n1P2/1p4P1/1RPP3N/P3P2P/2BQKBR1 b - - 0 13,a8b8,-311.0,-0.6512694287651738,0
2,r1bq1br1/1ppnpkpp/3p1p2/1N1n1P2/1p4P1/1RPP3N/P3P2P/2BQKBR1 b - - 0 13,a8a3,-557.0,-0.883719698991578,0
2,r1bq1br1/1ppnpkpp/3p1p2/1N1n1P2/1p4P1/1RPP3N/P3P2P/2BQKBR1 b - - 0 13,a8a7,-624.0,-0.9154204563159324,0
2,r1bq1br1/1ppnpkpp/3p1p2/1N1n1P2/1p4P1/1RPP3N/P3P2P/2BQKBR1 b - - 0 13,d5e3,-726.0,-0.9483375229506719,0
2,r1bq1br1/1ppnpkpp/3p1p2/1N1n1P2/1p4P1/1RPP3N/P3P2P/2BQKBR1 b - - 0 13,d5f4,-802.0,-0.9643791367189491,0
3,rnb1kb1r/pp2pp1p/2pp3n/q5p1/3P4/P1P1P3/1P1KNPPP/RNBQ1B1R b kq - 2 6,h6g4,91.0,0.22365473800347424,1
3,rnb1kb1r/pp2pp1p/2pp3n/q5p1/3P4/P1P1P3/1P1KNPPP/RNBQ1B1R b kq - 2 6,a5f5,56.0,0.13909244787845804,0
3,rnb1kb1r/pp2pp1p/2pp3n/q5p1/3P4/P1P1P3/1P1KNPPP/RNBQ1B1R b kq - 2 6,e7e5,52.0,0.12927258360605834,0
3,rnb1kb1r/pp2pp1p/2pp3n/q5p1/3P4/P1P1P3/1P1KNPPP/RNBQ1B1R b kq - 2 6,f8g7,50.0,0.12435300177159621,0
3,rnb1kb1r/pp2pp1p/2pp3n/q5p1/3P4/P1P1P3/1P1KNPPP/RNBQ1B1R b kq - 2 6,b8d7,46.0,0.11449570919711116,0
3,rnb1kb1r/pp2pp1p/2pp3n/q5p1/3P4/P1P1P3/1P1KNPPP/RNBQ1B1R b kq - 2 6,f7f5,46.0,0.11449570919711116,0
3,rnb1kb1r/pp2pp1p/2pp3n/q5p1/3P4/P1P1P3/1P1KNPPP/RNBQ1B1R b kq - 2 6,c8f5,44.0,0.10955847021442953,0
3,rnb1kb1r/pp2pp1p/2pp3n/q5p1/3P4/P1P1P3/1P1KNPPP/RNBQ1B1R b kq - 2 6,c8e6,41.0,0.1021425386146839,0
3,rnb1kb1r/pp2pp1p/2pp3n/q5p1/3P4/P1P1P3/1P1KNPPP/RNBQ1B1R b kq - 2 6,c6c5,37.0,0.09223708209155926,0
3,rnb1kb1r/pp2pp1p/2pp3n/q5p1/3P4/P1P1P3/1P1KNPPP/RNBQ1B1R b kq - 2 6,d6d5,31.0,0.07734521041301597,0
3,rnb1kb1r/pp2pp1p/2pp3n/q5p1/3P4/P1P1P3/1P1KNPPP/RNBQ1B1R b kq - 2 6,h6f5,31.0,0.07734521041301597,0
3,rnb1kb1r/pp2pp1p/2pp3n/q5p1/3P4/P1P1P3/1P1KNPPP/RNBQ1B1R b kq - 2 6,h6g8,-76.0,-0.18774620586828542,0
3,rnb1kb1r/pp2pp1p/2pp3n/q5p1/3P4/P1P1P3/1P1KNPPP/RNBQ1B1R b kq - 2 6,a5c7,-88.0,-0.21651806149302882,0
3,rnb1kb1r/pp2pp1p/2pp3n/q5p1/3P4/P1P1P3/1P1KNPPP/RNBQ1B1R b kq - 2 6,a5d8,-101.0,-0.24726725659645202,0
3,rnb1kb1r/pp2pp1p/2pp3n/q5p1/3P4/P1P1P3/1P1KNPPP/RNBQ1B1R b kq - 2 6,a7a6,-102.0,-0.2496129489368586,0
3,rnb1kb1r/pp2pp1p/2pp3n/q5p1/3P4/P1P1P3/1P1KNPPP/RNBQ1B1R b kq - 2 6,c8g4,-112.0,-0.27290508056313273,0
3,rnb1kb1r/pp2pp1p/2pp3n/q5p1/3P4/P1P1P3/1P1KNPPP/RNBQ1B1R b kq - 2 6,a5b6,-119.0,-0.2890231074125892,0
3,rnb1kb1r/pp2pp1p/2pp3n/q5p1/3P4/P1P1P3/1P1KNPPP/RNBQ1B1R b kq - 2 6,f7f6,-122.0,-0.29588160416130044,0
3,rnb1kb1r/pp2pp1p/2pp3n/q5p1/3P4/P1P1P3/1P1KNPPP/RNBQ1B1R b kq - 2 6,c8d7,-123.0,-0.29816104848914665,0
3,rnb1kb1r/pp2pp1p/2pp3n/q5p1/3P4/P1P1P3/1P1KNPPP/RNBQ1B1R b kq - 2 6,h8g8,-130.0,-0.3140209253469976,0
3,rnb1kb1r/pp2pp1p/2pp3n/q5p1/3P4/P1P1P3/1P1KNPPP/RNBQ1B1R b kq - 2 6,e7e6,-136.0,-0.32747739480870536,0
3,rnb1kb1r/pp2pp1p/2pp3n/q5p1/3P4/P1P1P3/1P1KNPPP/RNBQ1B1R b kq - 2 6,g5g4,-139.0,-0.3341565541912505,0
3,rnb1kb1r/pp2pp1p/2pp3n/q5p1/3P4/P1P1P3/1P1KNPPP/RNBQ1B1R b kq - 2 6,e8d8,-140.0,-0.3363755443363322,0
3,rnb1kb1r/pp2pp1p/2pp3n/q5p1/3P4/P1P1P3/1P1KNPPP/RNBQ1B1R b kq - 2 6,a5d5,-155.0,-0.3692030006468615,0
3,rnb1kb1r/pp2pp1p/2pp3n/q5p1/3P4/P1P1P3/1P1KNPPP/RNBQ1B1R b kq - 2 6,b8a6,-161.0,-0.3820860248314457,0
3,rnb1kb1r/pp2pp1p/2pp3n/q5p1/3P4/P1P1P3/1P1KNPPP/RNBQ1B1R b kq - 2 6,a5b5,-183.0,-0.4280444535546033,0
3,rnb1kb1r/pp2pp1p/2pp3n/q5p1/3P4/P1P1P3/1P1KNPPP/RNBQ1B1R b kq - 2 6,a5a6,-185.0,-0.4321195876314196,0
3,rnb1kb1r/pp2pp1p/2pp3n/q5p1/3P4/P1P1P3/1P1KNPPP/RNBQ1B1R b kq - 2 6,b7b5,-203.0,-0.46799503304313933,0
3,rnb1kb1r/pp2pp1p/2pp3n/q5p1/3P4/P1P1P3/1P1KNPPP/RNBQ1B1R b kq - 2 6,b7b6,-220.0,-0.5005202111902353,0
3,rnb1kb1r/pp2pp1p/2pp3n/q5p1/3P4/P1P1P3/1P1KNPPP/RNBQ1B1R b kq - 2 6,e8d7,-229.0,-0.51719292375787,0
3,rnb1kb1r/pp2pp1p/2pp3n/q5p1/3P4/P1P1P3/1P1KNPPP/RNBQ1B1R b kq - 2 6,c8h3,-609.0,-0.9091323414508224,0
3,rnb1kb1r/pp2pp1p/2pp3n/q5p1/3P4/P1P1P3/1P1KNPPP/RNBQ1B1R b kq - 2 6,a5a4,-740.0,-0.9517459571646616,0
3,rnb1kb1r/pp2pp1p/2pp3n/q5p1/3P4/P1P1P3/1P1KNPPP/RNBQ1B1R b kq - 2 6,a5c3,-744.0,-0.9526788436890776,0
3,rnb1kb1r/pp2pp1p/2pp3n/q5p1/3P4/P1P1P3/1P1KNPPP/RNBQ1B1R b kq - 2 6,a5a3,-771.0,-0.95853084482113,0
3,rnb1kb1r/pp2pp1p/2pp3n/q5p1/3P4/P1P1P3/1P1KNPPP/RNBQ1B1R b kq - 2 6,a5b4,-820.0,-0.9673950012571181,0
3,rnb1kb1r/pp2pp1p/2pp3n/q5p1/3P4/P1P1P3/1P1KNPPP/RNBQ1B1R b kq - 2 6,a5e5,-888.0,-0.9766831668903339,0
3,rnb1kb1r/pp2pp1p/2pp3n/q5p1/3P4/P1P1P3/1P1KNPPP/RNBQ1B1R b kq - 2 6,a5c5,-907.0,-0.9787738762076721,0
4,rn5r/p1bp1kpp/bqp1p2n/1pP2P2/1P5P/N2P4/P4PP1/R2QKB1R w KQ - 4 16,f5e6,462.0,0.8194037105941603,1
4,rn5r/p1bp1kpp/bqp1p2n/1pP2P2/1P5P/N2P4/P4PP1/R2QKB1R w KQ - 4 16,c5b6,319.0,0.6626368112043609,0
4,rn5r/p1bp1kpp/bqp1p2n/1pP2P2/1P5P/N2P4/P4PP1/R2QKB1R w KQ - 4 16,f5f6,214.0,0.48919383165495195,0
4,rn5r/p1bp1kpp/bqp1p2n/1pP2P2/1P5P/N2P4/P4PP1/R2QKB1R w KQ - 4 16,d1h5,-159.0,-0.37780783595390927,0
4,rn5r/p1bp1kpp/bqp1p2n/1pP2P2/1P5P/N2P4/P4PP1/R2QKB1R w KQ - 4 16,a3c4,-212.0,-0.48538109060537155,0
4,rn5r/p1bp1kpp/bqp1p2n/1pP2P2/1P5P/N2P4/P4PP1/R2QKB1R w KQ - 4 16,h1h3,-231.0,-0.5208460039774621,0
4,rn5r/p1bp1kpp/bqp1p2n/1pP2P2/1P5P/N2P4/P4PP1/R2QKB1R w KQ - 4 16,d3d4,-421.0,-0.7827764066595579,0
4,rn5r/p1bp1kpp/bqp1p2n/1pP2P2/1P5P/N2P4/P4PP1/R2QKB1R w KQ - 4 16,a3c2,-440.0,-0.8004990217606297,0
4,rn5r/p1bp1kpp/bqp1p2n/1pP2P2/1P5P/N2P4/P4PP1/R2QKB1R w KQ - 4 16,d1f3,-469.0,-0.825071959039259,0
4,rn5r/p1bp1kpp/bqp1p2n/1pP2P2/1P5P/N2P4/P4PP1/R2QKB1R w KQ - 4 16,g2g4,-474.0,-0.829021721130387,0
4,rn5r/p1bp1kpp/bqp1p2n/1pP2P2/1P5P/N2P4/P4PP1/R2QKB1R w KQ - 4 16,g2g3,-485.0,-0.8374278407728539,0
4,rn5r/p1bp1kpp/bqp1p2n/1pP2P2/1P5P/N2P4/P4PP1/R2QKB1R w KQ - 4 16,f2f4,-494.0,-0.8440235297412673,0
4,rn5r/p1bp1kpp/bqp1p2n/1pP2P2/1P5P/N2P4/P4PP1/R2QKB1R w KQ - 4 16,a3b1,-505.0,-0.8517518696186737,0
4,rn5r/p1bp1kpp/bqp1p2n/1pP2P2/1P5P/N2P4/P4PP1/R2QKB1R w KQ - 4 16,a1c1,-510.0,-0.8551470292769645,0
4,rn5r/p1bp1kpp/bqp1p2n/1pP2P2/1P5P/N2P4/P4PP1/R2QKB1R w KQ - 4 16,a1b1,-516.0,-0.8591265382143658,0
4,rn5r/p1bp1kpp/bqp1p2n/1pP2P2/1P5P/N2P4/P4PP1/R2QKB1R w KQ - 4 16,d1e2,-523.0,-0.8636414743963026,0
4,rn5r/p1bp1kpp/bqp1p2n/1pP2P2/1P5P/N2P4/P4PP1/R2QKB1R w KQ - 4 16,f1e2,-559.0,-0.8848100694639156,0
4,rn5r/p1bp1kpp/bqp1p2n/1pP2P2/1P5P/N2P4/P4PP1/R2QKB1R w KQ - 4 16,h1h2,-566.0,-0.8885512041426692,0
4,rn5r/p1bp1kpp/bqp1p2n/1pP2P2/1P5P/N2P4/P4PP1/R2QKB1R w KQ - 4 16,d1d2,-580.0,-0.8956928738431645,0
4,rn5r/p1bp1kpp/bqp1p2n/1pP2P2/1P5P/N2P4/P4PP1/R2QKB1R w KQ - 4 16,h1g1,-599.0,-0.9046954633850877,0
4,rn5r/p1bp1kpp/bqp1p2n/1pP2P2/1P5P/N2P4/P4PP1/R2QKB1R w KQ - 4 16,h4h5,-605.0,-0.9073817003029993,0
4,rn5r/p1bp1kpp/bqp1p2n/1pP2P2/1P5P/N2P4/P4PP1/R2QKB1R w KQ - 4 16,d1c1,-619.0,-0.9133720563094846,0
4,rn5r/p1bp1kpp/bqp1p2n/1pP2P2/1P5P/N2P4/P4PP1/R2QKB1R w KQ - 4 16,e1e2,-708.0,-0.9436094240597148,0
4,rn5r/p1bp1kpp/bqp1p2n/1pP2P2/1P5P/N2P4/P4PP1/R2QKB1R w KQ - 4 16,d1b3,-753.0,-0.9547139452847008,0
4,rn5r/p1bp1kpp/bqp1p2n/1pP2P2/1P5P/N2P4/P4PP1/R2QKB1R w KQ - 4 16,d1c2,-773.0,-0.9589349975863708,0
4,rn5r/p1bp1kpp/bqp1p2n/1pP2P2/1P5P/N2P4/P4PP1/R2QKB1R w KQ - 4 16,d1b1,-810.0,-0.9657519333685445,0
4,rn5r/p1bp1kpp/bqp1p2n/1pP2P2/1P5P/N2P4/P4PP1/R2QKB1R w KQ - 4 16,f2f3,-850.0,-0.971872745913509,0
4,rn5r/p1bp1kpp/bqp1p2n/1pP2P2/1P5P/N2P4/P4PP1/R2QKB1R w KQ - 4 16,e1d2,-894.0,-0.9773644841978153,0
4,rn5r/p1bp1kpp/bqp1p2n/1pP2P2/1P5P/N2P4/P4PP1/R2QKB1R w KQ - 4 16,d1g4,-957.0,-0.9834301788405615,0
4,rn5r/p1bp1kpp/bqp1p2n/1pP2P2/1P5P/N2P4/P4PP1/R2QKB1R w KQ - 4 16,d1a4,-983.0,-0.9854354059682076,0
4,rn5r/p1bp1kpp/bqp1p2n/1pP2P2/1P5P/N2P4/P4PP1/R2QKB1R w KQ - 4 16,a3b5,-1007.0,-0.9870717177321973,0
5,r1b1qb1r/p1pp1ppp/np2kn2/4p3/P5P1/BPP1P2N/3P1P1P/RN1QKB1R b KQ - 1 8,d7d5,-153.0,-0.36487660438612957,1
5,r1b1qb1r/p1pp1ppp/np2kn2/4p3/P5P1/BPP1P2N/3P1P1P/RN1QKB1R b KQ - 1 8,c8b7,-192.0,-0.4462436102487796,0
5,r1b1qb1r/p1pp1ppp/np2kn2/4p3/P5P1/BPP1P2N/3P1P1P/RN1QKB1R b KQ - 1 8,h7h5,-196.0,-0.4542164326822591,0
5,r1b1qb1r/p1pp1ppp/np2kn2/4p3/P5P1/BPP1P2N/3P1P1P/RN1QKB1R b KQ - 1 8,h7h6,-205.0,-0.4718907878542969,0
5,r1b1qb1r/p1pp1ppp/np2kn2/4p3/P5P1/BPP1P2N/3P1P1P/RN1QKB1R b KQ - 1 8,f8a3,-230.0,-0.5190218338982221,0
5,r1b1qb1r/p1pp1ppp/np2kn2/4p3/P5P1/BPP1P2N/3P1P1P/RN1QKB1R b KQ - 1 8,d7d6,-255.0,-0.563194927804731,0
5,r1b1qb1r/p1pp1ppp/np2kn2/4p3/P5P1/BPP1P2N/3P1P1P/RN1QKB1R b KQ - 1 8,f8d6,-261.0,-0.5733505443682791,0
5,r1b1qb1r/p1pp1ppp/np2kn2/4p3/P5P1/BPP1P2N/3P1P1P/RN1QKB1R b KQ - 1 8,f6e4,-270.0,-0.5882592563981054,0
5,r1b1qb1r/p1pp1ppp/np2kn2/4p3/P5P1/BPP1P2N/3P1P1P/RN1QKB1R b KQ - 1 8,c7c6,-291.0,-0.6215334927210111,0
5,r1b1qb1r/p1pp1ppp/np2kn2/4p3/P5P1/BPP1P2N/3P1P1P/RN1QKB1R b KQ - 1 8,f8c5,-330.0,-0.6777821008468294,0
5,r1b1qb1r/p1pp1ppp/np2kn2/4p3/P5P1/BPP1P2N/3P1P1P/RN1QKB1R b KQ - 1 8,c7c5,-331.0,-0.6791313403693489,0
5,r1b1qb1r/p1pp1ppp/np2kn2/4p3/P5P1/BPP1P2N/3P1P1P/RN1QKB1R b KQ - 1 8,g7g6,-346.0,-0.6988248405083122,0
5,r1b1qb1r/p1pp1ppp/np2kn2/4p3/P5P1/BPP1P2N/3P1P1P/RN1QKB1R b KQ - 1 8,a8b8,-350.0,-0.703905603936621,0
5,r1b1qb1r/p1pp1ppp/np2kn2/4p3/P5P1/BPP1P2N/3P1P1P/RN1QKB1R b KQ - 1 8,f8e7,-368.0,-0.7258974148490807,0
5,r1b1qb1r/p1pp1ppp/np2kn2/4p3/P5P1/BPP1P2N/3P1P1P/RN1QKB1R b KQ - 1 8,a6c5,-373.0,-0.7317573500386785,0
5,r1b1qb1r/p1pp1ppp/np2kn2/4p3/P5P1/BPP1P2N/3P1P1P/RN1QKB1R b KQ - 1 8,f6d5,-497.0,-0.8461671024651277,0
5,r1b1qb1r/p1pp1ppp/np2kn2/4p3/P5P1/BPP1P2N/3P1P1P/RN1QKB1R b KQ - 1 8,f6g8,-632.0,-0.9186018928570671,0
5,r1b1qb1r/p1pp1ppp/np2kn2/4p3/P5P1/BPP1P2N/3P1P1P/RN1QKB1R b KQ - 1 8,e6d5,-633.0,-0.9189914238917783,0
5,r1b1qb1r/p1pp1ppp/np2kn2/4p3/P5P1/BPP1P2N/3P1P1P/RN1QKB1R b KQ - 1 8,a6b8,-677.0,-0.9344648903156232,0
5,r1b1qb1r/p1pp1ppp/np2kn2/4p3/P5P1/BPP1P2N/3P1P1P/RN1QKB1R b KQ - 1 8,h8g8,-731.0,-0.9495809179960182,0
5,r1b1qb1r/p1pp1ppp/np2kn2/4p3/P5P1/BPP1P2N/3P1P1P/RN1QKB1R b KQ - 1 8,f6g4,-807.0,-0.9652433350320649,0
5,r1b1qb1r/p1pp1ppp/np2kn2/4p3/P5P1/BPP1P2N/3P1P1P/RN1QKB1R b KQ - 1 8,a6b4,-831.0,-0.9691129062420462,0
5,r1b1qb1r/p1pp1ppp/np2kn2/4p3/P5P1/BPP1P2N/3P1P1P/RN1QKB1R b KQ - 1 8,f6h5,-862.0,-0.9734890371458025,0
5,r1b1qb1r/p1pp1ppp/np2kn2/4p3/P5P1/BPP1P2N/3P1P1P/RN1QKB1R b KQ - 1 8,f8b4,-875.0,-0.9751366982936284,0
5,r1b1qb1r/p1pp1ppp/np2kn2/4p3/P5P1/BPP1P2N/3P1P1P/RN1QKB1R b KQ - 1 8,b6b5,-878.0,-0.975502330524807,0
5,r1b1qb1r/p1pp1ppp/np2kn2/4p3/P5P1/BPP1P2N/3P1P1P/RN1QKB1R b KQ - 1 8,e8d8,-935.0,-0.9815212735525424,0
5,r1b1qb1r/p1pp1ppp/np2kn2/4p3/P5P1/BPP1P2N/3P1P1P/RN1QKB1R b KQ - 1 8,e5e4,-940.0,-0.9819734026943043,0
5,r1b1qb1r/p1pp1ppp/np2kn2/4p3/P5P1/BPP1P2N/3P1P1P/RN1QKB1R b KQ - 1 8,e8e7,-1096.0,-0.9916959628727987,0
5,r1b1qb1r/p1pp1ppp/np2kn2/4p3/P5P1/BPP1P2N/3P1P1P/RN1QKB1R b KQ - 1 8,g7g5,-1204.0,-0.9951524387820521,0
6,1rb1kb2/pqnp2pr/1pP4n/7p/2P1PpP1/5Q1N/PP1KP2P/RNB2B1R w - - 3 15,c6b7,717.0,0.9460237850730043,1
6,1rb1kb2/pqnp2pr/1pP4n/7p/2P1PpP1/5Q1N/PP1KP2P/RNB2B1R w - - 3 15,g4g5,313.0,0.6541393002077227,0
6,1rb1kb2/pqnp2pr/1pP4n/7p/2P1PpP1/5Q1N/PP1KP2P/RNB2B1R w - - 3 15,h3f4,238.0,0.5334821284570855,0
6,1rb1kb2/pqnp2pr/1pP4n/7p/2P1PpP1/5Q1N/PP1KP2P/RNB2B1R w - - 3 15,h3g5,224.0,0.5079774328978962,0
6,1rb1kb2/pqnp2pr/1pP4n/7p/2P1PpP1/5Q1N/PP1KP2P/RNB2B1R w - - 3 15,g4h5,215.0,0.4910932282528053,0
6,1rb1kb2/pqnp2pr/1pP4n/7p/2P1PpP1/5Q1N/PP1KP2P/RNB2B1R w - - 3 15,a2a3,213.0,0.4872897835125242,0
6,1rb1kb2/pqnp2pr/1pP4n/7p/2P1PpP1/5Q1N/PP1KP2P/RNB2B1R w - - 3 15,d2e1,100.0,0.24491866240370913,0
6,1rb1kb2/pqnp2pr/1pP4n/7p/2P1PpP1/5Q1N/PP1KP2P/RNB2B1R w - - 3 15,d2c2,77.0,0.19015694773226804,0
6,1rb1kb2/pqnp2pr/1pP4n/7p/2P1PpP1/5Q1N/PP1KP2P/RNB2B1R w - - 3 15,h1g1,63.0,0.15621046576861825,0
6,1rb1kb2/pqnp2pr/1pP4n/7p/2P1PpP1/5Q1N/PP1KP2P/RNB2B1R w - - 3 15,h3f2,38.0,0.09471523628617855,0
6,1rb1kb2/pqnp2pr/1pP4n/7p/2P1PpP1/5Q1N/PP1KP2P/RNB2B1R w - - 3 15,d2d1,18.0,0.044969649583600245,0
6,1rb1kb2/pqnp2pr/1pP4n/7p/2P1PpP1/5Q1N/PP1KP2P/RNB2B1R w - - 3 15,f3f4,18.0,0.044969649583600245,0
6,1rb1kb2/pqnp2pr/1pP4n/7p/2P1PpP1/5Q1N/PP1KP2P/RNB2B1R w - - 3 15,b1c3,-2.0,-0.004999958333749996,0
6,1rb1kb2/pqnp2pr/1pP4n/7p/2P1PpP1/5Q1N/PP1KP2P/RNB2B1R w - - 3 15,e4e5,-18.0,-0.044969649583600245,0
6,1rb1kb2/pqnp2pr/1pP4n/7p/2P1PpP1/5Q1N/PP1KP2P/RNB2B1R w - - 3 15,f1g2,-42.0,-0.10461581914865054,0
6,1rb1kb2/pqnp2pr/1pP4n/7p/2P1PpP1/5Q1N/PP1KP2P/RNB2B1R w - - 3 15,f3g2,-43.0,-0.10708780630223659,0
6,1rb1kb2/pqnp2pr/1pP4n/7p/2P1PpP1/5Q1N/PP1KP2P/RNB2B1R w - - 3 15,c6d7,-49.0,-0.12189090064943241,0
6,1rb1kb2/pqnp2pr/1pP4n/7p/2P1PpP1/5Q1N/PP1KP2P/RNB2B1R w - - 3 15,f3d3,-56.0,-0.13909244787845804,0
6,1rb1kb2/pqnp2pr/1pP4n/7p/2P1PpP1/5Q1N/PP1KP2P/RNB2B1R w - - 3 15,b2b3,-68.0,-0.16838104587081473,0
6,1rb1kb2/pqnp2pr/1pP4n/7p/2P1PpP1/5Q1N/PP1KP2P/RNB2B1R w - - 3 15,e2e3,-79.0,-0.19497153165403217,0
6,1rb1kb2/pqnp2pr/1pP4n/7p/2P1PpP1/5Q1N/PP1KP2P/RNB2B1R w - - 3 15,f3c3,-85.0,-0.20935816942801874,0
6,1rb1kb2/pqnp2pr/1pP4n/7p/2P1PpP1/5Q1N/PP1KP2P/RNB2B1R w - - 3 15,f3b3,-87.0,-0.21413397614340715,0
6,1rb1kb2/pqnp2pr/1pP4n/7p/2P1PpP1/5Q1N/PP1KP2P/RNB2B1R w - - 3 15,c4c5,-97.0,-0.23785570960038066,0
6,1rb1kb2/pqnp2pr/1pP4n/7p/2P1PpP1/5Q1N/PP1KP2P/RNB2B1R w - - 3 15,f3g3,-100.0,-0.24491866240370913,0
6,1rb1kb2/pqnp2pr/1pP4n/7p/2P1PpP1/5Q1N/PP1KP2P/RNB2B1R w - - 3 15,a2a4,-101.0,-0.24726725659645202,0
6,1rb1kb2/pqnp2pr/1pP4n/7p/2P1PpP1/5Q1N/PP1KP2P/RNB2B1R w - - 3 15,b1a3,-138.0,-0.33193385350364046,0
6,1rb1kb2/pqnp2pr/1pP4n/7p/2P1PpP1/5Q1N/PP1KP2P/RNB2B1R w - - 3 15,d2d3,-159.0,-0.37780783595390927,0
6,1rb1kb2/pqnp2pr/1pP4n/7p/2P1PpP1/5Q1N/PP1KP2P/RNB2B1R w - - 3 15,h3g1,-163.0,-0.3863478986519003,0
6,1rb1kb2/pqnp2pr/1pP4n/7p/2P1PpP1/5Q1N/PP1KP2P/RNB2B1R w - - 3 15,f3f2,-169.0,-0.39903445532485493,0
6,1rb1kb2/pqnp2pr/1pP4n/7p/2P1PpP1/5Q1N/PP1KP2P/RNB2B1R w - - 3 15,d2c3,-201.0,-0.4640810036832635,0
6,1rb1kb2/pqnp2pr/1pP4n/7p/2P1PpP1/5Q1N/PP1KP2P/RNB2B1R w - - 3 15,b2b4,-216.0,-0.49298796667532435,0
6,1rb1kb2/pqnp2pr/1pP4n/7p/2P1PpP1/5Q1N/PP1KP2P/RNB2B1R w - - 3 15,f3a3,-276.0,-0.5979820004989412,0
6,1rb1kb2/pqnp2pr/1pP4n/7p/2P1PpP1/5Q1N/PP1KP2P/RNB2B1R w - - 3 15,f3e3,-1057.0,-0.9899170263755858,0
7,r1bqkbnr/1pppp3/2n3pp/p7/P3P1p1/3P1N2/1PPB1P1P/RN1QKB1R b KQkq - 2 8,g4f3,657.0,0.9278212446449908,1
7,r1bqkbnr/1pppp3/2n3pp/p7/P3P1p1/3P1N2/1PPB1P1P/RN1QKB1R b KQkq - 2 8,a8a6,374.0,0.732916554933575,0
7,r1bqkbnr/1pppp3/2n3pp/p7/P3P1p1/3P1N2/1PPB1P1P/RN1QKB1R b KQkq - 2 8,e7e5,284.0,0.6106768328168442,0
7,r1bqkbnr/1pppp3/2n3pp/p7/P3P1p1/3P1N2/1PPB1P1P/RN1QKB1R b KQkq - 2 8,d7d6,236.0,0.5298956075275294,0
7,r1bqkbnr/1pppp3/2n3pp/p7/P3P1p1/3P1N2/1PPB1P1P/RN1QKB1R b KQkq - 2 8,d7d5,232.0,0.5226654296858209,0
7,r1bqkbnr/1pppp3/2n3pp/p7/P3P1p1/3P1N2/1PPB1P1P/RN1QKB1R b KQkq - 2 8,f8g7,232.0,0.5226654296858209,0
7,r1bqkbnr/1pppp3/2n3pp/p7/P3P1p1/3P1N2/1PPB1P1P/RN1QKB1R b KQkq - 2 8,g8f6,221.0,0.5023915644617227,0
7,r1bqkbnr/1pppp3/2n3pp/p7/P3P1p1/3P1N2/1PPB1P1P/RN1QKB1R b KQkq - 2 8,e7e6,201.0,0.4640810036832635,0
7,r1bqkbnr/1pppp3/2n3pp/p7/P3P1p1/3P1N2/1PPB1P1P/RN1QKB1R b KQkq - 2 8,g6g5,118.0,0.2867302913888035,0
7,r1bqkbnr/1pppp3/2n3pp/p7/P3P1p1/3P1N2/1PPB1P1P/RN1QKB1R b KQkq - 2 8,h8h7,26.0,0.06490861277463751,0
7,r1bqkbnr/1pppp3/2n3pp/p7/P3P1p1/3P1N2/1PPB1P1P/RN1QKB1R b KQkq - 2 8,e8f7,15.0,0.03748243175707047,0
7,r1bqkbnr/1pppp3/2n3pp/p7/P3P1p1/3P1N2/1PPB1P1P/RN1QKB1R b KQkq - 2 8,h6h5,12.0,0.029991003238820143,0
7,r1bqkbnr/1pppp3/2n3pp/p7/P3P1p1/3P1N2/1PPB1P1P/RN1QKB1R b KQkq - 2 8,c6b4,-19.0,-0.04746430825312217,0
7,r1bqkbnr/1pppp3/2n3pp/p7/P3P1p1/3P1N2/1PPB1P1P/RN1QKB1R b KQkq - 2 8,a8b8,-48.0,-0.11942729853438588,0
7,r1bqkbnr/1pppp3/2n3pp/p7/P3P1p1/3P1N2/1PPB1P1P/RN1QKB1R b KQkq - 2 8,b7b6,-96.0,-0.23549574953849794,0
7,r1bqkbnr/1pppp3/2n3pp/p7/P3P1p1/3P1N2/1PPB1P1P/RN1QKB1R b KQkq - 2 8,g4g3,-136.0,-0.32747739480870536,0
7,r1bqkbnr/1pppp3/2n3pp/p7/P3P1p1/3P1N2/1PPB1P1P/RN1QKB1R b KQkq - 2 8,a8a7,-144.0,-0.3452140341355209,0
7,r1bqkbnr/1pppp3/2n3pp/p7/P3P1p1/3P1N2/1PPB1P1P/RN1QKB1R b KQkq - 2 8,b7b5,-144.0,-0.3452140341355209,0
7,r1bqkbnr/1pppp3/2n3pp/p7/P3P1p1/3P1N2/1PPB1P1P/RN1QKB1R b KQkq - 2 8,c6b8,-179.0,-0.4198418366689064,0
7,r1bqkbnr/1pppp3/2n3pp/p7/P3P1p1/3P1N2/1PPB1P1P/RN1QKB1R b KQkq - 2 8,c6a7,-218.0,-0.49676344321412846,0
7,r1bqkbnr/1pppp3/2n3pp/p7/P3P1p1/3P1N2/1PPB1P1P/RN1QKB1R b KQkq - 2 8,c6d4,-527.0,-0.8661608659438628,0
7,r1bqkbnr/1pppp3/2n3pp/p7/P3P1p1/3P1N2/1PPB1P1P/RN1QKB1R b KQkq - 2 8,c6e5,-731.0,-0.9495809179960182,0
8,r1b1kb1r/p6Q/np2pnp1/2pqPp1P/P7/5PN1/1P1P2P1/RNBK1B1R w kq - 0 17,f1b5,1091.0,0.9914866400015664,1
8,r1b1kb1r/p6Q/np2pnp1/2pqPp1P/P7/5PN1/1P1P2P1/RNBK1B1R w kq - 0 17,h7g6,987.0,0.9857217453407103,0
8,r1b1kb1r/p6Q/np2pnp1/2pqPp1P/P7/5PN1/1P1P2P1/RNBK1B1R w kq - 0 17,h5g6,772.0,0.9587334055461876,0
8,r1b1kb1r/p6Q/np2pnp1/2pqPp1P/P7/5PN1/1P1P2P1/RNBK1B1R w kq - 0 17,h7h8,590.0,0.9005269768828865,0
8,r1b1kb1r/p6Q/np2pnp1/2pqPp1P/P7/5PN1/1P1P2P1/RNBK1B1R w kq - 0 17,b1c3,-100.0,-0.24491866240370913,0
8,r1b1kb1r/p6Q/np2pnp1/2pqPp1P/P7/5PN1/1P1P2P1/RNBK1B1R w kq - 0 17,g3e4,-470.0,-0.8258684551194575,0
8,r1b1kb1r/p6Q/np2pnp1/2pqPp1P/P7/5PN1/1P1P2P1/RNBK1B1R w kq - 0 17,e5f6,-472.0,-0.8274516110081667,0
8,r1b1kb1r/p6Q/np2pnp1/2pqPp1P/P7/5PN1/1P1P2P1/RNBK1B1R w kq - 0 17,g3f5,-492.0,-0.8425793256589296,0
8,r1b1kb1r/p6Q/np2pnp1/2pqPp1P/P7/5PN1/1P1P2P1/RNBK1B1R w kq - 0 17,a1a3,-498.0,-0.8468756052963757,0
8,r1b1kb1r/p6Q/np2pnp1/2pqPp1P/P7/5PN1/1P1P2P1/RNBK1B1R w kq - 0 17,b1a3,-543.0,-0.8758119575033825,0
8,r1b1kb1r/p6Q/np2pnp1/2pqPp1P/P7/5PN1/1P1P2P1/RNBK1B1R w kq - 0 17,f1c4,-553.0,-0.8815098488354687,0
8,r1b1kb1r/p6Q/np2pnp1/2pqPp1P/P7/5PN1/1P1P2P1/RNBK1B1R w kq - 0 17,h7f7,-560.0,-0.8853516482022625,0
8,r1b1kb1r/p6Q/np2pnp1/2pqPp1P/P7/5PN1/1P1P2P1/RNBK1B1R w kq - 0 17,h1h4,-576.0,-0.8936977272038725,0
8,r1b1kb1r/p6Q/np2pnp1/2pqPp1P/P7/5PN1/1P1P2P1/RNBK1B1R w kq - 0 17,d2d3,-584.0,-0.8976525981658167,0
8,r1b1kb1r/p6Q/np2pnp1/2pqPp1P/P7/5PN1/1P1P2P1/RNBK1B1R w kq - 0 17,h1h3,-624.0,-0.9154204563159324,0
8,r1b1kb1r/p6Q/np2pnp1/2pqPp1P/P7/5PN1/1P1P2P1/RNBK1B1R w kq - 0 17,h7g7,-641.0,-0.9220440062085269,0
8,r1b1kb1r/p6Q/np2pnp1/2pqPp1P/P7/5PN1/1P1P2P1/RNBK1B1R w kq - 0 17,b2b4,-646.0,-0.9238955058580158,0
8,r1b1kb1r/p6Q/np2pnp1/2pqPp1P/P7/5PN1/1P1P2P1/RNBK1B1R w kq - 0 17,b2b3,-652.0,-0.926061581406646,0
8,r1b1kb1r/p6Q/np2pnp1/2pqPp1P/P7/5PN1/1P1P2P1/RNBK1B1R w kq - 0 17,h1g1,-659.0,-0.928513764888952,0
8,r1b1kb1r/p6Q/np2pnp1/2pqPp1P/P7/5PN1/1P1P2P1/RNBK1B1R w kq - 0 17,a4a5,-666.0,-0.930887539427447,0
8,r1b1kb1r/p6Q/np2pnp1/2pqPp1P/P7/5PN1/1P1P2P1/RNBK1B1R w kq - 0 17,f1a6,-684.0,-0.9366475432418873,0
8,r1b1kb1r/p6Q/np2pnp1/2pqPp1P/P7/5PN1/1P1P2P1/RNBK1B1R w kq - 0 17,h5h6,-723.0,-0.9475772098867019,0
8,r1b1kb1r/p6Q/np2pnp1/2pqPp1P/P7/5PN1/1P1P2P1/RNBK1B1R w kq - 0 17,a1a2,-728.0,-0.9488384233759847,0
8,r1b1kb1r/p6Q/np2pnp1/2pqPp1P/P7/5PN1/1P1P2P1/RNBK1B1R w kq - 0 17,h7c7,-729.0,-0.9490870970957774,0
8,r1b1kb1r/p6Q/np2pnp1/2pqPp1P/P7/5PN1/1P1P2P1/RNBK1B1R w kq - 0 17,h7g8,-736.0,-0.9507951431945212,0
8,r1b1kb1r/p6Q/np2pnp1/2pqPp1P/P7/5PN1/1P1P2P1/RNBK1B1R w kq - 0 17,h7a7,-743.0,-0.9524472851171416,0
8,r1b1kb1r/p6Q/np2pnp1/2pqPp1P/P7/5PN1/1P1P2P1/RNBK1B1R w kq - 0 17,h7e7,-743.0,-0.9524472851171416,0
8,r1b1kb1r/p6Q/np2pnp1/2pqPp1P/P7/5PN1/1P1P2P1/RNBK1B1R w kq - 0 17,d1c2,-760.0,-0.9562374581277391,0
8,r1b1kb1r/p6Q/np2pnp1/2pqPp1P/P7/5PN1/1P1P2P1/RNBK1B1R w kq - 0 17,h1h2,-763.0,-0.9568749486599412,0
8,r1b1kb1r/p6Q/np2pnp1/2pqPp1P/P7/5PN1/1P1P2P1/RNBK1B1R w kq - 0 17,d2d4,-766.0,-0.957503354577973,0
8,r1b1kb1r/p6Q/np2pnp1/2pqPp1P/P7/5PN1/1P1P2P1/RNBK1B1R w kq - 0 17,f3f4,-766.0,-0.957503354577973,0
8,r1b1kb1r/p6Q/np2pnp1/2pqPp1P/P7/5PN1/1P1P2P1/RNBK1B1R w kq - 0 17,d1e1,-782.0,-0.9607064601046226,0
8,r1b1kb1r/p6Q/np2pnp1/2pqPp1P/P7/5PN1/1P1P2P1/RNBK1B1R w kq - 0 17,f1d3,-784.0,-0.9610898308636139,0
8,r1b1kb1r/p6Q/np2pnp1/2pqPp1P/P7/5PN1/1P1P2P1/RNBK1B1R w kq - 0 17,d1e2,-792.0,-0.9625869800912908,0
8,r1b1kb1r/p6Q/np2pnp1/2pqPp1P/P7/5PN1/1P1P2P1/RNBK1B1R w kq - 0 17,h7d7,-792.0,-0.9625869800912908,0
8,r1b1kb1r/p6Q/np2pnp1/2pqPp1P/P7/5PN1/1P1P2P1/RNBK1B1R w kq - 0 17,f1e2,-793.0,-0.9627701047905499,0
8,r1b1kb1r/p6Q/np2pnp1/2pqPp1P/P7/5PN1/1P1P2P1/RNBK1B1R w kq - 0 17,g3e2,-797.0,-0.9634938499173732,0
8,r1b1kb1r/p6Q/np2pnp1/2pqPp1P/P7/5PN1/1P1P2P1/RNBK1B1R w kq - 0 17,h7b7,-801.0,-0.9642037821118065,0
8,r1b1kb1r/p6Q/np2pnp1/2pqPp1P/P7/5PN1/1P1P2P1/RNBK1B1R w kq - 0 17,h7h6,-848.0,-0.9715940772546178,0
9,rn1qkb1r/pp2p1pp/2p1b2n/3p1p1P/8/P2R1P2/1PPPP1P1/RNBQKBN1 w Qkq - 1 7,c2c4,-74.0,-0.18291795686556014,1
9,rn1qkb1r/pp2p1pp/2p1b2n/3p1p1P/8/P2R1P2/1PPPP1P1/RNBQKBN1 w Qkq - 1 7,g1h3,-102.0,-0.2496129489368586,0
9,rn1qkb1r/pp2p1pp/2p1b2n/3p1p1P/8/P2R1P2/1PPPP1P1/RNBQKBN1 w Qkq - 1 7,d3e3,-155.0,-0.3692030006468615,0
9,rn1qkb1r/pp2p1pp/2p1b2n/3p1p1P/8/P2R1P2/1PPPP1P1/RNBQKBN1 w Qkq - 1 7,d3b3,-159.0,-0.37780783595390927,0
9,rn1qkb1r/pp2p1pp/2p1b2n/3p1p1P/8/P2R1P2/1PPPP1P1/RNBQKBN1 w Qkq - 1 7,e2e3,-167.0,-0.39482222879176454,0
9,rn1qkb1r/pp2p1pp/2p1b2n/3p1p1P/8/P2R1P2/1PPPP1P1/RNBQKBN1 w Qkq - 1 7,c2c3,-176.0,-0.41364444218713514,0
9,rn1qkb1r/pp2p1pp/2p1b2n/3p1p1P/8/P2R1P2/1PPPP1P1/RNBQKBN1 w Qkq - 1 7,b1c3,-184.0,-0.4300842114019795,0
9,rn1qkb1r/pp2p1pp/2p1b2n/3p1p1P/8/P2R1P2/1PPPP1P1/RNBQKBN1 w Qkq - 1 7,b2b3,-194.0,-0.45023899557964614,0
9,rn1qkb1r/pp2p1pp/2p1b2n/3p1p1P/8/P2R1P2/1PPPP1P1/RNBQKBN1 w Qkq - 1 7,d3c3,-196.0,-0.4542164326822591,0
9,rn1qkb1r/pp2p1pp/2p1b2n/3p1p1P/8/P2R1P2/1PPPP1P1/RNBQKBN1 w Qkq - 1 7,b2b4,-204.0,-0.46994519893303766,0
9,rn1qkb1r/pp2p1pp/2p1b2n/3p1p1P/8/P2R1P2/1PPPP1P1/RNBQKBN1 w Qkq - 1 7,a3a4,-206.0,-0.4738317916668405,0
9,rn1qkb1r/pp2p1pp/2p1b2n/3p1p1P/8/P2R1P2/1PPPP1P1/RNBQKBN1 w Qkq - 1 7,g2g3,-243.0,-0.5423648911116337,0
9,rn1qkb1r/pp2p1pp/2p1b2n/3p1p1P/8/P2R1P2/1PPPP1P1/RNBQKBN1 w Qkq - 1 7,e2e4,-246.0,-0.5476371485389077,0
9,rn1qkb1r/pp2p1pp/2p1b2n/3p1p1P/8/P2R1P2/1PPPP1P1/RNBQKBN1 w Qkq - 1 7,f3f4,-268.0,-0.5849798828807288,0
9,rn1qkb1r/pp2p1pp/2p1b2n/3p1p1P/8/P2R1P2/1PPPP1P1/RNBQKBN1 w Qkq - 1 7,d3d4,-274.0,-0.5947603071377392,0
9,rn1qkb1r/pp2p1pp/2p1b2n/3p1p1P/8/P2R1P2/1PPPP1P1/RNBQKBN1 w Qkq - 1 7,a1a2,-276.0,-0.5979820004989412,0
9,rn1qkb1r/pp2p1pp/2p1b2n/3p1p1P/8/P2R1P2/1PPPP1P1/RNBQKBN1 w Qkq - 1 7,e1f2,-279.0,-0.6027785302291144,0
9,rn1qkb1r/pp2p1pp/2p1b2n/3p1p1P/8/P2R1P2/1PPPP1P1/RNBQKBN1 w Qkq - 1 7,g2g4,-522.0,-0.8630047925513478,0
9,rn1qkb1r/pp2p1pp/2p1b2n/3p1p1P/8/P2R1P2/1PPPP1P1/RNBQKBN1 w Qkq - 1 7,d3d5,-895.0,-0.9774761078852686,0
10,rn2k1nr/q2pb2p/8/ppp1P1p1/1PB1bp2/2P1P2P/PQ3PP1/RNB1K1NR b kq - 6 14,b5c4,553.0,0.8815098488354687,1
10,rn2k1nr/q2pb2p/8/ppp1P1p1/1PB1bp2/2P1P2P/PQ3PP1/RNB1K1NR b kq - 6 14,b8c6,296.0,0.6291451614140354,0
10,rn2k1nr/q2pb2p/8/ppp1P1p1/1PB1bp2/2P1P2P/PQ3PP1/RNB1K1NR b kq - 6 14,e4g2,221.0,0.5023915644617227,0
10,rn2k1nr/q2pb2p/8/ppp1P1p1/1PB1bp2/2P1P2P/PQ3PP1/RNB1K1NR b kq - 6 14,a5b4,144.0,0.3452140341355209,0
10,rn2k1nr/q2pb2p/8/ppp1P1p1/1PB1bp2/2P1P2P/PQ3PP1/RNB1K1NR b kq - 6 14,f4e3,107.0,0.2612970513021489,0
10,rn2k1nr/q2pb2p/8/ppp1P1p1/1PB1bp2/2P1P2P/PQ3PP1/RNB1K1NR b kq - 6 14,e4b1,106.0,0.25896622393478974,0
10,rn2k1nr/q2pb2p/8/ppp1P1p1/1PB1bp2/2P1P2P/PQ3PP1/RNB1K1NR b kq - 6 14,a7b7,72.0,0.1780808681173302,0
10,rn2k1nr/q2pb2p/8/ppp1P1p1/1PB1bp2/2P1P2P/PQ3PP1/RNB1K1NR b kq - 6 14,c5b4,32.0,0.07982976911113136,0
10,rn2k1nr/q2pb2p/8/ppp1P1p1/1PB1bp2/2P1P2P/PQ3PP1/RNB1K1NR b kq - 6 14,g8h6,32.0,0.07982976911113136,0
10,rn2k1nr/q2pb2p/8/ppp1P1p1/1PB1bp2/2P1P2P/PQ3PP1/RNB1K1NR b kq - 6 14,b8a6,-6.0,-0.01499887510124078,0
10,rn2k1nr/q2pb2p/8/ppp1P1p1/1PB1bp2/2P1P2P/PQ3PP1/RNB1K1NR b kq - 6 14,a7b6,-9.0,-0.02249620389370967,0
10,rn2k1nr/q2pb2p/8/ppp1P1p1/1PB1bp2/2P1P2P/PQ3PP1/RNB1K1NR b kq - 6 14,a7a6,-12.0,-0.029991003238820143,0
10,rn2k1nr/q2pb2p/8/ppp1P1p1/1PB1bp2/2P1P2P/PQ3PP1/RNB1K1NR b kq - 6 14,e8d8,-13.0,-0.03248856212414491,0
10,rn2k1nr/q2pb2p/8/ppp1P1p1/1PB1bp2/2P1P2P/PQ3PP1/RNB1K1NR b kq - 6 14,a7c7,-22.0,-0.05494460868918742,0
10,rn2k1nr/q2pb2p/8/ppp1P1p1/1PB1bp2/2P1P2P/PQ3PP1/RNB1K1NR b kq - 6 14,f4f3,-31.0,-0.07734521041301597,0
10,rn2k1nr/q2pb2p/8/ppp1P1p1/1PB1bp2/2P1P2P/PQ3PP1/RNB1K1NR b kq - 6 14,h7h5,-33.0,-0.08231333630045613,0
10,rn2k1nr/q2pb2p/8/ppp1P1p1/1PB1bp2/2P1P2P/PQ3PP1/RNB1K1NR b kq - 6 14,g5g4,-42.0,-0.10461581914865054,0
10,rn2k1nr/q2pb2p/8/ppp1P1p1/1PB1bp2/2P1P2P/PQ3PP1/RNB1K1NR b kq - 6 14,a5a4,-64.0,-0.1586485042974989,0
10,rn2k1nr/q2pb2p/8/ppp1P1p1/1PB1bp2/2P1P2P/PQ3PP1/RNB1K1NR b kq - 6 14,e4g6,-74.0,-0.18291795686556014,0
10,rn2k1nr/q2pb2p/8/ppp1P1p1/1PB1bp2/2P1P2P/PQ3PP1/RNB1K1NR b kq - 6 14,e8f8,-76.0,-0.18774620586828542,0
10,rn2k1nr/q2pb2p/8/ppp1P1p1/1PB1bp2/2P1P2P/PQ3PP1/RNB1K1NR b kq - 6 14,g8f6,-89.0,-0.21889956725665038,0
10,rn2k1nr/q2pb2p/8/ppp1P1p1/1PB1bp2/2P1P2P/PQ3PP1/RNB1K1NR b kq - 6 14,e4b7,-103.0,-0.2519557155332075,0
10,rn2k1nr/q2pb2p/8/ppp1P1p1/1PB1bp2/2P1P2P/PQ3PP1/RNB1K1NR b kq - 6 14,e7f8,-105.0,-0.25663237659073246,0
10,rn2k1nr/q2pb2p/8/ppp1P1p1/1PB1bp2/2P1P2P/PQ3PP1/RNB1K1NR b kq - 6 14,e4c6,-110.0,-0.2682711820216014,0
10,rn2k1nr/q2pb2p/8/ppp1P1p1/1PB1bp2/2P1P2P/PQ3PP1/RNB1K1NR b kq - 6 14,e7f6,-112.0,-0.27290508056313273,0
10,rn2k1nr/q2pb2p/8/ppp1P1p1/1PB1bp2/2P1P2P/PQ3PP1/RNB1K1NR b kq - 6 14,e4f5,-114.0,-0.2775263502976838,0
10,rn2k1nr/q2pb2p/8/ppp1P1p1/1PB1bp2/2P1P2P/PQ3PP1/RNB1K1NR b kq - 6 14,h7h6,-125.0,-0.3027097293321085,0
10,rn2k1nr/q2pb2p/8/ppp1P1p1/1PB1bp2/2P1P2P/PQ3PP1/RNB1K1NR b kq - 6 14,e7d8,-143.0,-0.34301006845081167,0
10,rn2k1nr/q2pb2p/8/ppp1P1p1/1PB1bp2/2P1P2P/PQ3PP1/RNB1K1NR b kq - 6 14,d7d5,-251.0,-0.5563283698494009,0
10,rn2k1nr/q2pb2p/8/ppp1P1p1/1PB1bp2/2P1P2P/PQ3PP1/RNB1K1NR b kq - 6 14,d7d6,-293.0,-0.6245924416209736,0
10,rn2k1nr/q2pb2p/8/ppp1P1p1/1PB1bp2/2P1P2P/PQ3PP1/RNB1K1NR b kq - 6 14,e7d6,-330.0,-0.6777821008468294,0
10,rn2k1nr/q2pb2p/8/ppp1P1p1/1PB1bp2/2P1P2P/PQ3PP1/RNB1K1NR b kq - 6 14,e4c2,-564.0,-0.8874941328536653,0
10,rn2k1nr/q2pb2p/8/ppp1P1p1/1PB1bp2/2P1P2P/PQ3PP1/RNB1K1NR b kq - 6 14,e4f3,-656.0,-0.9274725672507033,0
10,rn2k1nr/q2pb2p/8/ppp1P1p1/1PB1bp2/2P1P2P/PQ3PP1/RNB1K1NR b kq - 6 14,e4d3,-859.0,-0.9730937654026277,0
10,rn2k1nr/q2pb2p/8/ppp1P1p1/1PB1bp2/2P1P2P/PQ3PP1/RNB1K1NR b kq - 6 14,e4d5,-893.0,-0.9772523136902562,0
11,rnq1kbnr/1pp4p/p3ppp1/3p4/1P1P1P1N/2P4P/P3P1BP/RNBQ2KR b kq - 1 10,f6f5,-605.0,-0.9073817003029993,1
11,rnq1kbnr/1pp4p/p3ppp1/3p4/1P1P1P1N/2P4P/P3P1BP/RNBQ2KR b kq - 1 10,a6a5,-611.0,-0.9099958011881137,0
11,rnq1kbnr/1pp4p/p3ppp1/3p4/1P1P1P1N/2P4P/P3P1BP/RNBQ2KR b kq - 1 10,g6g5,-628.0,-0.9170257613966083,0
11,rnq1kbnr/1pp4p/p3ppp1/3p4/1P1P1P1N/2P4P/P3P1BP/RNBQ2KR b kq - 1 10,c8d7,-643.0,-0.922789736267539,0
11,rnq1kbnr/1pp4p/p3ppp1/3p4/1P1P1P1N/2P4P/P3P1BP/RNBQ2KR b kq - 1 10,f8d6,-648.0,-0.9246242189827881,0
11,rnq1kbnr/1pp4p/p3ppp1/3p4/1P1P1P1N/2P4P/P3P1BP/RNBQ2KR b kq - 1 10,b8c6,-655.0,-0.9271222691583196,0
11,rnq1kbnr/1pp4p/p3ppp1/3p4/1P1P1P1N/2P4P/P3P1BP/RNBQ2KR b kq - 1 10,g8h6,-664.0,-0.9302171829365263,0
11,rnq1kbnr/1pp4p/p3ppp1/3p4/1P1P1P1N/2P4P/P3P1BP/RNBQ2KR b kq - 1 10,b8d7,-671.0,-0.9325363724370656,0
11,rnq1kbnr/1pp4p/p3ppp1/3p4/1P1P1P1N/2P4P/P3P1BP/RNBQ2KR b kq - 1 10,g8e7,-686.0,-0.9372581355036123,0
11,rnq1kbnr/1pp4p/p3ppp1/3p4/1P1P1P1N/2P4P/P3P1BP/RNBQ2KR b kq - 1 10,f8g7,-697.0,-0.940515894540715,0
11,rnq1kbnr/1pp4p/p3ppp1/3p4/1P1P1P1N/2P4P/P3P1BP/RNBQ2KR b kq - 1 10,c7c6,-704.0,-0.94250300814692,0
11,rnq1kbnr/1pp4p/p3ppp1/3p4/1P1P1P1N/2P4P/P3P1BP/RNBQ2KR b kq - 1 10,f8e7,-706.0,-0.9430588246198055,0
11,rnq1kbnr/1pp4p/p3ppp1/3p4/1P1P1P1N/2P4P/P3P1BP/RNBQ2KR b kq - 1 10,c8d8,-721.0,-0.9470642968810792,0
11,rnq1kbnr/1pp4p/p3ppp1/3p4/1P1P1P1N/2P4P/P3P1BP/RNBQ2KR b kq - 1 10,f8h6,-724.0,-0.9478318497072341,0
11,rnq1kbnr/1pp4p/p3ppp1/3p4/1P1P1P1N/2P4P/P3P1BP/RNBQ2KR b kq - 1 10,e8f7,-752.0,-0.954492113074392,0
11,rnq1kbnr/1pp4p/p3ppp1/3p4/1P1P1P1N/2P4P/P3P1BP/RNBQ2KR b kq - 1 10,e6e5,-756.0,-0.9553731226019355,0
11,rnq1kbnr/1pp4p/p3ppp1/3p4/1P1P1P1N/2P4P/P3P1BP/RNBQ2KR b kq - 1 10,e8d8,-787.0,-0.9616580221163844,0
11,rnq1kbnr/1pp4p/p3ppp1/3p4/1P1P1P1N/2P4P/P3P1BP/RNBQ2KR b kq - 1 10,a8a7,-794.0,-0.9629523500734012,0
11,rnq1kbnr/1pp4p/p3ppp1/3p4/1P1P1P1N/2P4P/P3P1BP/RNBQ2KR b kq - 1 10,b7b6,-801.0,-0.9642037821118065,0
11,rnq1kbnr/1pp4p/p3ppp1/3p4/1P1P1P1N/2P4P/P3P1BP/RNBQ2KR b kq - 1 10,b7b5,-802.0,-0.9643791367189491,0
11,rnq1kbnr/1pp4p/p3ppp1/3p4/1P1P1P1N/2P4P/P3P1BP/RNBQ2KR b kq - 1 10,e8e7,-808.0,-0.9654136868601891,0
11,rnq1kbnr/1pp4p/p3ppp1/3p4/1P1P1P1N/2P4P/P3P1BP/RNBQ2KR b kq - 1 10,e8d7,-867.0,-0.9741351301220716,0
11,rnq1kbnr/1pp4p/p3ppp1/3p4/1P1P1P1N/2P4P/P3P1BP/RNBQ2KR b kq - 1 10,c7c5,-882.0,-0.9759815913801452,0
11,rnq1kbnr/1pp4p/p3ppp1/3p4/1P1P1P1N/2P4P/P3P1BP/RNBQ2KR b kq - 1 10,h7h6,-884.0,-0.976217736711226,0
11,rnq1kbnr/1pp4p/p3ppp1/3p4/1P1P1P1N/2P4P/P3P1BP/RNBQ2KR b kq - 1 10,h7h5,-887.0,-0.9765676601183906,0
11,rnq1kbnr/1pp4p/p3ppp1/3p4/1P1P1P1N/2P4P/P3P1BP/RNBQ2KR b kq - 1 10,f8b4,-1088.0,-0.9913585329601762,0
11,rnq1kbnr/1pp4p/p3ppp1/3p4/1P1P1P1N/2P4P/P3P1BP/RNBQ2KR b kq - 1 10,f8c5,-1109.0,-0.9922165231938133,0
12,r2qk1nr/pbpp1ppp/5b2/1p2p3/1PNPP3/2P3PP/PBQ2P2/R3KBnR b KQkq - 3 13,b5c4,734.0,0.9503129117179926,1
12,r2qk1nr/pbpp1ppp/5b2/1p2p3/1PNPP3/2P3PP/PBQ2P2/R3KBnR b KQkq - 3 13,g1f3,610.0,0.909565053033425,0
12,r2qk1nr/pbpp1ppp/5b2/1p2p3/1PNPP3/2P3PP/PBQ2P2/R3KBnR b KQkq - 3 13,e5d4,528.0,0.8667839288498187,0
12,r2qk1nr/pbpp1ppp/5b2/1p2p3/1PNPP3/2P3PP/PBQ2P2/R3KBnR b KQkq - 3 13,a7a5,494.0,0.8440235297412673,0
12,r2qk1nr/pbpp1ppp/5b2/1p2p3/1PNPP3/2P3PP/PBQ2P2/R3KBnR b KQkq - 3 13,d7d5,373.0,0.7317573500386785,0
12,r2qk1nr/pbpp1ppp/5b2/1p2p3/1PNPP3/2P3PP/PBQ2P2/R3KBnR b KQkq - 3 13,g8e7,318.0,0.6612322061319627,0
12,r2qk1nr/pbpp1ppp/5b2/1p2p3/1PNPP3/2P3PP/PBQ2P2/R3KBnR b KQkq - 3 13,d8c8,268.0,0.5849798828807288,0
12,r2qk1nr/pbpp1ppp/5b2/1p2p3/1PNPP3/2P3PP/PBQ2P2/R3KBnR b KQkq - 3 13,g8h6,266.0,0.5816812695738734,0
12,r2qk1nr/pbpp1ppp/5b2/1p2p3/1PNPP3/2P3PP/PBQ2P2/R3KBnR b KQkq - 3 13,b7e4,196.0,0.4542164326822591,0
12,r2qk1nr/pbpp1ppp/5b2/1p2p3/1PNPP3/2P3PP/PBQ2P2/R3KBnR b KQkq - 3 13,a7a6,62.0,0.15377052226409266,0
12,r2qk1nr/pbpp1ppp/5b2/1p2p3/1PNPP3/2P3PP/PBQ2P2/R3KBnR b KQkq - 3 13,d8e7,23.0,0.05743671390287926,0
12,r2qk1nr/pbpp1ppp/5b2/1p2p3/1PNPP3/2P3PP/PBQ2P2/R3KBnR b KQkq - 3 13,a8b8,11.0,0.02749306980470986,0
12,r2qk1nr/pbpp1ppp/5b2/1p2p3/1PNPP3/2P3PP/PBQ2P2/R3KBnR b KQkq - 3 13,d7d6,11.0,0.02749306980470986,0
12,r2qk1nr/pbpp1ppp/5b2/1p2p3/1PNPP3/2P3PP/PBQ2P2/R3KBnR b KQkq - 3 13,h7h5,6.0,0.01499887510124078,0
12,r2qk1nr/pbpp1ppp/5b2/1p2p3/1PNPP3/2P3PP/PBQ2P2/R3KBnR b KQkq - 3 13,d8b8,-10.0,-0.02499479296842069,0
12,r2qk1nr/pbpp1ppp/5b2/1p2p3/1PNPP3/2P3PP/PBQ2P2/R3KBnR b KQkq - 3 13,a8c8,-21.0,-0.05245181874413747,0
12,r2qk1nr/pbpp1ppp/5b2/1p2p3/1PNPP3/2P3PP/PBQ2P2/R3KBnR b KQkq - 3 13,g7g6,-23.0,-0.05743671390287926,0
12,r2qk1nr/pbpp1ppp/5b2/1p2p3/1PNPP3/2P3PP/PBQ2P2/R3KBnR b KQkq - 3 13,h7h6,-35.0,-0.08727737447415772,0
12,r2qk1nr/pbpp1ppp/5b2/1p2p3/1PNPP3/2P3PP/PBQ2P2/R3KBnR b KQkq - 3 13,e8f8,-41.0,-0.1021425386146839,0
12,r2qk1nr/pbpp1ppp/5b2/1p2p3/1PNPP3/2P3PP/PBQ2P2/R3KBnR b KQkq - 3 13,b7c6,-46.0,-0.11449570919711116,0
12,r2qk1nr/pbpp1ppp/5b2/1p2p3/1PNPP3/2P3PP/PBQ2P2/R3KBnR b KQkq - 3 13,f6e7,-58.0,-0.14399226586303726,0
12,r2qk1nr/pbpp1ppp/5b2/1p2p3/1PNPP3/2P3PP/PBQ2P2/R3KBnR b KQkq - 3 13,b7c8,-69.0,-0.17080913825893015,0
12,r2qk1nr/pbpp1ppp/5b2/1p2p3/1PNPP3/2P3PP/PBQ2P2/R3KBnR b KQkq - 3 13,f6g5,-86.0,-0.21174733686352115,0
12,r2qk1nr/pbpp1ppp/5b2/1p2p3/1PNPP3/2P3PP/PBQ2P2/R3KBnR b KQkq - 3 13,b7a6,-95.0,-0.2331330090426386,0
12,r2qk1nr/pbpp1ppp/5b2/1p2p3/1PNPP3/2P3PP/PBQ2P2/R3KBnR b KQkq - 3 13,g7g5,-104.0,-0.25429553262639115,0
12,r2qk1nr/pbpp1ppp/5b2/1p2p3/1PNPP3/2P3PP/PBQ2P2/R3KBnR b KQkq - 3 13,f6h4,-111.0,-0.2705896986456141,0
12,r2qk1nr/pbpp1ppp/5b2/1p2p3/1PNPP3/2P3PP/PBQ2P2/R3KBnR b KQkq - 3 13,g1h3,-122.0,-0.29588160416130044,0
12,r2qk1nr/pbpp1ppp/5b2/1p2p3/1PNPP3/2P3PP/PBQ2P2/R3KBnR b KQkq - 3 13,g1e2,-138.0,-0.33193385350364046,0
12,r2qk1nr/pbpp1ppp/5b2/1p2p3/1PNPP3/2P3PP/PBQ2P2/R3KBnR b KQkq - 3 13,b7d5,-150.0,-0.35835739835078595,0
12,r2qk1nr/pbpp1ppp/5b2/1p2p3/1PNPP3/2P3PP/PBQ2P2/R3KBnR b KQkq - 3 13,e8e7,-152.0,-0.3627074675780511,0
12,r2qk1nr/pbpp1ppp/5b2/1p2p3/1PNPP3/2P3PP/PBQ2P2/R3KBnR b KQkq - 3 13,c7c6,-350.0,-0.703905603936621,0
12,r2qk1nr/pbpp1ppp/5b2/1p2p3/1PNPP3/2P3PP/PBQ2P2/R3KBnR b KQkq - 3 13,c7c5,-407.0,-0.7688463106489329,0
13,rn3kr1/1B3p2/p2p2p1/1p2pb1p/2P3nq/NP6/P2PPP2/1RBQ1RK1 w - - 4 19,b7a8,-279.0,-0.6027785302291144,1
13,rn3kr1/1B3p2/p2p2p1/1p2pb1p/2P3nq/NP6/P2PPP2/1RBQ1RK1 w - - 4 19,d2d3,-371.0,-0.7294261843234738,0
13,rn3kr1/1B3p2/p2p2p1/1p2pb1p/2P3nq/NP6/P2PPP2/1RBQ1RK1 w - - 4 19,e2e4,-425.0,-0.7866188121086977,0
13,rn3kr1/1B3p2/p2p2p1/1p2pb1p/2P3nq/NP6/P2PPP2/1RBQ1RK1 w - - 4 19,d2d4,-467.0,-0.8234690786261251,0
13,rn3kr1/1B3p2/p2p2p1/1p2pb1p/2P3nq/NP6/P2PPP2/1RBQ1RK1 w - - 4 19,f2f3,-475.0,-0.8298019099859595,0
13,rn3kr1/1B3p2/p2p2p1/1p2pb1p/2P3nq/NP6/P2PPP2/1RBQ1RK1 w - - 4 19,b1b2,-499.0,-0.8475811144033204,0
13,rn3kr1/1B3p2/p2p2p1/1p2pb1p/2P3nq/NP6/P2PPP2/1RBQ1RK1 w - - 4 19,d1e1,-520.0,-0.8617231593133063,0
13,rn3kr1/1B3p2/p2p2p1/1p2pb1p/2P3nq/NP6/P2PPP2/1RBQ1RK1 w - - 4 19,c4b5,-533.0,-0.8698590209439497,0
13,rn3kr1/1B3p2/p2p2p1/1p2pb1p/2P3nq/NP6/P2PPP2/1RBQ1RK1 w - - 4 19,a3c2,-536.0,-0.8716722471896521,0
13,rn3kr1/1B3p2/p2p2p1/1p2pb1p/2P3nq/NP6/P2PPP2/1RBQ1RK1 w - - 4 19,b1a1,-549.0,-0.8792606934162193,0
13,rn3kr1/1B3p2/p2p2p1/1p2pb1p/2P3nq/NP6/P2PPP2/1RBQ1RK1 w - - 4 19,b7g2,-561.0,-0.8858908348021591,0
13,rn3kr1/1B3p2/p2p2p1/1p2pb1p/2P3nq/NP6/P2PPP2/1RBQ1RK1 w - - 4 19,g1g2,-565.0,-0.8880238418763566,0
13,rn3kr1/1B3p2/p2p2p1/1p2pb1p/2P3nq/NP6/P2PPP2/1RBQ1RK1 w - - 4 19,b7d5,-582.0,-0.8966771290678304,0
13,rn3kr1/1B3p2/p2p2p1/1p2pb1p/2P3nq/NP6/P2PPP2/1RBQ1RK1 w - - 4 19,a3b5,-590.0,-0.9005269768828865,0
13,rn3kr1/1B3p2/p2p2p1/1p2pb1p/2P3nq/NP6/P2PPP2/1RBQ1RK1 w - - 4 19,c1b2,-600.0,-0.9051482536448664,0
13,rn3kr1/1B3p2/p2p2p1/1p2pb1p/2P3nq/NP6/P2PPP2/1RBQ1RK1 w - - 4 19,d1c2,-641.0,-0.9220440062085269,0
13,rn3kr1/1B3p2/p2p2p1/1p2pb1p/2P3nq/NP6/P2PPP2/1RBQ1RK1 w - - 4 19,c4c5,-648.0,-0.9246242189827881,0
13,rn3kr1/1B3p2/p2p2p1/1p2pb1p/2P3nq/NP6/P2PPP2/1RBQ1RK1 w - - 4 19,b3b4,-650.0,-0.925346225311741,0
13,rn3kr1/1B3p2/p2p2p1/1p2pb1p/2P3nq/NP6/P2PPP2/1RBQ1RK1 w - - 4 19,f1e1,-99998.0,-1.0,0
13,rn3kr1/1B3p2/p2p2p1/1p2pb1p/2P3nq/NP6/P2PPP2/1RBQ1RK1 w - - 4 19,b7a6,-99999.0,-1.0,0
13,rn3kr1/1B3p2/p2p2p1/1p2pb1p/2P3nq/NP6/P2PPP2/1RBQ1RK1 w - - 4 19,b7c6,-99999.0,-1.0,0
13,rn3kr1/1B3p2/p2p2p1/1p2pb1p/2P3nq/NP6/P2PPP2/1RBQ1RK1 w - - 4 19,b7c8,-99999.0,-1.0,0
13,rn3kr1/1B3p2/p2p2p1/1p2pb1p/2P3nq/NP6/P2PPP2/1RBQ1RK1 w - - 4 19,b7e4,-99999.0,-1.0,0
13,rn3kr1/1B3p2/p2p2p1/1p2pb1p/2P3nq/NP6/P2PPP2/1RBQ1RK1 w - - 4 19,b7f3,-99999.0,-1.0,0
13,rn3kr1/1B3p2/p2p2p1/1p2pb1p/2P3nq/NP6/P2PPP2/1RBQ1RK1 w - - 4 19,b7h1,-99999.0,-1.0,0
13,rn3kr1/1B3p2/p2p2p1/1p2pb1p/2P3nq/NP6/P2PPP2/1RBQ1RK1 w - - 4 19,e2e3,-99999.0,-1.0,0
13,rn3kr1/1B3p2/p2p2p1/1p2pb1p/2P3nq/NP6/P2PPP2/1RBQ1RK1 w - - 4 19,f2f4,-99999.0,-1.0,0
14,rnb1k1nr/pppp4/7p/4ppp1/P2PP1q1/b1P5/NP1K1P2/RNBQ1BR1 w kq - 4 14,g1g4,569.0,0.8901193004193375,1
14,rnb1k1nr/pppp4/7p/4ppp1/P2PP1q1/b1P5/NP1K1P2/RNBQ1BR1 w kq - 4 14,d1g4,421.0,0.7827764066595579,0
14,rnb1k1nr/pppp4/7p/4ppp1/P2PP1q1/b1P5/NP1K1P2/RNBQ1BR1 w kq - 4 14,f1e2,324.0,0.6695902596187708,0
14,rnb1k1nr/pppp4/7p/4ppp1/P2PP1q1/b1P5/NP1K1P2/RNBQ1BR1 w kq - 4 14,f1c4,-128.0,-0.30950692121263845,0
14,rnb1k1nr/pppp4/7p/4ppp1/P2PP1q1/b1P5/NP1K1P2/RNBQ1BR1 w kq - 4 14,f1d3,-154.0,-0.3670417874726313,0
14,rnb1k1nr/pppp4/7p/4ppp1/P2PP1q1/b1P5/NP1K1P2/RNBQ1BR1 w kq - 4 14,f1g2,-172.0,-0.405321308689463,0
14,rnb1k1nr/pppp4/7p/4ppp1/P2PP1q1/b1P5/NP1K1P2/RNBQ1BR1 w kq - 4 14,g1h1,-215.0,-0.4910932282528053,0
14,rnb1k1nr/pppp4/7p/4ppp1/P2PP1q1/b1P5/NP1K1P2/RNBQ1BR1 w kq - 4 14,b1a3,-228.0,-0.5153592780074097,0
14,rnb1k1nr/pppp4/7p/4ppp1/P2PP1q1/b1P5/NP1K1P2/RNBQ1BR1 w kq - 4 14,f1b5,-269.0,-0.5866219743251164,0
14,rnb1k1nr/pppp4/7p/4ppp1/P2PP1q1/b1P5/NP1K1P2/RNBQ1BR1 w kq - 4 14,g1g2,-272.0,-0.5915193954318165,0
14,rnb1k1nr/pppp4/7p/4ppp1/P2PP1q1/b1P5/NP1K1P2/RNBQ1BR1 w kq - 4 14,d2c2,-283.0,-0.6091067545471247,0
14,rnb1k1nr/pppp4/7p/4ppp1/P2PP1q1/b1P5/NP1K1P2/RNBQ1BR1 w kq - 4 14,g1g3,-320.0,-0.6640367702678489,0
14,rnb1k1nr/pppp4/7p/4ppp1/P2PP1q1/b1P5/NP1K1P2/RNBQ1BR1 w kq - 4 14,d2e1,-336.0,-0.6858090622290945,0
14,rnb1k1nr/pppp4/7p/4ppp1/P2PP1q1/b1P5/NP1K1P2/RNBQ1BR1 w kq - 4 14,a2b4,-342.0,-0.6936725684698276,0
14,rnb1k1nr/pppp4/7p/4ppp1/P2PP1q1/b1P5/NP1K1P2/RNBQ1BR1 w kq - 4 14,f1h3,-364.0,-0.7211322540766999,0
14,rnb1k1nr/pppp4/7p/4ppp1/P2PP1q1/b1P5/NP1K1P2/RNBQ1BR1 w kq - 4 14,d1e2,-396.0,-0.7573623242165263,0
14,rnb1k1nr/pppp4/7p/4ppp1/P2PP1q1/b1P5/NP1K1P2/RNBQ1BR1 w kq - 4 14,d1e1,-400.0,-0.7615941559557649,0
14,rnb1k1nr/pppp4/7p/4ppp1/P2PP1q1/b1P5/NP1K1P2/RNBQ1BR1 w kq - 4 14,d4e5,-437.0,-0.797788791179091,0
14,rnb1k1nr/pppp4/7p/4ppp1/P2PP1q1/b1P5/NP1K1P2/RNBQ1BR1 w kq - 4 14,b2a3,-485.0,-0.8374278407728539,0
14,rnb1k1nr/pppp4/7p/4ppp1/P2PP1q1/b1P5/NP1K1P2/RNBQ1BR1 w kq - 4 14,b2b4,-496.0,-0.8454555957266803,0
14,rnb1k1nr/pppp4/7p/4ppp1/P2PP1q1/b1P5/NP1K1P2/RNBQ1BR1 w kq - 4 14,e4f5,-502.0,-0.8496797810357468,0
14,rnb1k1nr/pppp4/7p/4ppp1/P2PP1q1/b1P5/NP1K1P2/RNBQ1BR1 w kq - 4 14,d4d5,-518.0,-0.8604304342468398,0
14,rnb1k1nr/pppp4/7p/4ppp1/P2PP1q1/b1P5/NP1K1P2/RNBQ1BR1 w kq - 4 14,f2f4,-521.0,-0.8623653574745808,0
14,rnb1k1nr/pppp4/7p/4ppp1/P2PP1q1/b1P5/NP1K1P2/RNBQ1BR1 w kq - 4 14,b2b3,-529.0,-0.8674042972956072,0
14,rnb1k1nr/pppp4/7p/4ppp1/P2PP1q1/b1P5/NP1K1P2/RNBQ1BR1 w kq - 4 14,f1a6,-545.0,-0.8769716366107312,0
14,rnb1k1nr/pppp4/7p/4ppp1/P2PP1q1/b1P5/NP1K1P2/RNBQ1BR1 w kq - 4 14,a4a5,-554.0,-0.8820659730704165,0
14,rnb1k1nr/pppp4/7p/4ppp1/P2PP1q1/b1P5/NP1K1P2/RNBQ1BR1 w kq - 4 14,f2f3,-666.0,-0.930887539427447,0
14,rnb1k1nr/pppp4/7p/4ppp1/P2PP1q1/b1P5/NP1K1P2/RNBQ1BR1 w kq - 4 14,d1c2,-687.0,-0.9375612924997138,0
14,rnb1k1nr/pppp4/7p/4ppp1/P2PP1q1/b1P5/NP1K1P2/RNBQ1BR1 w kq - 4 14,c3c4,-759.0,-0.9560229208941606,0
14,rnb1k1nr/pppp4/7p/4ppp1/P2PP1q1/b1P5/NP1K1P2/RNBQ1BR1 w kq - 4 14,d1b3,-773.0,-0.9589349975863708,0
14,rnb1k1nr/pppp4/7p/4ppp1/P2PP1q1/b1P5/NP1K1P2/RNBQ1BR1 w kq - 4 14,d1f3,-908.0,-0.9788786239267537,0
14,rnb1k1nr/pppp4/7p/4ppp1/P2PP1q1/b1P5/NP1K1P2/RNBQ1BR1 w kq - 4 14,d2e3,-939.0,-0.9818838624745583,0
14,rnb1k1nr/pppp4/7p/4ppp1/P2PP1q1/b1P5/NP1K1P2/RNBQ1BR1 w kq - 4 14,d2d3,-1105.0,-0.9920599107688227,0
15,r1b1kbnr/pp2pp2/q1p3pp/1Pnp4/2P5/1Q1PPP2/P5PP/R1B1KBNR b KQkq - 1 10,a6a5,1113.0,0.9923700583854789,1
15,r1b1kbnr/pp2pp2/q1p3pp/1Pnp4/2P5/1Q1PPP2/P5PP/R1B1KBNR b KQkq - 1 10,a6b6,623.0,0.9150145146730381,0
15,r1b1kbnr/pp2pp2/q1p3pp/1Pnp4/2P5/1Q1PPP2/P5PP/R1B1KBNR b KQkq - 1 10,d5c4,507.0,0.853118631283003,0
15,r1b1kbnr/pp2pp2/q1p3pp/1Pnp4/2P5/1Q1PPP2/P5PP/R1B1KBNR b KQkq - 1 10,a6a2,442.0,0.8022878536436613,0
15,r1b1kbnr/pp2pp2/q1p3pp/1Pnp4/2P5/1Q1PPP2/P5PP/R1B1KBNR b KQkq - 1 10,c6b5,413.0,0.7749090662984006,0
15,r1b1kbnr/pp2pp2/q1p3pp/1Pnp4/2P5/1Q1PPP2/P5PP/R1B1KBNR b KQkq - 1 10,f8g7,398.0,0.7594862750644984,0
15,r1b1kbnr/pp2pp2/q1p3pp/1Pnp4/2P5/1Q1PPP2/P5PP/R1B1KBNR b KQkq - 1 10,c5b3,378.0,0.7375110611229533,0
15,r1b1kbnr/pp2pp2/q1p3pp/1Pnp4/2P5/1Q1PPP2/P5PP/R1B1KBNR b KQkq - 1 10,a6a4,366.0,0.7235234536550119,0
15,r1b1kbnr/pp2pp2/q1p3pp/1Pnp4/2P5/1Q1PPP2/P5PP/R1B1KBNR b KQkq - 1 10,a6b5,175.0,0.41157005567402244,0
15,r1b1kbnr/pp2pp2/q1p3pp/1Pnp4/2P5/1Q1PPP2/P5PP/R1B1KBNR b KQkq - 1 10,c5d3,60.0,0.14888503362331798,0
15,r1b1kbnr/pp2pp2/q1p3pp/1Pnp4/2P5/1Q1PPP2/P5PP/R1B1KBNR b KQkq - 1 10,b7b6,6.0,0.01499887510124078,0
15,r1b1kbnr/pp2pp2/q1p3pp/1Pnp4/2P5/1Q1PPP2/P5PP/R1B1KBNR b KQkq - 1 10,e7e5,-5.0,-0.012499348999020865,0
15,r1b1kbnr/pp2pp2/q1p3pp/1Pnp4/2P5/1Q1PPP2/P5PP/R1B1KBNR b KQkq - 1 10,a8b8,-15.0,-0.03748243175707047,0
15,r1b1kbnr/pp2pp2/q1p3pp/1Pnp4/2P5/1Q1PPP2/P5PP/R1B1KBNR b KQkq - 1 10,e7e6,-20.0,-0.04995837495787998,0
15,r1b1kbnr/pp2pp2/q1p3pp/1Pnp4/2P5/1Q1PPP2/P5PP/R1B1KBNR b KQkq - 1 10,g8f6,-31.0,-0.07734521041301597,0
15,r1b1kbnr/pp2pp2/q1p3pp/1Pnp4/2P5/1Q1PPP2/P5PP/R1B1KBNR b KQkq - 1 10,h6h5,-36.0,-0.0897577847471601,0
15,r1b1kbnr/pp2pp2/q1p3pp/1Pnp4/2P5/1Q1PPP2/P5PP/R1B1KBNR b KQkq - 1 10,h8h7,-65.0,-0.1610846096413192,0
15,r1b1kbnr/pp2pp2/q1p3pp/1Pnp4/2P5/1Q1PPP2/P5PP/R1B1KBNR b KQkq - 1 10,c8d7,-67.0,-0.165950908402399,0
15,r1b1kbnr/pp2pp2/q1p3pp/1Pnp4/2P5/1Q1PPP2/P5PP/R1B1KBNR b KQkq - 1 10,g6g5,-67.0,-0.165950908402399,0
15,r1b1kbnr/pp2pp2/q1p3pp/1Pnp4/2P5/1Q1PPP2/P5PP/R1B1KBNR b KQkq - 1 10,f7f5,-68.0,-0.16838104587081473,0
15,r1b1kbnr/pp2pp2/q1p3pp/1Pnp4/2P5/1Q1PPP2/P5PP/R1B1KBNR b KQkq - 1 10,d5d4,-85.0,-0.20935816942801874,0
15,r1b1kbnr/pp2pp2/q1p3pp/1Pnp4/2P5/1Q1PPP2/P5PP/R1B1KBNR b KQkq - 1 10,c8e6,-88.0,-0.21651806149302882,0
15,r1b1kbnr/pp2pp2/q1p3pp/1Pnp4/2P5/1Q1PPP2/P5PP/R1B1KBNR b KQkq - 1 10,f7f6,-88.0,-0.21651806149302882,0
15,r1b1kbnr/pp2pp2/q1p3pp/1Pnp4/2P5/1Q1PPP2/P5PP/R1B1KBNR b KQkq - 1 10,c8f5,-94.0,-0.23076751278236432,0
15,r1b1kbnr/pp2pp2/q1p3pp/1Pnp4/2P5/1Q1PPP2/P5PP/R1B1KBNR b KQkq - 1 10,e8d7,-182.0,-0.42600032550456335,0
15,r1b1kbnr/pp2pp2/q1p3pp/1Pnp4/2P5/1Q1PPP2/P5PP/R1B1KBNR b KQkq - 1 10,e8d8,-229.0,-0.51719292375787,0
15,r1b1kbnr/pp2pp2/q1p3pp/1Pnp4/2P5/1Q1PPP2/P5PP/R1B1KBNR b KQkq - 1 10,c8g4,-404.0,-0.7657620182484389,0
15,r1b1kbnr/pp2pp2/q1p3pp/1Pnp4/2P5/1Q1PPP2/P5PP/R1B1KBNR b KQkq - 1 10,c8h3,-421.0,-0.7827764066595579,0
15,r1b1kbnr/pp2pp2/q1p3pp/1Pnp4/2P5/1Q1PPP2/P5PP/R1B1KBNR b KQkq - 1 10,c5a4,-803.0,-0.9645536478198754,0
15,r1b1kbnr/pp2pp2/q1p3pp/1Pnp4/2P5/1Q1PPP2/P5PP/R1B1KBNR b KQkq - 1 10,a6a3,-805.0,-0.9649001551103512,0
15,r1b1kbnr/pp2pp2/q1p3pp/1Pnp4/2P5/1Q1PPP2/P5PP/R1B1KBNR b KQkq - 1 10,c5e6,-822.0,-0.9677141892505896,0
15,r1b1kbnr/pp2pp2/q1p3pp/1Pnp4/2P5/1Q1PPP2/P5PP/R1B1KBNR b KQkq - 1 10,c5d7,-851.0,-0.9720110679611439,0
15,r1b1kbnr/pp2pp2/q1p3pp/1Pnp4/2P5/1Q1PPP2/P5PP/R1B1KBNR b KQkq - 1 10,c5e4,-872.0,-0.9747656786413226,0
16,r1bqkb1r/1p1pp1pp/n1p4n/pN3p2/8/3P4/PPP1PPPP/R1BQKBNR w KQkq - 0 6,c1h6,-13.0,-0.03248856212414491,1
16,r1bqkb1r/1p1pp1pp/n1p4n/pN3p2/8/3P4/PPP1PPPP/R1BQKBNR w KQkq - 0 6,b5c3,-24.0,-0.059928103529143496,0
16,r1bqkb1r/1p1pp1pp/n1p4n/pN3p2/8/3P4/PPP1PPPP/R1BQKBNR w KQkq - 0 6,b5d4,-25.0,-0.062418746747512514,0
16,r1bqkb1r/1p1pp1pp/n1p4n/pN3p2/8/3P4/PPP1PPPP/R1BQKBNR w KQkq - 0 6,b5a3,-38.0,-0.09471523628617855,0
16,r1bqkb1r/1p1pp1pp/n1p4n/pN3p2/8/3P4/PPP1PPPP/R1BQKBNR w KQkq - 0 6,e2e4,-349.0,-0.7026420908321852,0
16,r1bqkb1r/1p1pp1pp/n1p4n/pN3p2/8/3P4/PPP1PPPP/R1BQKBNR w KQkq - 0 6,g2g4,-463.0,-0.820223473492082,0
16,r1bqkb1r/1p1pp1pp/n1p4n/pN3p2/8/3P4/PPP1PPPP/R1BQKBNR w KQkq - 0 6,d3d4,-467.0,-0.8234690786261251,0
16,r1bqkb1r/1p1pp1pp/n1p4n/pN3p2/8/3P4/PPP1PPPP/R1BQKBNR w KQkq - 0 6,c1e3,-486.0,-0.8381730655690693,0
16,r1bqkb1r/1p1pp1pp/n1p4n/pN3p2/8/3P4/PPP1PPPP/R1BQKBNR w KQkq - 0 6,c2c4,-491.0,-0.8418526462603199,0
16,r1bqkb1r/1p1pp1pp/n1p4n/pN3p2/8/3P4/PPP1PPPP/R1BQKBNR w KQkq - 0 6,a2a4,-504.0,-0.8510641096679439,0
16,r1bqkb1r/1p1pp1pp/n1p4n/pN3p2/8/3P4/PPP1PPPP/R1BQKBNR w KQkq - 0 6,c2c3,-517.0,-0.8597798875571636,0
16,r1bqkb1r/1p1pp1pp/n1p4n/pN3p2/8/3P4/PPP1PPPP/R1BQKBNR w KQkq - 0 6,a2a3,-518.0,-0.8604304342468398,0
16,r1bqkb1r/1p1pp1pp/n1p4n/pN3p2/8/3P4/PPP1PPPP/R1BQKBNR w KQkq - 0 6,g1h3,-541.0,-0.8746420772011104,0
16,r1bqkb1r/1p1pp1pp/n1p4n/pN3p2/8/3P4/PPP1PPPP/R1BQKBNR w KQkq - 0 6,c1f4,-549.0,-0.8792606934162193,0
16,r1bqkb1r/1p1pp1pp/n1p4n/pN3p2/8/3P4/PPP1PPPP/R1BQKBNR w KQkq - 0 6,h2h3,-561.0,-0.8858908348021591,0
16,r1bqkb1r/1p1pp1pp/n1p4n/pN3p2/8/3P4/PPP1PPPP/R1BQKBNR w KQkq - 0 6,a1b1,-564.0,-0.8874941328536653,0
16,r1bqkb1r/1p1pp1pp/n1p4n/pN3p2/8/3P4/PPP1PPPP/R1BQKBNR w KQkq - 0 6,c1g5,-569.0,-0.8901193004193375,0
16,r1bqkb1r/1p1pp1pp/n1p4n/pN3p2/8/3P4/PPP1PPPP/R1BQKBNR w KQkq - 0 6,h2h4,-595.0,-0.9028636912994878,0
16,r1bqkb1r/1p1pp1pp/n1p4n/pN3p2/8/3P4/PPP1PPPP/R1BQKBNR w KQkq - 0 6,g1f3,-629.0,-0.9174225103797897,0
16,r1bqkb1r/1p1pp1pp/n1p4n/pN3p2/8/3P4/PPP1PPPP/R1BQKBNR w KQkq - 0 6,b2b3,-631.0,-0.9182105685881917,0
16,r1bqkb1r/1p1pp1pp/n1p4n/pN3p2/8/3P4/PPP1PPPP/R1BQKBNR w KQkq - 0 6,g2g3,-632.0,-0.9186018928570671,0
16,r1bqkb1r/1p1pp1pp/n1p4n/pN3p2/8/3P4/PPP1PPPP/R1BQKBNR w KQkq - 0 6,c1d2,-658.0,-0.9281683082344766,0
16,r1bqkb1r/1p1pp1pp/n1p4n/pN3p2/8/3P4/PPP1PPPP/R1BQKBNR w KQkq - 0 6,b5d6,-671.0,-0.9325363724370656,0
16,r1bqkb1r/1p1pp1pp/n1p4n/pN3p2/8/3P4/PPP1PPPP/R1BQKBNR w KQkq - 0 6,b2b4,-703.0,-0.9422231290637216,0
16,r1bqkb1r/1p1pp1pp/n1p4n/pN3p2/8/3P4/PPP1PPPP/R1BQKBNR w KQkq - 0 6,e2e3,-706.0,-0.9430588246198055,0
16,r1bqkb1r/1p1pp1pp/n1p4n/pN3p2/8/3P4/PPP1PPPP/R1BQKBNR w KQkq - 0 6,b5a7,-707.0,-0.9433347735879051,0
16,r1bqkb1r/1p1pp1pp/n1p4n/pN3p2/8/3P4/PPP1PPPP/R1BQKBNR w KQkq - 0 6,d1d2,-733.0,-0.9500700718647335,0
16,r1bqkb1r/1p1pp1pp/n1p4n/pN3p2/8/3P4/PPP1PPPP/R1BQKBNR w KQkq - 0 6,f2f3,-734.0,-0.9503129117179926,0
16,r1bqkb1r/1p1pp1pp/n1p4n/pN3p2/8/3P4/PPP1PPPP/R1BQKBNR w KQkq - 0 6,f2f4,-766.0,-0.957503354577973,0
16,r1bqkb1r/1p1pp1pp/n1p4n/pN3p2/8/3P4/PPP1PPPP/R1BQKBNR w KQkq - 0 6,e1d2,-779.0,-0.9601244542600316,0
16,r1bqkb1r/1p1pp1pp/n1p4n/pN3p2/8/3P4/PPP1PPPP/R1BQKBNR w KQkq - 0 6,b5c7,-785.0,-0.9612801390515048,0
17,r1b2b1r/pp3kp1/2pp3n/1P3P1p/4PP2/N1PB4/P2P1N1P/R1BQK2R b - - 0 18,h6f5,-1091.0,-0.9914866400015664,1
17,r1b2b1r/pp3kp1/2pp3n/1P3P1p/4PP2/N1PB4/P2P1N1P/R1BQK2R b - - 0 18,c8f5,-1116.0,-0.9924832264829984,0
17,r1b2b1r/pp3kp1/2pp3n/1P3P1p/4PP2/N1PB4/P2P1N1P/R1BQK2R b - - 0 18,h6g8,-1126.0,-0.9928485129951554,0
17,r1b2b1r/pp3kp1/2pp3n/1P3P1p/4PP2/N1PB4/P2P1N1P/R1BQK2R b - - 0 18,h6g4,-1134.0,-0.9931279633044923,0
17,r1b2b1r/pp3kp1/2pp3n/1P3P1p/4PP2/N1PB4/P2P1N1P/R1BQK2R b - - 0 18,h5h4,-1138.0,-0.9932635804175064,0
17,r1b2b1r/pp3kp1/2pp3n/1P3P1p/4PP2/N1PB4/P2P1N1P/R1BQK2R b - - 0 18,h8h7,-1148.0,-0.9935910666848863,0
17,r1b2b1r/pp3kp1/2pp3n/1P3P1p/4PP2/N1PB4/P2P1N1P/R1BQK2R b - - 0 18,f7g8,-1170.0,-0.9942567416885992,0
17,r1b2b1r/pp3kp1/2pp3n/1P3P1p/4PP2/N1PB4/P2P1N1P/R1BQK2R b - - 0 18,b7b6,-1183.0,-0.9946172067300981,0
17,r1b2b1r/pp3kp1/2pp3n/1P3P1p/4PP2/N1PB4/P2P1N1P/R1BQK2R b - - 0 18,c8d7,-1188.0,-0.9947497594866797,0
17,r1b2b1r/pp3kp1/2pp3n/1P3P1p/4PP2/N1PB4/P2P1N1P/R1BQK2R b - - 0 18,f8e7,-1188.0,-0.9947497594866797,0
17,r1b2b1r/pp3kp1/2pp3n/1P3P1p/4PP2/N1PB4/P2P1N1P/R1BQK2R b - - 0 18,c6c5,-1200.0,-0.9950547536867305,0
17,r1b2b1r/pp3kp1/2pp3n/1P3P1p/4PP2/N1PB4/P2P1N1P/R1BQK2R b - - 0 18,h8g8,-1203.0,-0.9951281994690567,0
17,r1b2b1r/pp3kp1/2pp3n/1P3P1p/4PP2/N1PB4/P2P1N1P/R1BQK2R b - - 0 18,d6d5,-1207.0,-0.995224437238188,0
17,r1b2b1r/pp3kp1/2pp3n/1P3P1p/4PP2/N1PB4/P2P1N1P/R1BQK2R b - - 0 18,f7e7,-1207.0,-0.995224437238188,0
17,r1b2b1r/pp3kp1/2pp3n/1P3P1p/4PP2/N1PB4/P2P1N1P/R1BQK2R b - - 0 18,f7e8,-1207.0,-0.995224437238188,0
17,r1b2b1r/pp3kp1/2pp3n/1P3P1p/4PP2/N1PB4/P2P1N1P/R1BQK2R b - - 0 18,f7f6,-1209.0,-0.9952718425461593,0
17,r1b2b1r/pp3kp1/2pp3n/1P3P1p/4PP2/N1PB4/P2P1N1P/R1BQK2R b - - 0 18,a8b8,-1215.0,-0.9954112601059466,0
17,r1b2b1r/pp3kp1/2pp3n/1P3P1p/4PP2/N1PB4/P2P1N1P/R1BQK2R b - - 0 18,g7g6,-1220.0,-0.9955243029574473,0
17,r1b2b1r/pp3kp1/2pp3n/1P3P1p/4PP2/N1PB4/P2P1N1P/R1BQK2R b - - 0 18,a7a6,-1223.0,-0.995590790502715,0
17,r1b2b1r/pp3kp1/2pp3n/1P3P1p/4PP2/N1PB4/P2P1N1P/R1BQK2R b - - 0 18,c8e6,-1261.0,-0.9963523724112839,0
17,r1b2b1r/pp3kp1/2pp3n/1P3P1p/4PP2/N1PB4/P2P1N1P/R1BQK2R b - - 0 18,a7a5,-1271.0,-0.9965299606533771,0
17,r1b2b1r/pp3kp1/2pp3n/1P3P1p/4PP2/N1PB4/P2P1N1P/R1BQK2R b - - 0 18,c6b5,-1282.0,-0.9967153543184856,0
17,r1b2b1r/pp3kp1/2pp3n/1P3P1p/4PP2/N1PB4/P2P1N1P/R1BQK2R b - - 0 18,g7g5,-1284.0,-0.9967479839466443,0
18,r1b1k1nr/p2p1p2/n3pqp1/1p2P2p/1bp1N1P1/3P4/P1PQ1P1P/RNB1K2R b Qkq - 1 13,f6e5,1013.0,0.9874514088806743,1
18,r1b1k1nr/p2p1p2/n3pqp1/1p2P2p/1bp1N1P1/3P4/P1PQ1P1P/RNB1K2R b Qkq - 1 13,f6f3,873.0,0.974889955210435,0
18,r1b1k1nr/p2p1p2/n3pqp1/1p2P2p/1bp1N1P1/3P4/P1PQ1P1P/RNB1K2R b Qkq - 1 13,f6g7,784.0,0.9610898308636139,0
18,r1b1k1nr/p2p1p2/n3pqp1/1p2P2p/1bp1N1P1/3P4/P1PQ1P1P/RNB1K2R b Qkq - 1 13,b4d2,769.0,0.9581227995037556,0
18,r1b1k1nr/p2p1p2/n3pqp1/1p2P2p/1bp1N1P1/3P4/P1PQ1P1P/RNB1K2R b Qkq - 1 13,a6b8,701.0,0.9416594000937984,0
18,r1b1k1nr/p2p1p2/n3pqp1/1p2P2p/1bp1N1P1/3P4/P1PQ1P1P/RNB1K2R b Qkq - 1 13,f6f4,679.0,0.9350958140215133,0
18,r1b1k1nr/p2p1p2/n3pqp1/1p2P2p/1bp1N1P1/3P4/P1PQ1P1P/RNB1K2R b Qkq - 1 13,f6h4,661.0,0.9291998847546564,0
18,r1b1k1nr/p2p1p2/n3pqp1/1p2P2p/1bp1N1P1/3P4/P1PQ1P1P/RNB1K2R b Qkq - 1 13,f6d8,628.0,0.9170257613966083,0
18,r1b1k1nr/p2p1p2/n3pqp1/1p2P2p/1bp1N1P1/3P4/P1PQ1P1P/RNB1K2R b Qkq - 1 13,f6e7,561.0,0.8858908348021591,0
18,r1b1k1nr/p2p1p2/n3pqp1/1p2P2p/1bp1N1P1/3P4/P1PQ1P1P/RNB1K2R b Qkq - 1 13,f6g5,157.0,0.37351345328780355,0
18,r1b1k1nr/p2p1p2/n3pqp1/1p2P2p/1bp1N1P1/3P4/P1PQ1P1P/RNB1K2R b Qkq - 1 13,e8d8,40.0,0.09966799462495582,0
18,r1b1k1nr/p2p1p2/n3pqp1/1p2P2p/1bp1N1P1/3P4/P1PQ1P1P/RNB1K2R b Qkq - 1 13,e8f8,20.0,0.04995837495787998,0
18,r1b1k1nr/p2p1p2/n3pqp1/1p2P2p/1bp1N1P1/3P4/P1PQ1P1P/RNB1K2R b Qkq - 1 13,f6f2,13.0,0.03248856212414491,0
18,r1b1k1nr/p2p1p2/n3pqp1/1p2P2p/1bp1N1P1/3P4/P1PQ1P1P/RNB1K2R b Qkq - 1 13,c8b7,-44.0,-0.10955847021442953,0
18,r1b1k1nr/p2p1p2/n3pqp1/1p2P2p/1bp1N1P1/3P4/P1PQ1P1P/RNB1K2R b Qkq - 1 13,c4c3,-91.0,-0.22365473800347424,0
18,r1b1k1nr/p2p1p2/n3pqp1/1p2P2p/1bp1N1P1/3P4/P1PQ1P1P/RNB1K2R b Qkq - 1 13,h5g4,-199.0,-0.4601487679622376,0
18,r1b1k1nr/p2p1p2/n3pqp1/1p2P2p/1bp1N1P1/3P4/P1PQ1P1P/RNB1K2R b Qkq - 1 13,f6f5,-232.0,-0.5226654296858209,0
18,r1b1k1nr/p2p1p2/n3pqp1/1p2P2p/1bp1N1P1/3P4/P1PQ1P1P/RNB1K2R b Qkq - 1 13,c4d3,-238.0,-0.5334821284570855,0
18,r1b1k1nr/p2p1p2/n3pqp1/1p2P2p/1bp1N1P1/3P4/P1PQ1P1P/RNB1K2R b Qkq - 1 13,d7d5,-294.0,-0.6261147720639073,0
18,r1b1k1nr/p2p1p2/n3pqp1/1p2P2p/1bp1N1P1/3P4/P1PQ1P1P/RNB1K2R b Qkq - 1 13,d7d6,-319.0,-0.6626368112043609,0
18,r1b1k1nr/p2p1p2/n3pqp1/1p2P2p/1bp1N1P1/3P4/P1PQ1P1P/RNB1K2R b Qkq - 1 13,a8b8,-379.0,-0.7386491539486121,0
18,r1b1k1nr/p2p1p2/n3pqp1/1p2P2p/1bp1N1P1/3P4/P1PQ1P1P/RNB1K2R b Qkq - 1 13,g6g5,-379.0,-0.7386491539486121,0
18,r1b1k1nr/p2p1p2/n3pqp1/1p2P2p/1bp1N1P1/3P4/P1PQ1P1P/RNB1K2R b Qkq - 1 13,h8h7,-483.0,-0.8359280001726355,0
18,r1b1k1nr/p2p1p2/n3pqp1/1p2P2p/1bp1N1P1/3P4/P1PQ1P1P/RNB1K2R b Qkq - 1 13,h5h4,-486.0,-0.8381730655690693,0
18,r1b1k1nr/p2p1p2/n3pqp1/1p2P2p/1bp1N1P1/3P4/P1PQ1P1P/RNB1K2R b Qkq - 1 13,b4f8,-493.0,-0.8433029500738807,0
18,r1b1k1nr/p2p1p2/n3pqp1/1p2P2p/1bp1N1P1/3P4/P1PQ1P1P/RNB1K2R b Qkq - 1 13,h8h6,-553.0,-0.8815098488354687,0
18,r1b1k1nr/p2p1p2/n3pqp1/1p2P2p/1bp1N1P1/3P4/P1PQ1P1P/RNB1K2R b Qkq - 1 13,a6c7,-628.0,-0.9170257613966083,0
18,r1b1k1nr/p2p1p2/n3pqp1/1p2P2p/1bp1N1P1/3P4/P1PQ1P1P/RNB1K2R b Qkq - 1 13,b4c5,-629.0,-0.9174225103797897,0
18,r1b1k1nr/p2p1p2/n3pqp1/1p2P2p/1bp1N1P1/3P4/P1PQ1P1P/RNB1K2R b Qkq - 1 13,a6c5,-635.0,-0.9197651360839086,0
18,r1b1k1nr/p2p1p2/n3pqp1/1p2P2p/1bp1N1P1/3P4/P1PQ1P1P/RNB1K2R b Qkq - 1 13,b4a5,-635.0,-0.9197651360839086,0
18,r1b1k1nr/p2p1p2/n3pqp1/1p2P2p/1bp1N1P1/3P4/P1PQ1P1P/RNB1K2R b Qkq - 1 13,e8e7,-684.0,-0.9366475432418873,0
18,r1b1k1nr/p2p1p2/n3pqp1/1p2P2p/1bp1N1P1/3P4/P1PQ1P1P/RNB1K2R b Qkq - 1 13,b4a3,-687.0,-0.9375612924997138,0
18,r1b1k1nr/p2p1p2/n3pqp1/1p2P2p/1bp1N1P1/3P4/P1PQ1P1P/RNB1K2R b Qkq - 1 13,b4e7,-808.0,-0.9654136868601891,0
18,r1b1k1nr/p2p1p2/n3pqp1/1p2P2p/1bp1N1P1/3P4/P1PQ1P1P/RNB1K2R b Qkq - 1 13,g8h6,-819.0,-0.9672342455274456,0
18,r1b1k1nr/p2p1p2/n3pqp1/1p2P2p/1bp1N1P1/3P4/P1PQ1P1P/RNB1K2R b Qkq - 1 13,b4c3,-892.0,-0.9771395937470586,0
18,r1b1k1nr/p2p1p2/n3pqp1/1p2P2p/1bp1N1P1/3P4/P1PQ1P1P/RNB1K2R b Qkq - 1 13,g8e7,-930.0,-0.9810579128361078,0
18,r1b1k1nr/p2p1p2/n3pqp1/1p2P2p/1bp1N1P1/3P4/P1PQ1P1P/RNB1K2R b Qkq - 1 13,b4d6,-1094.0,-0.9916128558949747,0
19,r1bqk2r/pp1p1ppp/n1p1p2n/8/3PP3/2b2PP1/P6P/RNBQKBNR w KQkq - 0 9,b1c3,552.0,0.880951268046997,1
19,r1bqk2r/pp1p1ppp/n1p1p2n/8/3PP3/2b2PP1/P6P/RNBQKBNR w KQkq - 0 9,b1d2,-687.0,-0.9375612924997138,0
19,r1bqk2r/pp1p1ppp/n1p1p2n/8/3PP3/2b2PP1/P6P/RNBQKBNR w KQkq - 0 9,e1f2,-789.0,-0.9620322886578875,0
19,r1bqk2r/pp1p1ppp/n1p1p2n/8/3PP3/2b2PP1/P6P/RNBQKBNR w KQkq - 0 9,c1d2,-848.0,-0.9715940772546178,0
19,r1bqk2r/pp1p1ppp/n1p1p2n/8/3PP3/2b2PP1/P6P/RNBQKBNR w KQkq - 0 9,e1e2,-893.0,-0.9772523136902562,0
19,r1bqk2r/pp1p1ppp/n1p1p2n/8/3PP3/2b2PP1/P6P/RNBQKBNR w KQkq - 0 9,d1d2,-947.0,-0.9825880221410839,0
20,1rb1kbnr/pp1qpppp/8/3p4/P1p2P2/3RP3/1PPP2PP/1NBQKBNR b Kk - 1 11,c4d3,121.0,0.2935987851159713,1
20,1rb1kbnr/pp1qpppp/8/3p4/P1p2P2/3RP3/1PPP2PP/1NBQKBNR b Kk - 1 11,b7b5,-465.0,-0.8218529445288736,0
20,1rb1kbnr/pp1qpppp/8/3p4/P1p2P2/3RP3/1PPP2PP/1NBQKBNR b Kk - 1 11,e7e6,-510.0,-0.8551470292769645,0
20,1rb1kbnr/pp1qpppp/8/3p4/P1p2P2/3RP3/1PPP2PP/1NBQKBNR b Kk - 1 11,d7a4,-530.0,-0.8680219810175624,0
20,1rb1kbnr/pp1qpppp/8/3p4/P1p2P2/3RP3/1PPP2PP/1NBQKBNR b Kk - 1 11,g8f6,-539.0,-0.8734619197750799,0
20,1rb1kbnr/pp1qpppp/8/3p4/P1p2P2/3RP3/1PPP2PP/1NBQKBNR b Kk - 1 11,g8h6,-541.0,-0.8746420772011104,0
20,1rb1kbnr/pp1qpppp/8/3p4/P1p2P2/3RP3/1PPP2PP/1NBQKBNR b Kk - 1 11,e7e5,-544.0,-0.8763930674728229,0
20,1rb1kbnr/pp1qpppp/8/3p4/P1p2P2/3RP3/1PPP2PP/1NBQKBNR b Kk - 1 11,a7a6,-556.0,-0.8831708889152075,0
20,1rb1kbnr/pp1qpppp/8/3p4/P1p2P2/3RP3/1PPP2PP/1NBQKBNR b Kk - 1 11,b7b6,-580.0,-0.8956928738431645,0
20,1rb1kbnr/pp1qpppp/8/3p4/P1p2P2/3RP3/1PPP2PP/1NBQKBNR b Kk - 1 11,d7c6,-616.0,-0.9121203692077173,0
20,1rb1kbnr/pp1qpppp/8/3p4/P1p2P2/3RP3/1PPP2PP/1NBQKBNR b Kk - 1 11,a7a5,-630.0,-0.91781744359907,0
20,1rb1kbnr/pp1qpppp/8/3p4/P1p2P2/3RP3/1PPP2PP/1NBQKBNR b Kk - 1 11,h7h6,-640.0,-0.9216685544064713,0
20,1rb1kbnr/pp1qpppp/8/3p4/P1p2P2/3RP3/1PPP2PP/1NBQKBNR b Kk - 1 11,f7f6,-645.0,-0.9235286164680837,0
20,1rb1kbnr/pp1qpppp/8/3p4/P1p2P2/3RP3/1PPP2PP/1NBQKBNR b Kk - 1 11,g7g5,-648.0,-0.9246242189827881,0
20,1rb1kbnr/pp1qpppp/8/3p4/P1p2P2/3RP3/1PPP2PP/1NBQKBNR b Kk - 1 11,d7d8,-651.0,-0.9257047311181208,0
20,1rb1kbnr/pp1qpppp/8/3p4/P1p2P2/3RP3/1PPP2PP/1NBQKBNR b Kk - 1 11,b8a8,-658.0,-0.9281683082344766,0
20,1rb1kbnr/pp1qpppp/8/3p4/P1p2P2/3RP3/1PPP2PP/1NBQKBNR b Kk - 1 11,d7c7,-680.0,-0.935409070603099,0
20,1rb1kbnr/pp1qpppp/8/3p4/P1p2P2/3RP3/1PPP2PP/1NBQKBNR b Kk - 1 11,f7f5,-691.0,-0.9387598039977676,0
20,1rb1kbnr/pp1qpppp/8/3p4/P1p2P2/3RP3/1PPP2PP/1NBQKBNR b Kk - 1 11,h7h5,-691.0,-0.9387598039977676,0
20,1rb1kbnr/pp1qpppp/8/3p4/P1p2P2/3RP3/1PPP2PP/1NBQKBNR b Kk - 1 11,g7g6,-704.0,-0.94250300814692,0
20,1rb1kbnr/pp1qpppp/8/3p4/P1p2P2/3RP3/1PPP2PP/1NBQKBNR b Kk - 1 11,e8d8,-712.0,-0.9446951553543538,0
20,1rb1kbnr/pp1qpppp/8/3p4/P1p2P2/3RP3/1PPP2PP/1NBQKBNR b Kk - 1 11,d7e6,-727.0,-0.9485885670976117,0
20,1rb1kbnr/pp1qpppp/8/3p4/P1p2P2/3RP3/1PPP2PP/1NBQKBNR b Kk - 1 11,d7g4,-746.0,-0.9531386646526594,0
20,1rb1kbnr/pp1qpppp/8/3p4/P1p2P2/3RP3/1PPP2PP/1NBQKBNR b Kk - 1 11,d7f5,-757.0,-0.955590757832928,0
20,1rb1kbnr/pp1qpppp/8/3p4/P1p2P2/3RP3/1PPP2PP/1NBQKBNR b Kk - 1 11,d7d6,-785.0,-0.9612801390515048,0
20,1rb1kbnr/pp1qpppp/8/3p4/P1p2P2/3RP3/1PPP2PP/1NBQKBNR b Kk - 1 11,c4c3,-838.0,-0.9701594044154116,0
20,1rb1kbnr/pp1qpppp/8/3p4/P1p2P2/3RP3/1PPP2PP/1NBQKBNR b Kk - 1 11,d7b5,-891.0,-0.9770263217408068,0
20,1rb1kbnr/pp1qpppp/8/3p4/P1p2P2/3RP3/1PPP2PP/1NBQKBNR b Kk - 1 11,d5d4,-904.0,-0.9784565399097167,0
20,1rb1kbnr/pp1qpppp/8/3p4/P1p2P2/3RP3/1PPP2PP/1NBQKBNR b Kk - 1 11,d7h3,-999.0,-0.9865476533417604,0
21,rn1qk2r/p4pbp/1ppp4/3N1Qp1/1P1p2n1/4B2P/P1P1PPPR/2R1KBN1 b kq - 2 15,g4h2,204.0,0.46994519893303766,1
21,rn1qk2r/p4pbp/1ppp4/3N1Qp1/1P1p2n1/4B2P/P1P1PPPR/2R1KBN1 b kq - 2 15,g4e3,161.0,0.3820860248314457,0
21,rn1qk2r/p4pbp/1ppp4/3N1Qp1/1P1p2n1/4B2P/P1P1PPPR/2R1KBN1 b kq - 2 15,c6d5,100.0,0.24491866240370913,0
21,rn1qk2r/p4pbp/1ppp4/3N1Qp1/1P1p2n1/4B2P/P1P1PPPR/2R1KBN1 b kq - 2 15,d4e3,100.0,0.24491866240370913,0
21,rn1qk2r/p4pbp/1ppp4/3N1Qp1/1P1p2n1/4B2P/P1P1PPPR/2R1KBN1 b kq - 2 15,g4h6,41.0,0.1021425386146839,0
21,rn1qk2r/p4pbp/1ppp4/3N1Qp1/1P1p2n1/4B2P/P1P1PPPR/2R1KBN1 b kq - 2 15,a7a5,-19.0,-0.04746430825312217,0
21,rn1qk2r/p4pbp/1ppp4/3N1Qp1/1P1p2n1/4B2P/P1P1PPPR/2R1KBN1 b kq - 2 15,g4e5,-96.0,-0.23549574953849794,0
21,rn1qk2r/p4pbp/1ppp4/3N1Qp1/1P1p2n1/4B2P/P1P1PPPR/2R1KBN1 b kq - 2 15,g7e5,-313.0,-0.6541393002077227,0
21,rn1qk2r/p4pbp/1ppp4/3N1Qp1/1P1p2n1/4B2P/P1P1PPPR/2R1KBN1 b kq - 2 15,a7a6,-355.0,-0.7101567370243542,0
21,rn1qk2r/p4pbp/1ppp4/3N1Qp1/1P1p2n1/4B2P/P1P1PPPR/2R1KBN1 b kq - 2 15,b8d7,-358.0,-0.7138545530398384,0
21,rn1qk2r/p4pbp/1ppp4/3N1Qp1/1P1p2n1/4B2P/P1P1PPPR/2R1KBN1 b kq - 2 15,b8a6,-396.0,-0.7573623242165263,0
21,rn1qk2r/p4pbp/1ppp4/3N1Qp1/1P1p2n1/4B2P/P1P1PPPR/2R1KBN1 b kq - 2 15,d8d7,-401.0,-0.762642094367171,0
21,rn1qk2r/p4pbp/1ppp4/3N1Qp1/1P1p2n1/4B2P/P1P1PPPR/2R1KBN1 b kq - 2 15,b6b5,-404.0,-0.7657620182484389,0
21,rn1qk2r/p4pbp/1ppp4/3N1Qp1/1P1p2n1/4B2P/P1P1PPPR/2R1KBN1 b kq - 2 15,h7h6,-433.0,-0.7941243483656557,0
21,rn1qk2r/p4pbp/1ppp4/3N1Qp1/1P1p2n1/4B2P/P1P1PPPR/2R1KBN1 b kq - 2 15,g4f2,-467.0,-0.8234690786261251,0
21,rn1qk2r/p4pbp/1ppp4/3N1Qp1/1P1p2n1/4B2P/P1P1PPPR/2R1KBN1 b kq - 2 15,e8f8,-529.0,-0.8674042972956072,0
21,rn1qk2r/p4pbp/1ppp4/3N1Qp1/1P1p2n1/4B2P/P1P1PPPR/2R1KBN1 b kq - 2 15,e8g8,-660.0,-0.9288576214547276,0
21,rn1qk2r/p4pbp/1ppp4/3N1Qp1/1P1p2n1/4B2P/P1P1PPPR/2R1KBN1 b kq - 2 15,g4f6,-695.0,-0.9399360232214237,0
21,rn1qk2r/p4pbp/1ppp4/3N1Qp1/1P1p2n1/4B2P/P1P1PPPR/2R1KBN1 b kq - 2 15,g7f8,-695.0,-0.9399360232214237,0
21,rn1qk2r/p4pbp/1ppp4/3N1Qp1/1P1p2n1/4B2P/P1P1PPPR/2R1KBN1 b kq - 2 15,h7h5,-695.0,-0.9399360232214237,0
21,rn1qk2r/p4pbp/1ppp4/3N1Qp1/1P1p2n1/4B2P/P1P1PPPR/2R1KBN1 b kq - 2 15,h8g8,-739.0,-0.9515099470195437,0
21,rn1qk2r/p4pbp/1ppp4/3N1Qp1/1P1p2n1/4B2P/P1P1PPPR/2R1KBN1 b kq - 2 15,c6c5,-740.0,-0.9517459571646616,0
21,rn1qk2r/p4pbp/1ppp4/3N1Qp1/1P1p2n1/4B2P/P1P1PPPR/2R1KBN1 b kq - 2 15,f7f6,-751.0,-0.9542692196485135,0
21,rn1qk2r/p4pbp/1ppp4/3N1Qp1/1P1p2n1/4B2P/P1P1PPPR/2R1KBN1 b kq - 2 15,d4d3,-754.0,-0.9549347210871054,0
21,rn1qk2r/p4pbp/1ppp4/3N1Qp1/1P1p2n1/4B2P/P1P1PPPR/2R1KBN1 b kq - 2 15,d8f6,-803.0,-0.9645536478198754,0
21,rn1qk2r/p4pbp/1ppp4/3N1Qp1/1P1p2n1/4B2P/P1P1PPPR/2R1KBN1 b kq - 2 15,h8f8,-809.0,-0.9655832183699565,0
21,rn1qk2r/p4pbp/1ppp4/3N1Qp1/1P1p2n1/4B2P/P1P1PPPR/2R1KBN1 b kq - 2 15,g7h6,-851.0,-0.9720110679611439,0
21,rn1qk2r/p4pbp/1ppp4/3N1Qp1/1P1p2n1/4B2P/P1P1PPPR/2R1KBN1 b kq - 2 15,g7f6,-859.0,-0.9730937654026277,0
21,rn1qk2r/p4pbp/1ppp4/3N1Qp1/1P1p2n1/4B2P/P1P1PPPR/2R1KBN1 b kq - 2 15,d8e7,-923.0,-0.9803898168165915,0
21,rn1qk2r/p4pbp/1ppp4/3N1Qp1/1P1p2n1/4B2P/P1P1PPPR/2R1KBN1 b kq - 2 15,d8c7,-1031.0,-0.988525254639277,0
21,rn1qk2r/p4pbp/1ppp4/3N1Qp1/1P1p2n1/4B2P/P1P1PPPR/2R1KBN1 b kq - 2 15,d8c8,-99999.0,-1.0,0
22,r1b2bnr/1p3kpp/2qpp3/p1p5/PnP1P1P1/8/RP3P1P/1NBQKBNR w K - 1 14,d1f3,-58.0,-0.14399226586303726,1
22,r1b2bnr/1p3kpp/2qpp3/p1p5/PnP1P1P1/8/RP3P1P/1NBQKBNR w K - 1 14,b1c3,-158.0,-0.3756626611656808,0
22,r1b2bnr/1p3kpp/2qpp3/p1p5/PnP1P1P1/8/RP3P1P/1NBQKBNR w K - 1 14,b1d2,-262.0,-0.5750263117549217,0
22,r1b2bnr/1p3kpp/2qpp3/p1p5/PnP1P1P1/8/RP3P1P/1NBQKBNR w K - 1 14,f1g2,-308.0,-0.6469294504417666,0
22,r1b2bnr/1p3kpp/2qpp3/p1p5/PnP1P1P1/8/RP3P1P/1NBQKBNR w K - 1 14,a2a3,-412.0,-0.7739083398558421,0
22,r1b2bnr/1p3kpp/2qpp3/p1p5/PnP1P1P1/8/RP3P1P/1NBQKBNR w K - 1 14,g1f3,-494.0,-0.8440235297412673,0
22,r1b2bnr/1p3kpp/2qpp3/p1p5/PnP1P1P1/8/RP3P1P/1NBQKBNR w K - 1 14,a2a1,-526.0,-0.8655350988242999,0
22,r1b2bnr/1p3kpp/2qpp3/p1p5/PnP1P1P1/8/RP3P1P/1NBQKBNR w K - 1 14,g1e2,-554.0,-0.8820659730704165,0
22,r1b2bnr/1p3kpp/2qpp3/p1p5/PnP1P1P1/8/RP3P1P/1NBQKBNR w K - 1 14,b2b3,-569.0,-0.8901193004193375,0
22,r1b2bnr/1p3kpp/2qpp3/p1p5/PnP1P1P1/8/RP3P1P/1NBQKBNR w K - 1 14,g4g5,-570.0,-0.8906373655681185,0
22,r1b2bnr/1p3kpp/2qpp3/p1p5/PnP1P1P1/8/RP3P1P/1NBQKBNR w K - 1 14,d1e2,-612.0,-0.9104245939004265,0
22,r1b2bnr/1p3kpp/2qpp3/p1p5/PnP1P1P1/8/RP3P1P/1NBQKBNR w K - 1 14,f1d3,-625.0,-0.9158245441687624,0
22,r1b2bnr/1p3kpp/2qpp3/p1p5/PnP1P1P1/8/RP3P1P/1NBQKBNR w K - 1 14,f2f3,-630.0,-0.91781744359907,0
22,r1b2bnr/1p3kpp/2qpp3/p1p5/PnP1P1P1/8/RP3P1P/1NBQKBNR w K - 1 14,c1g5,-645.0,-0.9235286164680837,0
22,r1b2bnr/1p3kpp/2qpp3/p1p5/PnP1P1P1/8/RP3P1P/1NBQKBNR w K - 1 14,f1e2,-650.0,-0.925346225311741,0
22,r1b2bnr/1p3kpp/2qpp3/p1p5/PnP1P1P1/8/RP3P1P/1NBQKBNR w K - 1 14,c1d2,-656.0,-0.9274725672507033,0
22,r1b2bnr/1p3kpp/2qpp3/p1p5/PnP1P1P1/8/RP3P1P/1NBQKBNR w K - 1 14,f2f4,-656.0,-0.9274725672507033,0
22,r1b2bnr/1p3kpp/2qpp3/p1p5/PnP1P1P1/8/RP3P1P/1NBQKBNR w K - 1 14,h2h3,-657.0,-0.9278212446449908,0
22,r1b2bnr/1p3kpp/2qpp3/p1p5/PnP1P1P1/8/RP3P1P/1NBQKBNR w K - 1 14,c1f4,-659.0,-0.928513764888952,0
22,r1b2bnr/1p3kpp/2qpp3/p1p5/PnP1P1P1/8/RP3P1P/1NBQKBNR w K - 1 14,c1e3,-661.0,-0.9291998847546564,0
22,r1b2bnr/1p3kpp/2qpp3/p1p5/PnP1P1P1/8/RP3P1P/1NBQKBNR w K - 1 14,g1h3,-681.0,-0.9357208654906951,0
22,r1b2bnr/1p3kpp/2qpp3/p1p5/PnP1P1P1/8/RP3P1P/1NBQKBNR w K - 1 14,h2h4,-683.0,-0.9363400955076433,0
22,r1b2bnr/1p3kpp/2qpp3/p1p5/PnP1P1P1/8/RP3P1P/1NBQKBNR w K - 1 14,b1a3,-716.0,-0.9457605655964739,0
22,r1b2bnr/1p3kpp/2qpp3/p1p5/PnP1P1P1/8/RP3P1P/1NBQKBNR w K - 1 14,e1d2,-720.0,-0.9468060128462683,0
22,r1b2bnr/1p3kpp/2qpp3/p1p5/PnP1P1P1/8/RP3P1P/1NBQKBNR w K - 1 14,f1h3,-731.0,-0.9495809179960182,0
22,r1b2bnr/1p3kpp/2qpp3/p1p5/PnP1P1P1/8/RP3P1P/1NBQKBNR w K - 1 14,e4e5,-733.0,-0.9500700718647335,0
22,r1b2bnr/1p3kpp/2qpp3/p1p5/PnP1P1P1/8/RP3P1P/1NBQKBNR w K - 1 14,d1d3,-763.0,-0.9568749486599412,0
22,r1b2bnr/1p3kpp/2qpp3/p1p5/PnP1P1P1/8/RP3P1P/1NBQKBNR w K - 1 14,c1h6,-787.0,-0.9616580221163844,0
22,r1b2bnr/1p3kpp/2qpp3/p1p5/PnP1P1P1/8/RP3P1P/1NBQKBNR w K - 1 14,d1d2,-861.0,-0.973357920581224,0
22,r1b2bnr/1p3kpp/2qpp3/p1p5/PnP1P1P1/8/RP3P1P/1NBQKBNR w K - 1 14,d1b3,-867.0,-0.9741351301220716,0
22,r1b2bnr/1p3kpp/2qpp3/p1p5/PnP1P1P1/8/RP3P1P/1NBQKBNR w K - 1 14,d1c2,-914.0,-0.979496455453256,0
22,r1b2bnr/1p3kpp/2qpp3/p1p5/PnP1P1P1/8/RP3P1P/1NBQKBNR w K - 1 14,e1e2,-950.0,-0.982845029172576,0
22,r1b2bnr/1p3kpp/2qpp3/p1p5/PnP1P1P1/8/RP3P1P/1NBQKBNR w K - 1 14,d1d5,-956.0,-0.9833478138031324,0
22,r1b2bnr/1p3kpp/2qpp3/p1p5/PnP1P1P1/8/RP3P1P/1NBQKBNR w K - 1 14,d1d4,-1011.0,-0.9873260926309401,0
22,r1b2bnr/1p3kpp/2qpp3/p1p5/PnP1P1P1/8/RP3P1P/1NBQKBNR w K - 1 14,d1d6,-1064.0,-0.9902621375124827,0
23,r1b1kbr1/pp3pp1/3pp3/3nn1Pp/1pP2P2/1Q1P4/P2KB2P/RNB3q1 b q - 1 15,e5c4,1148.0,0.9935910666848863,1
23,r1b1kbr1/pp3pp1/3pp3/3nn1Pp/1pP2P2/1Q1P4/P2KB2P/RNB3q1 b q - 1 15,e5f3,1125.0,0.9928127948371598,0
23,r1b1kbr1/pp3pp1/3pp3/3nn1Pp/1pP2P2/1Q1P4/P2KB2P/RNB3q1 b q - 1 15,d5e7,1100.0,0.9918597245682077,0
23,r1b1kbr1/pp3pp1/3pp3/3nn1Pp/1pP2P2/1Q1P4/P2KB2P/RNB3q1 b q - 1 15,e5g6,1066.0,0.9903585637676303,0
23,r1b1kbr1/pp3pp1/3pp3/3nn1Pp/1pP2P2/1Q1P4/P2KB2P/RNB3q1 b q - 1 15,g1f2,1059.0,0.9900168528485321,0
23,r1b1kbr1/pp3pp1/3pp3/3nn1Pp/1pP2P2/1Q1P4/P2KB2P/RNB3q1 b q - 1 15,f8e7,1049.0,0.9895076911766644,0
23,r1b1kbr1/pp3pp1/3pp3/3nn1Pp/1pP2P2/1Q1P4/P2KB2P/RNB3q1 b q - 1 15,d5c7,1046.0,0.9893499646285157,0
23,r1b1kbr1/pp3pp1/3pp3/3nn1Pp/1pP2P2/1Q1P4/P2KB2P/RNB3q1 b q - 1 15,e5g4,1045.0,0.9892968667895494,0
23,r1b1kbr1/pp3pp1/3pp3/3nn1Pp/1pP2P2/1Q1P4/P2KB2P/RNB3q1 b q - 1 15,c8d7,1034.0,0.9886951256975258,0
23,r1b1kbr1/pp3pp1/3pp3/3nn1Pp/1pP2P2/1Q1P4/P2KB2P/RNB3q1 b q - 1 15,g1h2,957.0,0.9834301788405615,0
23,r1b1kbr1/pp3pp1/3pp3/3nn1Pp/1pP2P2/1Q1P4/P2KB2P/RNB3q1 b q - 1 15,g1e3,956.0,0.9833478138031324,0
23,r1b1kbr1/pp3pp1/3pp3/3nn1Pp/1pP2P2/1Q1P4/P2KB2P/RNB3q1 b q - 1 15,e5c6,945.0,0.9824145675206502,0
23,r1b1kbr1/pp3pp1/3pp3/3nn1Pp/1pP2P2/1Q1P4/P2KB2P/RNB3q1 b q - 1 15,d5b6,919.0,0.9799976268279698,0
23,r1b1kbr1/pp3pp1/3pp3/3nn1Pp/1pP2P2/1Q1P4/P2KB2P/RNB3q1 b q - 1 15,g1c1,894.0,0.9773644841978153,0
23,r1b1kbr1/pp3pp1/3pp3/3nn1Pp/1pP2P2/1Q1P4/P2KB2P/RNB3q1 b q - 1 15,g1d4,891.0,0.9770263217408068,0
23,r1b1kbr1/pp3pp1/3pp3/3nn1Pp/1pP2P2/1Q1P4/P2KB2P/RNB3q1 b q - 1 15,g1c5,883.0,0.9760999521718934,0
23,r1b1kbr1/pp3pp1/3pp3/3nn1Pp/1pP2P2/1Q1P4/P2KB2P/RNB3q1 b q - 1 15,b7b5,872.0,0.9747656786413226,0
23,r1b1kbr1/pp3pp1/3pp3/3nn1Pp/1pP2P2/1Q1P4/P2KB2P/RNB3q1 b q - 1 15,a8b8,864.0,0.9737493633257944,0
23,r1b1kbr1/pp3pp1/3pp3/3nn1Pp/1pP2P2/1Q1P4/P2KB2P/RNB3q1 b q - 1 15,e8d8,860.0,0.9732261643446705,0
23,r1b1kbr1/pp3pp1/3pp3/3nn1Pp/1pP2P2/1Q1P4/P2KB2P/RNB3q1 b q - 1 15,e5d7,858.0,0.9729607207080607,0
23,r1b1kbr1/pp3pp1/3pp3/3nn1Pp/1pP2P2/1Q1P4/P2KB2P/RNB3q1 b q - 1 15,g1g2,851.0,0.9720110679611439,0
23,r1b1kbr1/pp3pp1/3pp3/3nn1Pp/1pP2P2/1Q1P4/P2KB2P/RNB3q1 b q - 1 15,d5c3,843.0,0.9708854460252453,0
23,r1b1kbr1/pp3pp1/3pp3/3nn1Pp/1pP2P2/1Q1P4/P2KB2P/RNB3q1 b q - 1 15,b7b6,829.0,0.9688073272108433,0
23,r1b1kbr1/pp3pp1/3pp3/3nn1Pp/1pP2P2/1Q1P4/P2KB2P/RNB3q1 b q - 1 15,g7g6,829.0,0.9688073272108433,0
23,r1b1kbr1/pp3pp1/3pp3/3nn1Pp/1pP2P2/1Q1P4/P2KB2P/RNB3q1 b q - 1 15,a7a6,816.0,0.9667472877842368,0
23,r1b1kbr1/pp3pp1/3pp3/3nn1Pp/1pP2P2/1Q1P4/P2KB2P/RNB3q1 b q - 1 15,d5f4,815.0,0.9665833928092235,0
23,r1b1kbr1/pp3pp1/3pp3/3nn1Pp/1pP2P2/1Q1P4/P2KB2P/RNB3q1 b q - 1 15,d5f6,815.0,0.9665833928092235,0
23,r1b1kbr1/pp3pp1/3pp3/3nn1Pp/1pP2P2/1Q1P4/P2KB2P/RNB3q1 b q - 1 15,g1h1,799.0,0.9638505266716332,0
23,r1b1kbr1/pp3pp1/3pp3/3nn1Pp/1pP2P2/1Q1P4/P2KB2P/RNB3q1 b q - 1 15,g8h8,787.0,0.9616580221163844,0
23,r1b1kbr1/pp3pp1/3pp3/3nn1Pp/1pP2P2/1Q1P4/P2KB2P/RNB3q1 b q - 1 15,h5h4,784.0,0.9610898308636139,0
23,r1b1kbr1/pp3pp1/3pp3/3nn1Pp/1pP2P2/1Q1P4/P2KB2P/RNB3q1 b q - 1 15,e5d3,782.0,0.9607064601046226,0
23,r1b1kbr1/pp3pp1/3pp3/3nn1Pp/1pP2P2/1Q1P4/P2KB2P/RNB3q1 b q - 1 15,g1b6,782.0,0.9607064601046226,0
23,r1b1kbr1/pp3pp1/3pp3/3nn1Pp/1pP2P2/1Q1P4/P2KB2P/RNB3q1 b q - 1 15,e8d7,776.0,0.9595340058084292,0
23,r1b1kbr1/pp3pp1/3pp3/3nn1Pp/1pP2P2/1Q1P4/P2KB2P/RNB3q1 b q - 1 15,f7f5,776.0,0.9595340058084292,0
23,r1b1kbr1/pp3pp1/3pp3/3nn1Pp/1pP2P2/1Q1P4/P2KB2P/RNB3q1 b q - 1 15,d5e3,774.0,0.959135625371894,0
23,r1b1kbr1/pp3pp1/3pp3/3nn1Pp/1pP2P2/1Q1P4/P2KB2P/RNB3q1 b q - 1 15,a7a5,732.0,0.9498260756930403,0
23,r1b1kbr1/pp3pp1/3pp3/3nn1Pp/1pP2P2/1Q1P4/P2KB2P/RNB3q1 b q - 1 15,e8e7,724.0,0.9478318497072341,0
23,r1b1kbr1/pp3pp1/3pp3/3nn1Pp/1pP2P2/1Q1P4/P2KB2P/RNB3q1 b q - 1 15,f7f6,659.0,0.928513764888952,0
23,r1b1kbr1/pp3pp1/3pp3/3nn1Pp/1pP2P2/1Q1P4/P2KB2P/RNB3q1 b q - 1 15,g1g4,168.0,0.39693043200507755,0
23,r1b1kbr1/pp3pp1/3pp3/3nn1Pp/1pP2P2/1Q1P4/P2KB2P/RNB3q1 b q - 1 15,g1g5,35.0,0.08727737447415772,0
23,r1b1kbr1/pp3pp1/3pp3/3nn1Pp/1pP2P2/1Q1P4/P2KB2P/RNB3q1 b q - 1 15,g1f1,-132.0,-0.31852077690277086,0
23,r1b1kbr1/pp3pp1/3pp3/3nn1Pp/1pP2P2/1Q1P4/P2KB2P/RNB3q1 b q - 1 15,g1g3,-527.0,-0.8661608659438628,0
23,r1b1kbr1/pp3pp1/3pp3/3nn1Pp/1pP2P2/1Q1P4/P2KB2P/RNB3q1 b q - 1 15,g1e1,-583.0,-0.8971659575616286,0
23,r1b1kbr1/pp3pp1/3pp3/3nn1Pp/1pP2P2/1Q1P4/P2KB2P/RNB3q1 b q - 1 15,g1d1,-686.0,-0.9372581355036123,0
