position_id,source_game_id,split,fen,side_to_move,move_uci,teacher_cp,teacher_target,is_best,legal_move_count
0,generated_0000,train,rnb1k1nr/1p1pbppp/p1p1pq2/6P1/3P4/4PP2/PPPN3P/R1BQKBNR b KQkq - 2 8,black,f6g5,108.0,0.26362483547220333,1,28
0,generated_0000,train,rnb1k1nr/1p1pbppp/p1p1pq2/6P1/3P4/4PP2/PPPN3P/R1BQKBNR b KQkq - 2 8,black,f6g6,-91.0,-0.22365473800347424,0,28
0,generated_0000,train,rnb1k1nr/1p1pbppp/p1p1pq2/6P1/3P4/4PP2/PPPN3P/R1BQKBNR b KQkq - 2 8,black,f6f5,-150.0,-0.35835739835078595,0,28
0,generated_0000,train,rnb1k1nr/1p1pbppp/p1p1pq2/6P1/3P4/4PP2/PPPN3P/R1BQKBNR b KQkq - 2 8,black,b7b6,-383.0,-0.7431596610505404,0,28
0,generated_0000,train,rnb1k1nr/1p1pbppp/p1p1pq2/6P1/3P4/4PP2/PPPN3P/R1BQKBNR b KQkq - 2 8,black,f6f4,-480.0,-0.8336546070121552,0,28
0,generated_0000,train,rnb1k1nr/1p1pbppp/p1p1pq2/6P1/3P4/4PP2/PPPN3P/R1BQKBNR b KQkq - 2 8,black,f6d4,-511.0,-0.855817403604612,0,28
0,generated_0000,train,rnb1k1nr/1p1pbppp/p1p1pq2/6P1/3P4/4PP2/PPPN3P/R1BQKBNR b KQkq - 2 8,black,f6h6,-543.0,-0.8758119575033825,0,28
0,generated_0000,train,rnb1k1nr/1p1pbppp/p1p1pq2/6P1/3P4/4PP2/PPPN3P/R1BQKBNR b KQkq - 2 8,black,c6c5,-571.0,-0.8911531288062178,0,28
0,generated_0000,train,rnb1k1nr/1p1pbppp/p1p1pq2/6P1/3P4/4PP2/PPPN3P/R1BQKBNR b KQkq - 2 8,black,d7d6,-588.0,-0.899577453619467,0,28
0,generated_0000,train,rnb1k1nr/1p1pbppp/p1p1pq2/6P1/3P4/4PP2/PPPN3P/R1BQKBNR b KQkq - 2 8,black,a6a5,-594.0,-0.9024005540024,0,28
0,generated_0000,train,rnb1k1nr/1p1pbppp/p1p1pq2/6P1/3P4/4PP2/PPPN3P/R1BQKBNR b KQkq - 2 8,black,h7h6,-596.0,-0.9033247425601896,0,28
0,generated_0000,train,rnb1k1nr/1p1pbppp/p1p1pq2/6P1/3P4/4PP2/PPPN3P/R1BQKBNR b KQkq - 2 8,black,e7d6,-743.0,-0.9524472851171416,0,28
0,generated_0000,train,rnb1k1nr/1p1pbppp/p1p1pq2/6P1/3P4/4PP2/PPPN3P/R1BQKBNR b KQkq - 2 8,black,e7d8,-799.0,-0.9638505266716332,0,28
0,generated_0000,train,rnb1k1nr/1p1pbppp/p1p1pq2/6P1/3P4/4PP2/PPPN3P/R1BQKBNR b KQkq - 2 8,black,e8d8,-800.0,-0.9640275800758169,0,28
0,generated_0000,train,rnb1k1nr/1p1pbppp/p1p1pq2/6P1/3P4/4PP2/PPPN3P/R1BQKBNR b KQkq - 2 8,black,g8h6,-805.0,-0.9649001551103512,0,28
0,generated_0000,train,rnb1k1nr/1p1pbppp/p1p1pq2/6P1/3P4/4PP2/PPPN3P/R1BQKBNR b KQkq - 2 8,black,d7d5,-808.0,-0.9654136868601891,0,28
0,generated_0000,train,rnb1k1nr/1p1pbppp/p1p1pq2/6P1/3P4/4PP2/PPPN3P/R1BQKBNR b KQkq - 2 8,black,f6e5,-830.0,-0.9689604868431823,0,28
0,generated_0000,train,rnb1k1nr/1p1pbppp/p1p1pq2/6P1/3P4/4PP2/PPPN3P/R1BQKBNR b KQkq - 2 8,black,b7b5,-864.0,-0.9737493633257944,0,28
0,generated_0000,train,rnb1k1nr/1p1pbppp/p1p1pq2/6P1/3P4/4PP2/PPPN3P/R1BQKBNR b KQkq - 2 8,black,h7h5,-864.0,-0.9737493633257944,0,28
0,generated_0000,train,rnb1k1nr/1p1pbppp/p1p1pq2/6P1/3P4/4PP2/PPPN3P/R1BQKBNR b KQkq - 2 8,black,e7f8,-871.0,-0.974640794891156,0,28
0,generated_0000,train,rnb1k1nr/1p1pbppp/p1p1pq2/6P1/3P4/4PP2/PPPN3P/R1BQKBNR b KQkq - 2 8,black,e6e5,-877.0,-0.9753810469886989,0,28
0,generated_0000,train,rnb1k1nr/1p1pbppp/p1p1pq2/6P1/3P4/4PP2/PPPN3P/R1BQKBNR b KQkq - 2 8,black,e7b4,-892.0,-0.9771395937470586,0,28
0,generated_0000,train,rnb1k1nr/1p1pbppp/p1p1pq2/6P1/3P4/4PP2/PPPN3P/R1BQKBNR b KQkq - 2 8,black,e7c5,-894.0,-0.9773644841978153,0,28
0,generated_0000,train,rnb1k1nr/1p1pbppp/p1p1pq2/6P1/3P4/4PP2/PPPN3P/R1BQKBNR b KQkq - 2 8,black,g7g6,-895.0,-0.9774761078852686,0,28
0,generated_0000,train,rnb1k1nr/1p1pbppp/p1p1pq2/6P1/3P4/4PP2/PPPN3P/R1BQKBNR b KQkq - 2 8,black,e7a3,-907.0,-0.9787738762076721,0,28
0,generated_0000,train,rnb1k1nr/1p1pbppp/p1p1pq2/6P1/3P4/4PP2/PPPN3P/R1BQKBNR b KQkq - 2 8,black,a8a7,-909.0,-0.97898286022194,0,28
0,generated_0000,train,rnb1k1nr/1p1pbppp/p1p1pq2/6P1/3P4/4PP2/PPPN3P/R1BQKBNR b KQkq - 2 8,black,e8f8,-912.0,-0.9792925249378165,0,28
0,generated_0000,train,rnb1k1nr/1p1pbppp/p1p1pq2/6P1/3P4/4PP2/PPPN3P/R1BQKBNR b KQkq - 2 8,black,f6f3,-970.0,-0.98446485984397,0,28
1,generated_0000,train,r1bqkb1r/ppp3pp/2np1n2/4pp2/QP1N4/N1P2P2/P2PP1PP/R1B1KB1R w KQkq - 2 9,white,d4c6,96.0,0.23549574953849794,1,33
1,generated_0000,train,r1bqkb1r/ppp3pp/2np1n2/4pp2/QP1N4/N1P2P2/P2PP1PP/R1B1KB1R w KQkq - 2 9,white,d4c2,-68.0,-0.16838104587081473,0,33
1,generated_0000,train,r1bqkb1r/ppp3pp/2np1n2/4pp2/QP1N4/N1P2P2/P2PP1PP/R1B1KB1R w KQkq - 2 9,white,b4b5,-73.0,-0.1805005038603668,0,33
1,generated_0000,train,r1bqkb1r/ppp3pp/2np1n2/4pp2/QP1N4/N1P2P2/P2PP1PP/R1B1KB1R w KQkq - 2 9,white,d4b3,-90.0,-0.221278467898444,0,33
1,generated_0000,train,r1bqkb1r/ppp3pp/2np1n2/4pp2/QP1N4/N1P2P2/P2PP1PP/R1B1KB1R w KQkq - 2 9,white,d4b5,-136.0,-0.32747739480870536,0,33
1,generated_0000,train,r1bqkb1r/ppp3pp/2np1n2/4pp2/QP1N4/N1P2P2/P2PP1PP/R1B1KB1R w KQkq - 2 9,white,a1b1,-439.0,-0.7995992196179786,0,33
1,generated_0000,train,r1bqkb1r/ppp3pp/2np1n2/4pp2/QP1N4/N1P2P2/P2PP1PP/R1B1KB1R w KQkq - 2 9,white,d4f5,-478.0,-0.8321231362048838,0,33
1,generated_0000,train,r1bqkb1r/ppp3pp/2np1n2/4pp2/QP1N4/N1P2P2/P2PP1PP/R1B1KB1R w KQkq - 2 9,white,a3b1,-492.0,-0.8425793256589296,0,33
1,generated_0000,train,r1bqkb1r/ppp3pp/2np1n2/4pp2/QP1N4/N1P2P2/P2PP1PP/R1B1KB1R w KQkq - 2 9,white,a3c2,-535.0,-0.8710704683248206,0,33
1,generated_0000,train,r1bqkb1r/ppp3pp/2np1n2/4pp2/QP1N4/N1P2P2/P2PP1PP/R1B1KB1R w KQkq - 2 9,white,e2e3,-542.0,-0.8752282972400112,0,33
1,generated_0000,train,r1bqkb1r/ppp3pp/2np1n2/4pp2/QP1N4/N1P2P2/P2PP1PP/R1B1KB1R w KQkq - 2 9,white,e2e4,-546.0,-0.877547674360184,0,33
1,generated_0000,train,r1bqkb1r/ppp3pp/2np1n2/4pp2/QP1N4/N1P2P2/P2PP1PP/R1B1KB1R w KQkq - 2 9,white,a3b5,-563.0,-0.886962068040758,0,33
1,generated_0000,train,r1bqkb1r/ppp3pp/2np1n2/4pp2/QP1N4/N1P2P2/P2PP1PP/R1B1KB1R w KQkq - 2 9,white,a4c6,-590.0,-0.9005269768828865,0,33
1,generated_0000,train,r1bqkb1r/ppp3pp/2np1n2/4pp2/QP1N4/N1P2P2/P2PP1PP/R1B1KB1R w KQkq - 2 9,white,c1b2,-623.0,-0.9150145146730381,0,33
1,generated_0000,train,r1bqkb1r/ppp3pp/2np1n2/4pp2/QP1N4/N1P2P2/P2PP1PP/R1B1KB1R w KQkq - 2 9,white,a4d1,-639.0,-0.9212913684015296,0,33
1,generated_0000,train,r1bqkb1r/ppp3pp/2np1n2/4pp2/QP1N4/N1P2P2/P2PP1PP/R1B1KB1R w KQkq - 2 9,white,g2g3,-664.0,-0.9302171829365263,0,33
1,generated_0000,train,r1bqkb1r/ppp3pp/2np1n2/4pp2/QP1N4/N1P2P2/P2PP1PP/R1B1KB1R w KQkq - 2 9,white,h2h4,-673.0,-0.9331852212249364,0,33
1,generated_0000,train,r1bqkb1r/ppp3pp/2np1n2/4pp2/QP1N4/N1P2P2/P2PP1PP/R1B1KB1R w KQkq - 2 9,white,d2d3,-675.0,-0.9338280432225917,0,33
1,generated_0000,train,r1bqkb1r/ppp3pp/2np1n2/4pp2/QP1N4/N1P2P2/P2PP1PP/R1B1KB1R w KQkq - 2 9,white,a3c4,-696.0,-0.9402266403927275,0,33
1,generated_0000,train,r1bqkb1r/ppp3pp/2np1n2/4pp2/QP1N4/N1P2P2/P2PP1PP/R1B1KB1R w KQkq - 2 9,white,a4c2,-701.0,-0.9416594000937984,0,33
1,generated_0000,train,r1bqkb1r/ppp3pp/2np1n2/4pp2/QP1N4/N1P2P2/P2PP1PP/R1B1KB1R w KQkq - 2 9,white,c3c4,-717.0,-0.9460237850730043,0,33
1,generated_0000,train,r1bqkb1r/ppp3pp/2np1n2/4pp2/QP1N4/N1P2P2/P2PP1PP/R1B1KB1R w KQkq - 2 9,white,e1f2,-719.0,-0.946546503188557,0,33
1,generated_0000,train,r1bqkb1r/ppp3pp/2np1n2/4pp2/QP1N4/N1P2P2/P2PP1PP/R1B1KB1R w KQkq - 2 9,white,g2g4,-722.0,-0.9473213607494332,0,33
1,generated_0000,train,r1bqkb1r/ppp3pp/2np1n2/4pp2/QP1N4/N1P2P2/P2PP1PP/R1B1KB1R w KQkq - 2 9,white,a4b3,-730.0,-0.9493345935462565,0,33
1,generated_0000,train,r1bqkb1r/ppp3pp/2np1n2/4pp2/QP1N4/N1P2P2/P2PP1PP/R1B1KB1R w KQkq - 2 9,white,h2h3,-745.0,-0.9529093018793192,0,33
1,generated_0000,train,r1bqkb1r/ppp3pp/2np1n2/4pp2/QP1N4/N1P2P2/P2PP1PP/R1B1KB1R w KQkq - 2 9,white,e1d1,-746.0,-0.9531386646526594,0,33
1,generated_0000,train,r1bqkb1r/ppp3pp/2np1n2/4pp2/QP1N4/N1P2P2/P2PP1PP/R1B1KB1R w KQkq - 2 9,white,f3f4,-771.0,-0.95853084482113,0,33
1,generated_0000,train,r1bqkb1r/ppp3pp/2np1n2/4pp2/QP1N4/N1P2P2/P2PP1PP/R1B1KB1R w KQkq - 2 9,white,h1g1,-773.0,-0.9589349975863708,0,33
1,generated_0000,train,r1bqkb1r/ppp3pp/2np1n2/4pp2/QP1N4/N1P2P2/P2PP1PP/R1B1KB1R w KQkq - 2 9,white,a4b5,-810.0,-0.9657519333685445,0,33
1,generated_0000,train,r1bqkb1r/ppp3pp/2np1n2/4pp2/QP1N4/N1P2P2/P2PP1PP/R1B1KB1R w KQkq - 2 9,white,d4e6,-822.0,-0.9677141892505896,0,33
1,generated_0000,train,r1bqkb1r/ppp3pp/2np1n2/4pp2/QP1N4/N1P2P2/P2PP1PP/R1B1KB1R w KQkq - 2 9,white,a4a6,-834.0,-0.9695657575826874,0,33
1,generated_0000,train,r1bqkb1r/ppp3pp/2np1n2/4pp2/QP1N4/N1P2P2/P2PP1PP/R1B1KB1R w KQkq - 2 9,white,a4a5,-882.0,-0.9759815913801452,0,33
1,generated_0000,train,r1bqkb1r/ppp3pp/2np1n2/4pp2/QP1N4/N1P2P2/P2PP1PP/R1B1KB1R w KQkq - 2 9,white,a4a7,-903.0,-0.9783497218413907,0,33
2,generated_0000,train,rn1qkb1r/p3pp2/1ppp1n2/5bpp/Q2P2P1/2P2N2/PP1KPP1P/RNB2B1R w kq - 0 10,white,g4f5,743.0,0.9524472851171416,1,34
2,generated_0000,train,rn1qkb1r/p3pp2/1ppp1n2/5bpp/Q2P2P1/2P2N2/PP1KPP1P/RNB2B1R w kq - 0 10,white,d2e1,-49.0,-0.12189090064943241,0,34
2,generated_0000,train,rn1qkb1r/p3pp2/1ppp1n2/5bpp/Q2P2P1/2P2N2/PP1KPP1P/RNB2B1R w kq - 0 10,white,f3g5,-112.0,-0.27290508056313273,0,34
2,generated_0000,train,rn1qkb1r/p3pp2/1ppp1n2/5bpp/Q2P2P1/2P2N2/PP1KPP1P/RNB2B1R w kq - 0 10,white,h2h3,-144.0,-0.3452140341355209,0,34
2,generated_0000,train,rn1qkb1r/p3pp2/1ppp1n2/5bpp/Q2P2P1/2P2N2/PP1KPP1P/RNB2B1R w kq - 0 10,white,d2d1,-158.0,-0.3756626611656808,0,34
2,generated_0000,train,rn1qkb1r/p3pp2/1ppp1n2/5bpp/Q2P2P1/2P2N2/PP1KPP1P/RNB2B1R w kq - 0 10,white,a4d1,-165.0,-0.39059333869513074,0,34
2,generated_0000,train,rn1qkb1r/p3pp2/1ppp1n2/5bpp/Q2P2P1/2P2N2/PP1KPP1P/RNB2B1R w kq - 0 10,white,g4h5,-167.0,-0.39482222879176454,0,34
2,generated_0000,train,rn1qkb1r/p3pp2/1ppp1n2/5bpp/Q2P2P1/2P2N2/PP1KPP1P/RNB2B1R w kq - 0 10,white,h1g1,-180.0,-0.42189900525000795,0,34
2,generated_0000,train,rn1qkb1r/p3pp2/1ppp1n2/5bpp/Q2P2P1/2P2N2/PP1KPP1P/RNB2B1R w kq - 0 10,white,h2h4,-185.0,-0.4321195876314196,0,34
2,generated_0000,train,rn1qkb1r/p3pp2/1ppp1n2/5bpp/Q2P2P1/2P2N2/PP1KPP1P/RNB2B1R w kq - 0 10,white,c3c4,-227.0,-0.5135209012396211,0,34
2,generated_0000,train,rn1qkb1r/p3pp2/1ppp1n2/5bpp/Q2P2P1/2P2N2/PP1KPP1P/RNB2B1R w kq - 0 10,white,f3g1,-244.0,-0.5441270988535675,0,34
2,generated_0000,train,rn1qkb1r/p3pp2/1ppp1n2/5bpp/Q2P2P1/2P2N2/PP1KPP1P/RNB2B1R w kq - 0 10,white,b1a3,-269.0,-0.5866219743251164,0,34
2,generated_0000,train,rn1qkb1r/p3pp2/1ppp1n2/5bpp/Q2P2P1/2P2N2/PP1KPP1P/RNB2B1R w kq - 0 10,white,a4a3,-282.0,-0.6075318872684418,0,34
2,generated_0000,train,rn1qkb1r/p3pp2/1ppp1n2/5bpp/Q2P2P1/2P2N2/PP1KPP1P/RNB2B1R w kq - 0 10,white,a2a3,-308.0,-0.6469294504417666,0,34
2,generated_0000,train,rn1qkb1r/p3pp2/1ppp1n2/5bpp/Q2P2P1/2P2N2/PP1KPP1P/RNB2B1R w kq - 0 10,white,a4b4,-315.0,-0.6569904600491983,0,34
2,generated_0000,train,rn1qkb1r/p3pp2/1ppp1n2/5bpp/Q2P2P1/2P2N2/PP1KPP1P/RNB2B1R w kq - 0 10,white,b2b4,-348.0,-0.7013741309383125,0,34
2,generated_0000,train,rn1qkb1r/p3pp2/1ppp1n2/5bpp/Q2P2P1/2P2N2/PP1KPP1P/RNB2B1R w kq - 0 10,white,f3h4,-438.0,-0.7986958128717863,0,34
2,generated_0000,train,rn1qkb1r/p3pp2/1ppp1n2/5bpp/Q2P2P1/2P2N2/PP1KPP1P/RNB2B1R w kq - 0 10,white,d4d5,-456.0,-0.814414093765686,0,34
2,generated_0000,train,rn1qkb1r/p3pp2/1ppp1n2/5bpp/Q2P2P1/2P2N2/PP1KPP1P/RNB2B1R w kq - 0 10,white,f3e1,-458.0,-0.8160909001379913,0,34
2,generated_0000,train,rn1qkb1r/p3pp2/1ppp1n2/5bpp/Q2P2P1/2P2N2/PP1KPP1P/RNB2B1R w kq - 0 10,white,a4c4,-474.0,-0.829021721130387,0,34
2,generated_0000,train,rn1qkb1r/p3pp2/1ppp1n2/5bpp/Q2P2P1/2P2N2/PP1KPP1P/RNB2B1R w kq - 0 10,white,f3e5,-480.0,-0.8336546070121552,0,34
2,generated_0000,train,rn1qkb1r/p3pp2/1ppp1n2/5bpp/Q2P2P1/2P2N2/PP1KPP1P/RNB2B1R w kq - 0 10,white,f1g2,-485.0,-0.8374278407728539,0,34
2,generated_0000,train,rn1qkb1r/p3pp2/1ppp1n2/5bpp/Q2P2P1/2P2N2/PP1KPP1P/RNB2B1R w kq - 0 10,white,e2e3,-523.0,-0.8636414743963026,0,34
2,generated_0000,train,rn1qkb1r/p3pp2/1ppp1n2/5bpp/Q2P2P1/2P2N2/PP1KPP1P/RNB2B1R w kq - 0 10,white,d2e3,-542.0,-0.8752282972400112,0,34
2,generated_0000,train,rn1qkb1r/p3pp2/1ppp1n2/5bpp/Q2P2P1/2P2N2/PP1KPP1P/RNB2B1R w kq - 0 10,white,a4b3,-557.0,-0.883719698991578,0,34
2,generated_0000,train,rn1qkb1r/p3pp2/1ppp1n2/5bpp/Q2P2P1/2P2N2/PP1KPP1P/RNB2B1R w kq - 0 10,white,b2b3,-586.0,-0.8986193501374987,0,34
2,generated_0000,train,rn1qkb1r/p3pp2/1ppp1n2/5bpp/Q2P2P1/2P2N2/PP1KPP1P/RNB2B1R w kq - 0 10,white,e2e4,-663.0,-0.9298796587312388,0,34
2,generated_0000,train,rn1qkb1r/p3pp2/1ppp1n2/5bpp/Q2P2P1/2P2N2/PP1KPP1P/RNB2B1R w kq - 0 10,white,a4b5,-827.0,-0.9684987733220671,0,34
2,generated_0000,train,rn1qkb1r/p3pp2/1ppp1n2/5bpp/Q2P2P1/2P2N2/PP1KPP1P/RNB2B1R w kq - 0 10,white,f1h3,-857.0,-0.9728270272003616,0,34
2,generated_0000,train,rn1qkb1r/p3pp2/1ppp1n2/5bpp/Q2P2P1/2P2N2/PP1KPP1P/RNB2B1R w kq - 0 10,white,a4c6,-858.0,-0.9729607207080607,0,34
2,generated_0000,train,rn1qkb1r/p3pp2/1ppp1n2/5bpp/Q2P2P1/2P2N2/PP1KPP1P/RNB2B1R w kq - 0 10,white,a4a7,-860.0,-0.9732261643446705,0,34
2,generated_0000,train,rn1qkb1r/p3pp2/1ppp1n2/5bpp/Q2P2P1/2P2N2/PP1KPP1P/RNB2B1R w kq - 0 10,white,a4a5,-882.0,-0.9759815913801452,0,34
2,generated_0000,train,rn1qkb1r/p3pp2/1ppp1n2/5bpp/Q2P2P1/2P2N2/PP1KPP1P/RNB2B1R w kq - 0 10,white,a4a6,-883.0,-0.9760999521718934,0,34
2,generated_0000,train,rn1qkb1r/p3pp2/1ppp1n2/5bpp/Q2P2P1/2P2N2/PP1KPP1P/RNB2B1R w kq - 0 10,white,a4c2,-913.0,-0.9793947398556089,0,34
3,generated_0000,train,rn1qkb1r/2pp1p1p/bp3n2/p3p1p1/2P5/PP2P2N/1R1P1PPP/1NBQKB1R w Kkq - 4 10,white,h3g5,210.0,0.481549798364308,1,25
3,generated_0000,train,rn1qkb1r/2pp1p1p/bp3n2/p3p1p1/2P5/PP2P2N/1R1P1PPP/1NBQKB1R w Kkq - 4 10,white,d2d4,100.0,0.24491866240370913,0,25
3,generated_0000,train,rn1qkb1r/2pp1p1p/bp3n2/p3p1p1/2P5/PP2P2N/1R1P1PPP/1NBQKB1R w Kkq - 4 10,white,d1f3,98.0,0.24021286468618025,0,25
3,generated_0000,train,rn1qkb1r/2pp1p1p/bp3n2/p3p1p1/2P5/PP2P2N/1R1P1PPP/1NBQKB1R w Kkq - 4 10,white,b1c3,57.0,0.14154322378898346,0,25
3,generated_0000,train,rn1qkb1r/2pp1p1p/bp3n2/p3p1p1/2P5/PP2P2N/1R1P1PPP/1NBQKB1R w Kkq - 4 10,white,f1e2,47.0,0.11696222487632274,0,25
3,generated_0000,train,rn1qkb1r/2pp1p1p/bp3n2/p3p1p1/2P5/PP2P2N/1R1P1PPP/1NBQKB1R w Kkq - 4 10,white,d2d3,40.0,0.09966799462495582,0,25
3,generated_0000,train,rn1qkb1r/2pp1p1p/bp3n2/p3p1p1/2P5/PP2P2N/1R1P1PPP/1NBQKB1R w Kkq - 4 10,white,f2f3,38.0,0.09471523628617855,0,25
3,generated_0000,train,rn1qkb1r/2pp1p1p/bp3n2/p3p1p1/2P5/PP2P2N/1R1P1PPP/1NBQKB1R w Kkq - 4 10,white,h3g1,32.0,0.07982976911113136,0,25
3,generated_0000,train,rn1qkb1r/2pp1p1p/bp3n2/p3p1p1/2P5/PP2P2N/1R1P1PPP/1NBQKB1R w Kkq - 4 10,white,b2c2,21.0,0.05245181874413747,0,25
3,generated_0000,train,rn1qkb1r/2pp1p1p/bp3n2/p3p1p1/2P5/PP2P2N/1R1P1PPP/1NBQKB1R w Kkq - 4 10,white,f1d3,17.0,0.04247442993254818,0,25
3,generated_0000,train,rn1qkb1r/2pp1p1p/bp3n2/p3p1p1/2P5/PP2P2N/1R1P1PPP/1NBQKB1R w Kkq - 4 10,white,g2g3,17.0,0.04247442993254818,0,25
3,generated_0000,train,rn1qkb1r/2pp1p1p/bp3n2/p3p1p1/2P5/PP2P2N/1R1P1PPP/1NBQKB1R w Kkq - 4 10,white,b2a2,8.0,0.019997333759930933,0,25
3,generated_0000,train,rn1qkb1r/2pp1p1p/bp3n2/p3p1p1/2P5/PP2P2N/1R1P1PPP/1NBQKB1R w Kkq - 4 10,white,f2f4,5.0,0.012499348999020865,0,25
3,generated_0000,train,rn1qkb1r/2pp1p1p/bp3n2/p3p1p1/2P5/PP2P2N/1R1P1PPP/1NBQKB1R w Kkq - 4 10,white,b3b4,2.0,0.004999958333749996,0,25
3,generated_0000,train,rn1qkb1r/2pp1p1p/bp3n2/p3p1p1/2P5/PP2P2N/1R1P1PPP/1NBQKB1R w Kkq - 4 10,white,d1c2,1.0,0.0024999947916796877,0,25
3,generated_0000,train,rn1qkb1r/2pp1p1p/bp3n2/p3p1p1/2P5/PP2P2N/1R1P1PPP/1NBQKB1R w Kkq - 4 10,white,g2g4,-12.0,-0.029991003238820143,0,25
3,generated_0000,train,rn1qkb1r/2pp1p1p/bp3n2/p3p1p1/2P5/PP2P2N/1R1P1PPP/1NBQKB1R w Kkq - 4 10,white,h1g1,-14.0,-0.03498571533277944,0,25
3,generated_0000,train,rn1qkb1r/2pp1p1p/bp3n2/p3p1p1/2P5/PP2P2N/1R1P1PPP/1NBQKB1R w Kkq - 4 10,white,d1e2,-19.0,-0.04746430825312217,0,25
3,generated_0000,train,rn1qkb1r/2pp1p1p/bp3n2/p3p1p1/2P5/PP2P2N/1R1P1PPP/1NBQKB1R w Kkq - 4 10,white,a3a4,-29.0,-0.07237324046358946,0,25
3,generated_0000,train,rn1qkb1r/2pp1p1p/bp3n2/p3p1p1/2P5/PP2P2N/1R1P1PPP/1NBQKB1R w Kkq - 4 10,white,e3e4,-43.0,-0.10708780630223659,0,25
3,generated_0000,train,rn1qkb1r/2pp1p1p/bp3n2/p3p1p1/2P5/PP2P2N/1R1P1PPP/1NBQKB1R w Kkq - 4 10,white,c4c5,-88.0,-0.21651806149302882,0,25
3,generated_0000,train,rn1qkb1r/2pp1p1p/bp3n2/p3p1p1/2P5/PP2P2N/1R1P1PPP/1NBQKB1R w Kkq - 4 10,white,e1e2,-182.0,-0.42600032550456335,0,25
3,generated_0000,train,rn1qkb1r/2pp1p1p/bp3n2/p3p1p1/2P5/PP2P2N/1R1P1PPP/1NBQKB1R w Kkq - 4 10,white,h3f4,-553.0,-0.8815098488354687,0,25
3,generated_0000,train,rn1qkb1r/2pp1p1p/bp3n2/p3p1p1/2P5/PP2P2N/1R1P1PPP/1NBQKB1R w Kkq - 4 10,white,d1g4,-913.0,-0.9793947398556089,0,25
3,generated_0000,train,rn1qkb1r/2pp1p1p/bp3n2/p3p1p1/2P5/PP2P2N/1R1P1PPP/1NBQKB1R w Kkq - 4 10,white,d1h5,-921.0,-0.9801946828706257,0,25
4,generated_0000,train,r1bqkbnr/ppppp3/6p1/n6p/4Pp1P/1P6/P1PPKPPR/RNB1QBN1 b kq - 1 7,black,f8g7,74.0,0.18291795686556014,1,22
4,generated_0000,train,r1bqkbnr/ppppp3/6p1/n6p/4Pp1P/1P6/P1PPKPPR/RNB1QBN1 b kq - 1 7,black,a5c6,72.0,0.1780808681173302,0,22
4,generated_0000,train,r1bqkbnr/ppppp3/6p1/n6p/4Pp1P/1P6/P1PPKPPR/RNB1QBN1 b kq - 1 7,black,g8f6,70.0,0.1732351578346601,0,22
4,generated_0000,train,r1bqkbnr/ppppp3/6p1/n6p/4Pp1P/1P6/P1PPKPPR/RNB1QBN1 b kq - 1 7,black,d7d5,63.0,0.15621046576861825,0,22
4,generated_0000,train,r1bqkbnr/ppppp3/6p1/n6p/4Pp1P/1P6/P1PPKPPR/RNB1QBN1 b kq - 1 7,black,e7e5,54.0,0.13418580993090867,0,22
4,generated_0000,train,r1bqkbnr/ppppp3/6p1/n6p/4Pp1P/1P6/P1PPKPPR/RNB1QBN1 b kq - 1 7,black,g8h6,37.0,0.09223708209155926,0,22
4,generated_0000,train,r1bqkbnr/ppppp3/6p1/n6p/4Pp1P/1P6/P1PPKPPR/RNB1QBN1 b kq - 1 7,black,c7c5,34.0,0.08479588154870199,0,22
4,generated_0000,train,r1bqkbnr/ppppp3/6p1/n6p/4Pp1P/1P6/P1PPKPPR/RNB1QBN1 b kq - 1 7,black,d7d6,33.0,0.08231333630045613,0,22
4,generated_0000,train,r1bqkbnr/ppppp3/6p1/n6p/4Pp1P/1P6/P1PPKPPR/RNB1QBN1 b kq - 1 7,black,f8h6,3.0,0.00749985937816399,0,22
4,generated_0000,train,r1bqkbnr/ppppp3/6p1/n6p/4Pp1P/1P6/P1PPKPPR/RNB1QBN1 b kq - 1 7,black,b7b6,-7.0,-0.01749821376048069,0,22
4,generated_0000,train,r1bqkbnr/ppppp3/6p1/n6p/4Pp1P/1P6/P1PPKPPR/RNB1QBN1 b kq - 1 7,black,b7b5,-8.0,-0.019997333759930933,0,22
4,generated_0000,train,r1bqkbnr/ppppp3/6p1/n6p/4Pp1P/1P6/P1PPKPPR/RNB1QBN1 b kq - 1 7,black,c7c6,-13.0,-0.03248856212414491,0,22
4,generated_0000,train,r1bqkbnr/ppppp3/6p1/n6p/4Pp1P/1P6/P1PPKPPR/RNB1QBN1 b kq - 1 7,black,a7a6,-26.0,-0.06490861277463751,0,22
4,generated_0000,train,r1bqkbnr/ppppp3/6p1/n6p/4Pp1P/1P6/P1PPKPPR/RNB1QBN1 b kq - 1 7,black,a8b8,-49.0,-0.12189090064943241,0,22
4,generated_0000,train,r1bqkbnr/ppppp3/6p1/n6p/4Pp1P/1P6/P1PPKPPR/RNB1QBN1 b kq - 1 7,black,e7e6,-59.0,-0.14643954535966971,0,22
4,generated_0000,train,r1bqkbnr/ppppp3/6p1/n6p/4Pp1P/1P6/P1PPKPPR/RNB1QBN1 b kq - 1 7,black,h8h7,-66.0,-0.1635187536836725,0,22
4,generated_0000,train,r1bqkbnr/ppppp3/6p1/n6p/4Pp1P/1P6/P1PPKPPR/RNB1QBN1 b kq - 1 7,black,e8f7,-72.0,-0.1780808681173302,0,22
4,generated_0000,train,r1bqkbnr/ppppp3/6p1/n6p/4Pp1P/1P6/P1PPKPPR/RNB1QBN1 b kq - 1 7,black,h8h6,-102.0,-0.2496129489368586,0,22
4,generated_0000,train,r1bqkbnr/ppppp3/6p1/n6p/4Pp1P/1P6/P1PPKPPR/RNB1QBN1 b kq - 1 7,black,f4f3,-186.0,-0.43415057098594506,0,22
4,generated_0000,train,r1bqkbnr/ppppp3/6p1/n6p/4Pp1P/1P6/P1PPKPPR/RNB1QBN1 b kq - 1 7,black,g6g5,-355.0,-0.7101567370243542,0,22
4,generated_0000,train,r1bqkbnr/ppppp3/6p1/n6p/4Pp1P/1P6/P1PPKPPR/RNB1QBN1 b kq - 1 7,black,a5b3,-474.0,-0.829021721130387,0,22
4,generated_0000,train,r1bqkbnr/ppppp3/6p1/n6p/4Pp1P/1P6/P1PPKPPR/RNB1QBN1 b kq - 1 7,black,a5c4,-494.0,-0.8440235297412673,0,22
5,generated_0000,train,r1bqkbr1/p1pppppp/n2n4/1p3P2/4P1P1/8/PPPP3P/RNBQKBNR w KQq - 1 7,white,d2d3,116.0,0.2821348126696341,1,28
5,generated_0000,train,r1bqkbr1/p1pppppp/n2n4/1p3P2/4P1P1/8/PPPP3P/RNBQKBNR w KQq - 1 7,white,e4e5,73.0,0.1805005038603668,0,28
5,generated_0000,train,r1bqkbr1/p1pppppp/n2n4/1p3P2/4P1P1/8/PPPP3P/RNBQKBNR w KQq - 1 7,white,f1g2,61.0,0.15132870208509885,0,28
5,generated_0000,train,r1bqkbr1/p1pppppp/n2n4/1p3P2/4P1P1/8/PPPP3P/RNBQKBNR w KQq - 1 7,white,b1c3,59.0,0.14643954535966971,0,28
5,generated_0000,train,r1bqkbr1/p1pppppp/n2n4/1p3P2/4P1P1/8/PPPP3P/RNBQKBNR w KQq - 1 7,white,g1f3,43.0,0.10708780630223659,0,28
5,generated_0000,train,r1bqkbr1/p1pppppp/n2n4/1p3P2/4P1P1/8/PPPP3P/RNBQKBNR w KQq - 1 7,white,d2d4,36.0,0.0897577847471601,0,28
5,generated_0000,train,r1bqkbr1/p1pppppp/n2n4/1p3P2/4P1P1/8/PPPP3P/RNBQKBNR w KQq - 1 7,white,d1e2,32.0,0.07982976911113136,0,28
5,generated_0000,train,r1bqkbr1/p1pppppp/n2n4/1p3P2/4P1P1/8/PPPP3P/RNBQKBNR w KQq - 1 7,white,d1f3,18.0,0.044969649583600245,0,28
5,generated_0000,train,r1bqkbr1/p1pppppp/n2n4/1p3P2/4P1P1/8/PPPP3P/RNBQKBNR w KQq - 1 7,white,a2a4,17.0,0.04247442993254818,0,28
5,generated_0000,train,r1bqkbr1/p1pppppp/n2n4/1p3P2/4P1P1/8/PPPP3P/RNBQKBNR w KQq - 1 7,white,g1h3,-4.0,-0.00999966667999946,0,28
5,generated_0000,train,r1bqkbr1/p1pppppp/n2n4/1p3P2/4P1P1/8/PPPP3P/RNBQKBNR w KQq - 1 7,white,a2a3,-18.0,-0.044969649583600245,0,28
5,generated_0000,train,r1bqkbr1/p1pppppp/n2n4/1p3P2/4P1P1/8/PPPP3P/RNBQKBNR w KQq - 1 7,white,b1a3,-44.0,-0.10955847021442953,0,28
5,generated_0000,train,r1bqkbr1/p1pppppp/n2n4/1p3P2/4P1P1/8/PPPP3P/RNBQKBNR w KQq - 1 7,white,f1e2,-44.0,-0.10955847021442953,0,28
5,generated_0000,train,r1bqkbr1/p1pppppp/n2n4/1p3P2/4P1P1/8/PPPP3P/RNBQKBNR w KQq - 1 7,white,c2c3,-46.0,-0.11449570919711116,0,28
5,generated_0000,train,r1bqkbr1/p1pppppp/n2n4/1p3P2/4P1P1/8/PPPP3P/RNBQKBNR w KQq - 1 7,white,g1e2,-55.0,-0.1366399669564962,0,28
5,generated_0000,train,r1bqkbr1/p1pppppp/n2n4/1p3P2/4P1P1/8/PPPP3P/RNBQKBNR w KQq - 1 7,white,h2h4,-77.0,-0.19015694773226804,0,28
5,generated_0000,train,r1bqkbr1/p1pppppp/n2n4/1p3P2/4P1P1/8/PPPP3P/RNBQKBNR w KQq - 1 7,white,g4g5,-81.0,-0.1997767377279966,0,28
5,generated_0000,train,r1bqkbr1/p1pppppp/n2n4/1p3P2/4P1P1/8/PPPP3P/RNBQKBNR w KQq - 1 7,white,f1h3,-82.0,-0.20217575769673954,0,28
5,generated_0000,train,r1bqkbr1/p1pppppp/n2n4/1p3P2/4P1P1/8/PPPP3P/RNBQKBNR w KQq - 1 7,white,f1d3,-83.0,-0.2045723537772613,0,28
5,generated_0000,train,r1bqkbr1/p1pppppp/n2n4/1p3P2/4P1P1/8/PPPP3P/RNBQKBNR w KQq - 1 7,white,b2b3,-100.0,-0.24491866240370913,0,28
5,generated_0000,train,r1bqkbr1/p1pppppp/n2n4/1p3P2/4P1P1/8/PPPP3P/RNBQKBNR w KQq - 1 7,white,b2b4,-112.0,-0.27290508056313273,0,28
5,generated_0000,train,r1bqkbr1/p1pppppp/n2n4/1p3P2/4P1P1/8/PPPP3P/RNBQKBNR w KQq - 1 7,white,h2h3,-113.0,-0.2752173052438501,0,28
5,generated_0000,train,r1bqkbr1/p1pppppp/n2n4/1p3P2/4P1P1/8/PPPP3P/RNBQKBNR w KQq - 1 7,white,c2c4,-155.0,-0.3692030006468615,0,28
5,generated_0000,train,r1bqkbr1/p1pppppp/n2n4/1p3P2/4P1P1/8/PPPP3P/RNBQKBNR w KQq - 1 7,white,e1e2,-158.0,-0.3756626611656808,0,28
5,generated_0000,train,r1bqkbr1/p1pppppp/n2n4/1p3P2/4P1P1/8/PPPP3P/RNBQKBNR w KQq - 1 7,white,f5f6,-175.0,-0.41157005567402244,0,28
5,generated_0000,train,r1bqkbr1/p1pppppp/n2n4/1p3P2/4P1P1/8/PPPP3P/RNBQKBNR w KQq - 1 7,white,e1f2,-257.0,-0.5665993699780818,0,28
5,generated_0000,train,r1bqkbr1/p1pppppp/n2n4/1p3P2/4P1P1/8/PPPP3P/RNBQKBNR w KQq - 1 7,white,f1b5,-480.0,-0.8336546070121552,0,28
5,generated_0000,train,r1bqkbr1/p1pppppp/n2n4/1p3P2/4P1P1/8/PPPP3P/RNBQKBNR w KQq - 1 7,white,f1c4,-738.0,-0.9512728113694443,0,28
6,generated_0000,train,rq2kbnB/pn1pp2p/bpp2pp1/8/2P3PP/1P3P2/P2PP3/RN1QKBNR b KQq - 0 10,black,b8g3,99999.0,1.0,1,29
6,generated_0000,train,rq2kbnB/pn1pp2p/bpp2pp1/8/2P3PP/1P3P2/P2PP3/RN1QKBNR b KQq - 0 10,black,b7d6,-219.0,-0.49864416881035956,0,29
6,generated_0000,train,rq2kbnB/pn1pp2p/bpp2pp1/8/2P3PP/1P3P2/P2PP3/RN1QKBNR b KQq - 0 10,black,b7c5,-307.0,-0.6454733928434861,0,29
6,generated_0000,train,rq2kbnB/pn1pp2p/bpp2pp1/8/2P3PP/1P3P2/P2PP3/RN1QKBNR b KQq - 0 10,black,b7d8,-330.0,-0.6777821008468294,0,29
6,generated_0000,train,rq2kbnB/pn1pp2p/bpp2pp1/8/2P3PP/1P3P2/P2PP3/RN1QKBNR b KQq - 0 10,black,b8d6,-373.0,-0.7317573500386785,0,29
6,generated_0000,train,rq2kbnB/pn1pp2p/bpp2pp1/8/2P3PP/1P3P2/P2PP3/RN1QKBNR b KQq - 0 10,black,g8h6,-377.0,-0.7363687637736096,0,29
6,generated_0000,train,rq2kbnB/pn1pp2p/bpp2pp1/8/2P3PP/1P3P2/P2PP3/RN1QKBNR b KQq - 0 10,black,b8f4,-382.0,-0.7420382957075286,0,29
6,generated_0000,train,rq2kbnB/pn1pp2p/bpp2pp1/8/2P3PP/1P3P2/P2PP3/RN1QKBNR b KQq - 0 10,black,b8e5,-424.0,-0.7856638590269437,0,29
6,generated_0000,train,rq2kbnB/pn1pp2p/bpp2pp1/8/2P3PP/1P3P2/P2PP3/RN1QKBNR b KQq - 0 10,black,b6b5,-450.0,-0.809301070201781,0,29
6,generated_0000,train,rq2kbnB/pn1pp2p/bpp2pp1/8/2P3PP/1P3P2/P2PP3/RN1QKBNR b KQq - 0 10,black,b7a5,-450.0,-0.809301070201781,0,29
6,generated_0000,train,rq2kbnB/pn1pp2p/bpp2pp1/8/2P3PP/1P3P2/P2PP3/RN1QKBNR b KQq - 0 10,black,h7h6,-463.0,-0.820223473492082,0,29
6,generated_0000,train,rq2kbnB/pn1pp2p/bpp2pp1/8/2P3PP/1P3P2/P2PP3/RN1QKBNR b KQq - 0 10,black,h7h5,-465.0,-0.8218529445288736,0,29
6,generated_0000,train,rq2kbnB/pn1pp2p/bpp2pp1/8/2P3PP/1P3P2/P2PP3/RN1QKBNR b KQq - 0 10,black,e8f7,-562.0,-0.886427638382423,0,29
6,generated_0000,train,rq2kbnB/pn1pp2p/bpp2pp1/8/2P3PP/1P3P2/P2PP3/RN1QKBNR b KQq - 0 10,black,a6c4,-571.0,-0.8911531288062178,0,29
6,generated_0000,train,rq2kbnB/pn1pp2p/bpp2pp1/8/2P3PP/1P3P2/P2PP3/RN1QKBNR b KQq - 0 10,black,b8c7,-571.0,-0.8911531288062178,0,29
6,generated_0000,train,rq2kbnB/pn1pp2p/bpp2pp1/8/2P3PP/1P3P2/P2PP3/RN1QKBNR b KQq - 0 10,black,d7d5,-599.0,-0.9046954633850877,0,29
6,generated_0000,train,rq2kbnB/pn1pp2p/bpp2pp1/8/2P3PP/1P3P2/P2PP3/RN1QKBNR b KQq - 0 10,black,e8d8,-622.0,-0.9146067115633721,0,29
6,generated_0000,train,rq2kbnB/pn1pp2p/bpp2pp1/8/2P3PP/1P3P2/P2PP3/RN1QKBNR b KQq - 0 10,black,f8h6,-624.0,-0.9154204563159324,0,29
6,generated_0000,train,rq2kbnB/pn1pp2p/bpp2pp1/8/2P3PP/1P3P2/P2PP3/RN1QKBNR b KQq - 0 10,black,a6b5,-648.0,-0.9246242189827881,0,29
6,generated_0000,train,rq2kbnB/pn1pp2p/bpp2pp1/8/2P3PP/1P3P2/P2PP3/RN1QKBNR b KQq - 0 10,black,e7e5,-648.0,-0.9246242189827881,0,29
6,generated_0000,train,rq2kbnB/pn1pp2p/bpp2pp1/8/2P3PP/1P3P2/P2PP3/RN1QKBNR b KQq - 0 10,black,d7d6,-654.0,-0.9267703434510203,0,29
6,generated_0000,train,rq2kbnB/pn1pp2p/bpp2pp1/8/2P3PP/1P3P2/P2PP3/RN1QKBNR b KQq - 0 10,black,g6g5,-663.0,-0.9298796587312388,0,29
6,generated_0000,train,rq2kbnB/pn1pp2p/bpp2pp1/8/2P3PP/1P3P2/P2PP3/RN1QKBNR b KQq - 0 10,black,c6c5,-674.0,-0.9335073823210518,0,29
6,generated_0000,train,rq2kbnB/pn1pp2p/bpp2pp1/8/2P3PP/1P3P2/P2PP3/RN1QKBNR b KQq - 0 10,black,b8c8,-678.0,-0.9347810893864688,0,29
6,generated_0000,train,rq2kbnB/pn1pp2p/bpp2pp1/8/2P3PP/1P3P2/P2PP3/RN1QKBNR b KQq - 0 10,black,b8d8,-678.0,-0.9347810893864688,0,29
6,generated_0000,train,rq2kbnB/pn1pp2p/bpp2pp1/8/2P3PP/1P3P2/P2PP3/RN1QKBNR b KQq - 0 10,black,f6f5,-686.0,-0.9372581355036123,0,29
6,generated_0000,train,rq2kbnB/pn1pp2p/bpp2pp1/8/2P3PP/1P3P2/P2PP3/RN1QKBNR b KQq - 0 10,black,e7e6,-703.0,-0.9422231290637216,0,29
6,generated_0000,train,rq2kbnB/pn1pp2p/bpp2pp1/8/2P3PP/1P3P2/P2PP3/RN1QKBNR b KQq - 0 10,black,f8g7,-743.0,-0.9524472851171416,0,29
6,generated_0000,train,rq2kbnB/pn1pp2p/bpp2pp1/8/2P3PP/1P3P2/P2PP3/RN1QKBNR b KQq - 0 10,black,b8h2,-907.0,-0.9787738762076721,0,29
7,generated_0000,train,r2qkbnr/p1p1p1pp/2n5/1P1p1p1b/3P1B2/5P2/PP2P1PP/RN1QKBNR w KQkq - 0 7,white,b5c6,869.0,0.9743891942820664,1,33
7,generated_0000,train,r2qkbnr/p1p1p1pp/2n5/1P1p1p1b/3P1B2/5P2/PP2P1PP/RN1QKBNR w KQkq - 0 7,white,g2g4,408.0,0.7698665359089004,0,33
7,generated_0000,train,r2qkbnr/p1p1p1pp/2n5/1P1p1p1b/3P1B2/5P2/PP2P1PP/RN1QKBNR w KQkq - 0 7,white,b1c3,364.0,0.7211322540766999,0,33
7,generated_0000,train,r2qkbnr/p1p1p1pp/2n5/1P1p1p1b/3P1B2/5P2/PP2P1PP/RN1QKBNR w KQkq - 0 7,white,d1a4,342.0,0.6936725684698276,0,33
7,generated_0000,train,r2qkbnr/p1p1p1pp/2n5/1P1p1p1b/3P1B2/5P2/PP2P1PP/RN1QKBNR w KQkq - 0 7,white,a2a3,311.0,0.6512694287651738,0,33
7,generated_0000,train,r2qkbnr/p1p1p1pp/2n5/1P1p1p1b/3P1B2/5P2/PP2P1PP/RN1QKBNR w KQkq - 0 7,white,f4g3,307.0,0.6454733928434861,0,33
7,generated_0000,train,r2qkbnr/p1p1p1pp/2n5/1P1p1p1b/3P1B2/5P2/PP2P1PP/RN1QKBNR w KQkq - 0 7,white,d1d3,286.0,0.6138026315335672,0,33
7,generated_0000,train,r2qkbnr/p1p1p1pp/2n5/1P1p1p1b/3P1B2/5P2/PP2P1PP/RN1QKBNR w KQkq - 0 7,white,g2g3,284.0,0.6106768328168442,0,33
7,generated_0000,train,r2qkbnr/p1p1p1pp/2n5/1P1p1p1b/3P1B2/5P2/PP2P1PP/RN1QKBNR w KQkq - 0 7,white,g1h3,283.0,0.6091067545471247,0,33
7,generated_0000,train,r2qkbnr/p1p1p1pp/2n5/1P1p1p1b/3P1B2/5P2/PP2P1PP/RN1QKBNR w KQkq - 0 7,white,e2e4,282.0,0.6075318872684418,0,33
7,generated_0000,train,r2qkbnr/p1p1p1pp/2n5/1P1p1p1b/3P1B2/5P2/PP2P1PP/RN1QKBNR w KQkq - 0 7,white,h2h4,281.0,0.6059522288123076,0,33
7,generated_0000,train,r2qkbnr/p1p1p1pp/2n5/1P1p1p1b/3P1B2/5P2/PP2P1PP/RN1QKBNR w KQkq - 0 7,white,d1d2,276.0,0.5979820004989412,0,33
7,generated_0000,train,r2qkbnr/p1p1p1pp/2n5/1P1p1p1b/3P1B2/5P2/PP2P1PP/RN1QKBNR w KQkq - 0 7,white,e2e3,257.0,0.5665993699780818,0,33
7,generated_0000,train,r2qkbnr/p1p1p1pp/2n5/1P1p1p1b/3P1B2/5P2/PP2P1PP/RN1QKBNR w KQkq - 0 7,white,b1a3,241.0,0.5388261224574971,0,33
7,generated_0000,train,r2qkbnr/p1p1p1pp/2n5/1P1p1p1b/3P1B2/5P2/PP2P1PP/RN1QKBNR w KQkq - 0 7,white,f4g5,241.0,0.5388261224574971,0,33
7,generated_0000,train,r2qkbnr/p1p1p1pp/2n5/1P1p1p1b/3P1B2/5P2/PP2P1PP/RN1QKBNR w KQkq - 0 7,white,h2h3,233.0,0.5244801068542184,0,33
7,generated_0000,train,r2qkbnr/p1p1p1pp/2n5/1P1p1p1b/3P1B2/5P2/PP2P1PP/RN1QKBNR w KQkq - 0 7,white,f4d2,202.0,0.4660402984777151,0,33
7,generated_0000,train,r2qkbnr/p1p1p1pp/2n5/1P1p1p1b/3P1B2/5P2/PP2P1PP/RN1QKBNR w KQkq - 0 7,white,d1c1,199.0,0.4601487679622376,0,33
7,generated_0000,train,r2qkbnr/p1p1p1pp/2n5/1P1p1p1b/3P1B2/5P2/PP2P1PP/RN1QKBNR w KQkq - 0 7,white,f4c1,196.0,0.4542164326822591,0,33
7,generated_0000,train,r2qkbnr/p1p1p1pp/2n5/1P1p1p1b/3P1B2/5P2/PP2P1PP/RN1QKBNR w KQkq - 0 7,white,b1d2,174.0,0.4094913959961821,0,33
7,generated_0000,train,r2qkbnr/p1p1p1pp/2n5/1P1p1p1b/3P1B2/5P2/PP2P1PP/RN1QKBNR w KQkq - 0 7,white,f4e3,158.0,0.3756626611656808,0,33
7,generated_0000,train,r2qkbnr/p1p1p1pp/2n5/1P1p1p1b/3P1B2/5P2/PP2P1PP/RN1QKBNR w KQkq - 0 7,white,a2a4,133.0,0.32076534615843216,0,33
7,generated_0000,train,r2qkbnr/p1p1p1pp/2n5/1P1p1p1b/3P1B2/5P2/PP2P1PP/RN1QKBNR w KQkq - 0 7,white,e1f2,126.0,0.30497892438548896,0,33
7,generated_0000,train,r2qkbnr/p1p1p1pp/2n5/1P1p1p1b/3P1B2/5P2/PP2P1PP/RN1QKBNR w KQkq - 0 7,white,d1b3,122.0,0.29588160416130044,0,33
7,generated_0000,train,r2qkbnr/p1p1p1pp/2n5/1P1p1p1b/3P1B2/5P2/PP2P1PP/RN1QKBNR w KQkq - 0 7,white,d1c2,111.0,0.2705896986456141,0,33
7,generated_0000,train,r2qkbnr/p1p1p1pp/2n5/1P1p1p1b/3P1B2/5P2/PP2P1PP/RN1QKBNR w KQkq - 0 7,white,b2b4,104.0,0.25429553262639115,0,33
7,generated_0000,train,r2qkbnr/p1p1p1pp/2n5/1P1p1p1b/3P1B2/5P2/PP2P1PP/RN1QKBNR w KQkq - 0 7,white,f4e5,85.0,0.20935816942801874,0,33
7,generated_0000,train,r2qkbnr/p1p1p1pp/2n5/1P1p1p1b/3P1B2/5P2/PP2P1PP/RN1QKBNR w KQkq - 0 7,white,b2b3,75.0,0.1853331999081395,0,33
7,generated_0000,train,r2qkbnr/p1p1p1pp/2n5/1P1p1p1b/3P1B2/5P2/PP2P1PP/RN1QKBNR w KQkq - 0 7,white,f4c7,75.0,0.1853331999081395,0,33
7,generated_0000,train,r2qkbnr/p1p1p1pp/2n5/1P1p1p1b/3P1B2/5P2/PP2P1PP/RN1QKBNR w KQkq - 0 7,white,e1d2,-8.0,-0.019997333759930933,0,33
7,generated_0000,train,r2qkbnr/p1p1p1pp/2n5/1P1p1p1b/3P1B2/5P2/PP2P1PP/RN1QKBNR w KQkq - 0 7,white,b5b6,-25.0,-0.062418746747512514,0,33
7,generated_0000,train,r2qkbnr/p1p1p1pp/2n5/1P1p1p1b/3P1B2/5P2/PP2P1PP/RN1QKBNR w KQkq - 0 7,white,f4h6,-78.0,-0.1925653985935757,0,33
7,generated_0000,train,r2qkbnr/p1p1p1pp/2n5/1P1p1p1b/3P1B2/5P2/PP2P1PP/RN1QKBNR w KQkq - 0 7,white,f4d6,-88.0,-0.21651806149302882,0,33
8,generated_0000,train,1nbqk1nr/3p1pp1/rQ1bp2p/p1p5/2P1PPP1/P6N/1P1PK2P/RNB2B1R b k - 0 9,black,d8b6,802.0,0.9643791367189491,1,28
8,generated_0000,train,1nbqk1nr/3p1pp1/rQ1bp2p/p1p5/2P1PPP1/P6N/1P1PK2P/RNB2B1R b k - 0 9,black,a6b6,598.0,0.9042406203001623,0,28
8,generated_0000,train,1nbqk1nr/3p1pp1/rQ1bp2p/p1p5/2P1PPP1/P6N/1P1PK2P/RNB2B1R b k - 0 9,black,d8h4,293.0,0.6245924416209736,0,28
8,generated_0000,train,1nbqk1nr/3p1pp1/rQ1bp2p/p1p5/2P1PPP1/P6N/1P1PK2P/RNB2B1R b k - 0 9,black,d6c7,260.0,0.5716699660851172,0,28
8,generated_0000,train,1nbqk1nr/3p1pp1/rQ1bp2p/p1p5/2P1PPP1/P6N/1P1PK2P/RNB2B1R b k - 0 9,black,d8f6,176.0,0.41364444218713514,0,28
8,generated_0000,train,1nbqk1nr/3p1pp1/rQ1bp2p/p1p5/2P1PPP1/P6N/1P1PK2P/RNB2B1R b k - 0 9,black,d8e7,170.0,0.4011342849479459,0,28
8,generated_0000,train,1nbqk1nr/3p1pp1/rQ1bp2p/p1p5/2P1PPP1/P6N/1P1PK2P/RNB2B1R b k - 0 9,black,g8e7,151.0,0.3605343933972969,0,28
8,generated_0000,train,1nbqk1nr/3p1pp1/rQ1bp2p/p1p5/2P1PPP1/P6N/1P1PK2P/RNB2B1R b k - 0 9,black,b8c6,67.0,0.165950908402399,0,28
8,generated_0000,train,1nbqk1nr/3p1pp1/rQ1bp2p/p1p5/2P1PPP1/P6N/1P1PK2P/RNB2B1R b k - 0 9,black,d8g5,42.0,0.10461581914865054,0,28
8,generated_0000,train,1nbqk1nr/3p1pp1/rQ1bp2p/p1p5/2P1PPP1/P6N/1P1PK2P/RNB2B1R b k - 0 9,black,d8c7,11.0,0.02749306980470986,0,28
8,generated_0000,train,1nbqk1nr/3p1pp1/rQ1bp2p/p1p5/2P1PPP1/P6N/1P1PK2P/RNB2B1R b k - 0 9,black,h6h5,11.0,0.02749306980470986,0,28
8,generated_0000,train,1nbqk1nr/3p1pp1/rQ1bp2p/p1p5/2P1PPP1/P6N/1P1PK2P/RNB2B1R b k - 0 9,black,f7f6,9.0,0.02249620389370967,0,28
8,generated_0000,train,1nbqk1nr/3p1pp1/rQ1bp2p/p1p5/2P1PPP1/P6N/1P1PK2P/RNB2B1R b k - 0 9,black,f7f5,4.0,0.00999966667999946,0,28
8,generated_0000,train,1nbqk1nr/3p1pp1/rQ1bp2p/p1p5/2P1PPP1/P6N/1P1PK2P/RNB2B1R b k - 0 9,black,c8b7,0.0,0.0,0,28
8,generated_0000,train,1nbqk1nr/3p1pp1/rQ1bp2p/p1p5/2P1PPP1/P6N/1P1PK2P/RNB2B1R b k - 0 9,black,e6e5,-13.0,-0.03248856212414491,0,28
8,generated_0000,train,1nbqk1nr/3p1pp1/rQ1bp2p/p1p5/2P1PPP1/P6N/1P1PK2P/RNB2B1R b k - 0 9,black,g7g6,-38.0,-0.09471523628617855,0,28
8,generated_0000,train,1nbqk1nr/3p1pp1/rQ1bp2p/p1p5/2P1PPP1/P6N/1P1PK2P/RNB2B1R b k - 0 9,black,e8e7,-42.0,-0.10461581914865054,0,28
8,generated_0000,train,1nbqk1nr/3p1pp1/rQ1bp2p/p1p5/2P1PPP1/P6N/1P1PK2P/RNB2B1R b k - 0 9,black,a5a4,-46.0,-0.11449570919711116,0,28
8,generated_0000,train,1nbqk1nr/3p1pp1/rQ1bp2p/p1p5/2P1PPP1/P6N/1P1PK2P/RNB2B1R b k - 0 9,black,g7g5,-65.0,-0.1610846096413192,0,28
8,generated_0000,train,1nbqk1nr/3p1pp1/rQ1bp2p/p1p5/2P1PPP1/P6N/1P1PK2P/RNB2B1R b k - 0 9,black,h8h7,-79.0,-0.19497153165403217,0,28
8,generated_0000,train,1nbqk1nr/3p1pp1/rQ1bp2p/p1p5/2P1PPP1/P6N/1P1PK2P/RNB2B1R b k - 0 9,black,g8f6,-179.0,-0.4198418366689064,0,28
8,generated_0000,train,1nbqk1nr/3p1pp1/rQ1bp2p/p1p5/2P1PPP1/P6N/1P1PK2P/RNB2B1R b k - 0 9,black,d6e7,-193.0,-0.44824354154163726,0,28
8,generated_0000,train,1nbqk1nr/3p1pp1/rQ1bp2p/p1p5/2P1PPP1/P6N/1P1PK2P/RNB2B1R b k - 0 9,black,d6f8,-230.0,-0.5190218338982221,0,28
8,generated_0000,train,1nbqk1nr/3p1pp1/rQ1bp2p/p1p5/2P1PPP1/P6N/1P1PK2P/RNB2B1R b k - 0 9,black,d6f4,-397.0,-0.7584263132115812,0,28
8,generated_0000,train,1nbqk1nr/3p1pp1/rQ1bp2p/p1p5/2P1PPP1/P6N/1P1PK2P/RNB2B1R b k - 0 9,black,a6a8,-539.0,-0.8734619197750799,0,28
8,generated_0000,train,1nbqk1nr/3p1pp1/rQ1bp2p/p1p5/2P1PPP1/P6N/1P1PK2P/RNB2B1R b k - 0 9,black,a6a7,-551.0,-0.8803902214206855,0,28
8,generated_0000,train,1nbqk1nr/3p1pp1/rQ1bp2p/p1p5/2P1PPP1/P6N/1P1PK2P/RNB2B1R b k - 0 9,black,d6e5,-662.0,-0.929540561588157,0,28
8,generated_0000,train,1nbqk1nr/3p1pp1/rQ1bp2p/p1p5/2P1PPP1/P6N/1P1PK2P/RNB2B1R b k - 0 9,black,e8f8,-99999.0,-1.0,0,28
9,generated_0000,train,1nb1kb1r/rpqp1ppp/8/p1pnp3/1Q6/1P2P2N/P1PPKPPP/RNB2B1R w k - 2 9,white,b4c4,-103.0,-0.2519557155332075,1,37
9,generated_0000,train,1nb1kb1r/rpqp1ppp/8/p1pnp3/1Q6/1P2P2N/P1PPKPPP/RNB2B1R w k - 2 9,white,b4e4,-105.0,-0.25663237659073246,0,37
9,generated_0000,train,1nb1kb1r/rpqp1ppp/8/p1pnp3/1Q6/1P2P2N/P1PPKPPP/RNB2B1R w k - 2 9,white,b4b5,-107.0,-0.2612970513021489,0,37
9,generated_0000,train,1nb1kb1r/rpqp1ppp/8/p1pnp3/1Q6/1P2P2N/P1PPKPPP/RNB2B1R w k - 2 9,white,b4h4,-123.0,-0.29816104848914665,0,37
9,generated_0000,train,1nb1kb1r/rpqp1ppp/8/p1pnp3/1Q6/1P2P2N/P1PPKPPP/RNB2B1R w k - 2 9,white,b4g4,-152.0,-0.3627074675780511,0,37
9,generated_0000,train,1nb1kb1r/rpqp1ppp/8/p1pnp3/1Q6/1P2P2N/P1PPKPPP/RNB2B1R w k - 2 9,white,b4a4,-161.0,-0.3820860248314457,0,37
9,generated_0000,train,1nb1kb1r/rpqp1ppp/8/p1pnp3/1Q6/1P2P2N/P1PPKPPP/RNB2B1R w k - 2 9,white,b4a3,-258.0,-0.5682943783549709,0,37
9,generated_0000,train,1nb1kb1r/rpqp1ppp/8/p1pnp3/1Q6/1P2P2N/P1PPKPPP/RNB2B1R w k - 2 9,white,e2d1,-647.0,-0.9242607043197805,0,37
9,generated_0000,train,1nb1kb1r/rpqp1ppp/8/p1pnp3/1Q6/1P2P2N/P1PPKPPP/RNB2B1R w k - 2 9,white,e2e1,-658.0,-0.9281683082344766,0,37
9,generated_0000,train,1nb1kb1r/rpqp1ppp/8/p1pnp3/1Q6/1P2P2N/P1PPKPPP/RNB2B1R w k - 2 9,white,c1b2,-692.0,-0.9390559334707117,0,37
9,generated_0000,train,1nb1kb1r/rpqp1ppp/8/p1pnp3/1Q6/1P2P2N/P1PPKPPP/RNB2B1R w k - 2 9,white,c2c4,-707.0,-0.9433347735879051,0,37
9,generated_0000,train,1nb1kb1r/rpqp1ppp/8/p1pnp3/1Q6/1P2P2N/P1PPKPPP/RNB2B1R w k - 2 9,white,b1c3,-739.0,-0.9515099470195437,0,37
9,generated_0000,train,1nb1kb1r/rpqp1ppp/8/p1pnp3/1Q6/1P2P2N/P1PPKPPP/RNB2B1R w k - 2 9,white,h3g1,-748.0,-0.9535941237087119,0,37
9,generated_0000,train,1nb1kb1r/rpqp1ppp/8/p1pnp3/1Q6/1P2P2N/P1PPKPPP/RNB2B1R w k - 2 9,white,a2a4,-766.0,-0.957503354577973,0,37
9,generated_0000,train,1nb1kb1r/rpqp1ppp/8/p1pnp3/1Q6/1P2P2N/P1PPKPPP/RNB2B1R w k - 2 9,white,f2f3,-767.0,-0.9577108258246346,0,37
9,generated_0000,train,1nb1kb1r/rpqp1ppp/8/p1pnp3/1Q6/1P2P2N/P1PPKPPP/RNB2B1R w k - 2 9,white,f2f4,-774.0,-0.959135625371894,0,37
9,generated_0000,train,1nb1kb1r/rpqp1ppp/8/p1pnp3/1Q6/1P2P2N/P1PPKPPP/RNB2B1R w k - 2 9,white,b4c5,-826.0,-0.9683433720658203,0,37
9,generated_0000,train,1nb1kb1r/rpqp1ppp/8/p1pnp3/1Q6/1P2P2N/P1PPKPPP/RNB2B1R w k - 2 9,white,b4c3,-836.0,-0.9698640203788144,0,37
9,generated_0000,train,1nb1kb1r/rpqp1ppp/8/p1pnp3/1Q6/1P2P2N/P1PPKPPP/RNB2B1R w k - 2 9,white,b4f4,-897.0,-0.9776977252028628,0,37
9,generated_0000,train,1nb1kb1r/rpqp1ppp/8/p1pnp3/1Q6/1P2P2N/P1PPKPPP/RNB2B1R w k - 2 9,white,b1a3,-902.0,-0.9782423799658522,0,37
9,generated_0000,train,1nb1kb1r/rpqp1ppp/8/p1pnp3/1Q6/1P2P2N/P1PPKPPP/RNB2B1R w k - 2 9,white,c2c3,-924.0,-0.9804866687508973,0,37
9,generated_0000,train,1nb1kb1r/rpqp1ppp/8/p1pnp3/1Q6/1P2P2N/P1PPKPPP/RNB2B1R w k - 2 9,white,e3e4,-929.0,-0.9809638689466235,0,37
9,generated_0000,train,1nb1kb1r/rpqp1ppp/8/p1pnp3/1Q6/1P2P2N/P1PPKPPP/RNB2B1R w k - 2 9,white,b4b6,-963.0,-0.983915952786863,0,37
9,generated_0000,train,1nb1kb1r/rpqp1ppp/8/p1pnp3/1Q6/1P2P2N/P1PPKPPP/RNB2B1R w k - 2 9,white,b4a5,-967.0,-0.9842319273092319,0,37
9,generated_0000,train,1nb1kb1r/rpqp1ppp/8/p1pnp3/1Q6/1P2P2N/P1PPKPPP/RNB2B1R w k - 2 9,white,g2g3,-985.0,-0.9855792811739619,0,37
9,generated_0000,train,1nb1kb1r/rpqp1ppp/8/p1pnp3/1Q6/1P2P2N/P1PPKPPP/RNB2B1R w k - 2 9,white,a2a3,-986.0,-0.9856506887818505,0,37
9,generated_0000,train,1nb1kb1r/rpqp1ppp/8/p1pnp3/1Q6/1P2P2N/P1PPKPPP/RNB2B1R w k - 2 9,white,b4d4,-1003.0,-0.986812271216647,0,37
9,generated_0000,train,1nb1kb1r/rpqp1ppp/8/p1pnp3/1Q6/1P2P2N/P1PPKPPP/RNB2B1R w k - 2 9,white,c1a3,-1007.0,-0.9870717177321973,0,37
9,generated_0000,train,1nb1kb1r/rpqp1ppp/8/p1pnp3/1Q6/1P2P2N/P1PPKPPP/RNB2B1R w k - 2 9,white,h1g1,-1019.0,-0.9878200172196031,0,37
9,generated_0000,train,1nb1kb1r/rpqp1ppp/8/p1pnp3/1Q6/1P2P2N/P1PPKPPP/RNB2B1R w k - 2 9,white,b4b7,-1020.0,-0.9878803970168317,0,37
9,generated_0000,train,1nb1kb1r/rpqp1ppp/8/p1pnp3/1Q6/1P2P2N/P1PPKPPP/RNB2B1R w k - 2 9,white,h3g5,-1025.0,-0.9881778622875124,0,37
9,generated_0000,train,1nb1kb1r/rpqp1ppp/8/p1pnp3/1Q6/1P2P2N/P1PPKPPP/RNB2B1R w k - 2 9,white,g2g4,-1026.0,-0.9882364786381571,0,37
9,generated_0000,train,1nb1kb1r/rpqp1ppp/8/p1pnp3/1Q6/1P2P2N/P1PPKPPP/RNB2B1R w k - 2 9,white,d2d3,-1028.0,-0.988352845987577,0,37
9,generated_0000,train,1nb1kb1r/rpqp1ppp/8/p1pnp3/1Q6/1P2P2N/P1PPKPPP/RNB2B1R w k - 2 9,white,e2f3,-1055.0,-0.9898162067961978,0,37
9,generated_0000,train,1nb1kb1r/rpqp1ppp/8/p1pnp3/1Q6/1P2P2N/P1PPKPPP/RNB2B1R w k - 2 9,white,h3f4,-1055.0,-0.9898162067961978,0,37
9,generated_0000,train,1nb1kb1r/rpqp1ppp/8/p1pnp3/1Q6/1P2P2N/P1PPKPPP/RNB2B1R w k - 2 9,white,d2d4,-1075.0,-0.9907808556412516,0,37
9,generated_0000,train,1nb1kb1r/rpqp1ppp/8/p1pnp3/1Q6/1P2P2N/P1PPKPPP/RNB2B1R w k - 2 9,white,e2d3,-1078.0,-0.9909174875083383,0,37
