step,stage,position_id,selected_move,cp_best,cp_move,regret_cp,raw_signal,running_signal_mean,centered_advantage,applied_advantage,mate_flag,mate_distance,selected_is_teacher_best,control,pass_kind,eligibility_mean_abs,rms_log_ratio,elapsed_s
0,movement,movement_0000,f3d1,100.0,-100.0,200.0,0.07576568547998053,0.0037882842739990264,0.07576568547998053,0.07576568547998053,1,,0,shuffled,curriculum,9.86830833604261e-06,0.0010219004517395644,445.22641330002807
1,movement,movement_0001,h7g5,100.0,100.0,0.0,1.0,0.05359887006029908,0.996211715726001,0.996211715726001,1,,1,shuffled,curriculum,1.409205243575187e-05,0.014994289120870377,447.2587383999489
2,movement,movement_0002,b4d1,100.0,-100.0,200.0,0.07576568547998053,0.05470721083128315,0.02216681541968145,0.02216681541968145,1,,0,shuffled,curriculum,9.302451268453253e-06,0.015212217488525293,449.45796000002883
3,movement,movement_0003,b4b3,100.0,100.0,0.0,1.0,0.101971850289719,0.9452927891687168,0.9452927891687168,1,,1,shuffled,curriculum,9.908835812952089e-06,0.025891659991440438,451.84951430000365
4,movement,movement_0004,g7b2,100.0,100.0,0.0,1.0,0.14687325777523305,0.898028149710281,0.898028149710281,1,,1,shuffled,curriculum,1.6256761679345967e-05,0.0330297804793207,454.10583679995034
5,movement,movement_0005,b1b2,100.0,100.0,0.0,1.0,0.18952959488647142,0.8531267422247669,0.8531267422247669,1,,1,shuffled,curriculum,1.0975582789284585e-05,0.037623420651158285,456.87367210001685
6,movement,movement_0006,b3b2,100.0,100.0,0.0,1.0,0.23005311514214782,0.8104704051135285,0.8104704051135285,1,,1,shuffled,curriculum,9.749548645118162e-06,0.03922207035651053,458.2032802000176
7,movement,movement_0007,a6d1,100.0,-100.0,200.0,0.07576568547998053,0.22233874365903944,-0.1542874296621673,-0.1542874296621673,1,,0,shuffled,curriculum,8.411396654382357e-06,0.03841826396218572,459.8424840000225
8,movement,movement_0008,a5d1,100.0,-100.0,200.0,0.07576568547998053,0.21501009075008648,-0.1465730581790589,0.8104704051135285,1,,0,shuffled,curriculum,9.14327627422513e-06,0.04049602105125193,461.8305770000443
9,movement,movement_0009,c3b3,100.0,100.0,0.0,1.0,0.25425958621258216,0.7849899092499135,0.07576568547998053,1,,1,shuffled,curriculum,9.960897476978857e-06,0.040565927662080295,463.9944969000062
10,movement,movement_0010,h8b2,100.0,100.0,0.0,1.0,0.29154660690195305,0.7457404137874178,0.7457404137874178,1,,1,shuffled,curriculum,1.1155923655567056e-05,0.04343949127660901,465.9972221000353
11,movement,movement_0011,g6g5,100.0,100.0,0.0,1.0,0.32696927655685537,0.708453393098047,-0.1542874296621673,1,,1,shuffled,curriculum,1.0278461320471233e-05,0.04316504311852188,468.2739196999464
12,movement,movement_0012,b2b3,100.0,100.0,0.0,1.0,0.3606208127290126,0.6730307234431446,0.9452927891687168,1,,1,shuffled,curriculum,8.574244960706445e-06,0.04938007335139609,469.7049435999943
13,movement,movement_0013,f2g4,100.0,100.0,0.0,1.0,0.3925897720925619,0.6393791872709874,-0.1465730581790589,1,,1,shuffled,curriculum,1.6613141777197816e-05,0.048369203483100906,471.8973405000288
14,movement,movement_0014,h4f2,100.0,100.0,0.0,1.0,0.4229602834879338,0.607410227907438,0.708453393098047,1,,1,shuffled,curriculum,1.1533280899675447e-05,0.05225291737835393,473.8913827999495
15,movement,movement_0015,h7d1,100.0,-100.0,200.0,0.07576568547998053,0.4056005535875361,-0.34719459800795327,0.8531267422247669,1,,0,shuffled,curriculum,1.3155303031598433e-05,0.056950280760728174,476.16296999994665
16,movement,movement_0016,c7d1,100.0,-100.0,200.0,0.07576568547998053,0.3891088101821583,-0.3298348681075556,0.7849899092499135,1,,0,shuffled,curriculum,1.7448723830560346e-05,0.06129743105207005,478.3459846000187
17,movement,movement_0017,b5d1,100.0,-100.0,200.0,0.07576568547998053,0.3734416539470494,-0.3133431247021778,0.607410227907438,1,,0,shuffled,curriculum,1.374338544423535e-05,0.06389764905998808,480.53233730001375
18,movement,movement_0018,g5g4,100.0,100.0,0.0,1.0,0.4047695712496969,0.6265583460529506,0.996211715726001,1,,1,shuffled,curriculum,9.327261767348194e-06,0.06607457711260524,482.02661659999285
19,movement,movement_0019,a4b2,100.0,100.0,0.0,1.0,0.4345310926872121,0.5952304287503031,-0.34719459800795327,1,,1,shuffled,curriculum,1.013540315210181e-05,0.06385540512862092,484.01173389994074
20,movement,movement_0020,f4d1,100.0,-100.0,200.0,0.07576568547998053,0.41659282232685046,-0.35876540720723155,-0.35876540720723155,1,,0,shuffled,curriculum,1.4233671428070954e-05,0.06191631457155327,486.36060360004194
21,movement,movement_0021,h1h3,100.0,100.0,0.0,1.0,0.4457631812105079,0.5834071776731495,0.5952304287503031,1,,1,shuffled,curriculum,8.037277365520291e-06,0.0634290880543833,488.4320850999793
22,movement,movement_0022,f6b2,100.0,100.0,0.0,1.0,0.4734750221499825,0.5542368187894922,0.5542368187894922,1,,1,shuffled,curriculum,9.098845000592484e-06,0.06644987464638259,490.5568376999581
23,movement,movement_0023,a6d1,100.0,-100.0,200.0,0.07576568547998053,0.4535895553164824,-0.39770933667000197,-0.3133431247021778,1,,0,shuffled,curriculum,1.468096885656821e-05,0.06493898269537726,492.6694200000493
24,movement,movement_0024,h2h3,100.0,100.0,0.0,1.0,0.48091007755065823,0.5464104446835176,-0.39770933667000197,1,,1,shuffled,curriculum,1.990671749506485e-05,0.0618490948182031,494.31102330004796
25,movement,movement_0025,c8d1,100.0,-100.0,200.0,0.07576568547998053,0.4606528579471243,-0.4051443920706777,0.02216681541968145,1,,0,shuffled,curriculum,1.548166708938453e-05,0.062022783141862506,496.23170250002295
26,movement,movement_0026,b2d1,100.0,-100.0,200.0,0.07576568547998053,0.4414084993237671,-0.38488717246714377,-0.38488717246714377,1,,0,shuffled,curriculum,1.4118230898997738e-05,0.05858933283899673,498.3866223000223
27,movement,movement_0027,h3b3,100.0,100.0,0.0,1.0,0.4693380743575787,0.558591500676233,0.5834071776731495,1,,1,shuffled,curriculum,1.5386389918842915e-05,0.06262869266742987,500.4985173000023
28,movement,movement_0028,c3b3,100.0,100.0,0.0,1.0,0.4958711706396997,0.5306619256424213,0.558591500676233,1,,1,shuffled,curriculum,1.3073168547884163e-05,0.06717074815043747,503.36465060000774
29,movement,movement_0029,c1b2,100.0,100.0,0.0,1.0,0.5210776121077147,0.5041288293603003,0.5464104446835176,1,,1,shuffled,curriculum,2.1853916867450403e-05,0.06987278048513343,506.27642749994993
30,movement,movement_0030,f4d1,100.0,-100.0,200.0,0.07576568547998053,0.498812015776328,-0.4453119266277342,0.6265583460529506,1,,0,shuffled,curriculum,1.256924564013597e-05,0.07096702023136728,507.8759048000211
31,movement,movement_0031,h7g5,100.0,100.0,0.0,1.0,0.5238714149875116,0.501187984223672,0.6730307234431446,1,,1,shuffled,curriculum,6.780628487691736e-06,0.07185433815748002,509.6838049000362
32,movement,movement_0032,f6b2,100.0,100.0,0.0,1.0,0.5476778442381359,0.47612858501248845,-0.4453119266277342,1,,1,shuffled,curriculum,1.2614641970162886e-05,0.06907650710213323,511.8104855000274
33,movement,movement_0033,b4b3,100.0,100.0,0.0,1.0,0.5702939520262291,0.4523221557618641,0.501187984223672,1,,1,shuffled,curriculum,7.622398652071263e-06,0.07190357959897795,513.9289540000027
34,movement,movement_0034,g3b3,100.0,100.0,0.0,1.0,0.5917792544249176,0.4297060479737709,0.4297060479737709,1,,1,shuffled,curriculum,9.179611341224864e-06,0.07227958148208857,515.8528995999368
35,movement,movement_0035,c7c6,100.0,100.0,0.0,1.0,0.6121902917036718,0.40822074557508237,0.4523221557618641,1,,1,shuffled,curriculum,9.648076941553878e-06,0.07257178304155605,518.2510841999901
36,movement,movement_0036,f2d1,100.0,-100.0,200.0,0.07576568547998053,0.5853690613924872,-0.5364246062236913,0.47612858501248845,1,,0,shuffled,curriculum,1.2282263124629834e-05,0.0739005016335049,519.8957443999825
37,movement,movement_0037,d5d1,100.0,-100.0,200.0,0.07576568547998053,0.5598888925968619,-0.5096033759125067,-0.4051443920706777,1,,0,shuffled,curriculum,1.4729614937417662e-05,0.07033674806310623,522.2452218999388
38,movement,movement_0038,d8d1,100.0,-100.0,200.0,0.07576568547998053,0.5356827322410178,-0.4841232071168814,0.898028149710281,1,,0,shuffled,curriculum,1.4262473847612273e-05,0.0756392842849529,524.3939882999985
39,movement,movement_0039,f3b3,100.0,100.0,0.0,1.0,0.5588985956289669,0.4643172677589822,-0.5364246062236913,1,,1,shuffled,curriculum,1.4272150084337673e-05,0.07163972622113537,526.6440765999723
40,movement,movement_0040,b3b2,100.0,100.0,0.0,1.0,0.5809536658475186,0.44110140437103307,0.4643172677589822,1,,1,shuffled,curriculum,1.5296853220468938e-05,0.07510361498528592,528.8301654999377
41,movement,movement_0041,g1f2,100.0,100.0,0.0,1.0,0.6019059825551427,0.4190463341524814,0.5306619256424213,1,,1,shuffled,curriculum,1.315912423640926e-05,0.07647122131328861,530.8936181999743
42,movement,movement_0042,a5d1,100.0,-100.0,200.0,0.07576568547998053,0.5755989677013845,-0.5261402970751622,0.44110140437103307,1,,0,shuffled,curriculum,1.1126646230500469e-05,0.07731949139154651,532.1453384000342
43,movement,movement_0043,b3d1,100.0,-100.0,200.0,0.07576568547998053,0.5506073035903143,-0.499833282221404,-0.499833282221404,1,,0,shuffled,curriculum,1.2627741148928963e-05,0.07443632311827178,534.3872270999709
44,movement,movement_0044,e2d1,100.0,100.0,0.0,1.0,0.5730769384107985,0.4493926964096857,-0.4841232071168814,1,,1,shuffled,curriculum,1.2715588609133283e-05,0.0721317745496392,536.4527554999804
45,movement,movement_0045,d4d1,100.0,100.0,0.0,1.0,0.5944230914902586,0.42692306158920146,0.5041288293603003,1,,1,shuffled,curriculum,8.054019314789917e-06,0.07495416378804147,538.594087800011
46,movement,movement_0046,e2b2,100.0,100.0,0.0,1.0,0.6147019369157457,0.4055769085097414,0.4055769085097414,1,,1,shuffled,curriculum,1.5695894760135282e-05,0.0765427848368439,540.7926731000189
47,movement,movement_0047,f3f2,100.0,100.0,0.0,1.0,0.6339668400699584,0.3852980630842543,0.6393791872709874,1,,1,shuffled,curriculum,1.367183233693718e-05,0.07806184811363846,543.027519700001
48,movement,movement_0048,a2d1,100.0,-100.0,200.0,0.07576568547998053,0.6060567823404595,-0.5582011545899779,0.42692306158920146,1,,0,shuffled,curriculum,1.624011180383248e-05,0.07935708213452954,544.5360196999973
49,movement,movement_0049,d5d1,100.0,-100.0,200.0,0.07576568547998053,0.5795422274974354,-0.5302910968604789,0.4190463341524814,1,,0,shuffled,curriculum,1.486303571989395e-05,0.08029932891720605,546.5977856999962
50,movement,movement_0050,h5e8,100.0,100.0,0.0,1.0,0.6005651161225637,0.42045777250256455,0.3852980630842543,1,,1,shuffled,curriculum,1.2598429438026741e-05,0.08080975331740829,548.7622536999406
51,movement,movement_0051,d8d1,100.0,100.0,0.0,1.0,0.6205368603164355,0.3994348838774363,-0.5096033759125067,1,,1,shuffled,curriculum,1.7413289000461543e-05,0.0758356202095623,550.8745392999845
52,movement,movement_0052,f2b2,100.0,100.0,0.0,1.0,0.6395100173006137,0.3794631396835645,-0.5302910968604789,1,,1,shuffled,curriculum,1.7077275682142932e-05,0.07210660173534396,553.07041819999
53,movement,movement_0053,a1b2,100.0,100.0,0.0,1.0,0.657534516435583,0.36048998269938626,0.4493926964096857,1,,1,shuffled,curriculum,1.2585156140204104e-05,0.07577809640242174,554.720011599944
54,movement,movement_0054,a2d1,100.0,-100.0,200.0,0.07576568547998053,0.6284460748878029,-0.5817688309556025,0.42045777250256455,1,,0,shuffled,curriculum,7.035923126572935e-06,0.07769077181265488,557.1583360999357
55,movement,movement_0055,d7d1,100.0,-100.0,200.0,0.07576568547998053,0.6008120554174118,-0.5526803894078224,-0.5261402970751622,1,,0,shuffled,curriculum,1.4460992257804079e-05,0.07522013945524475,559.5393244000152
56,movement,movement_0056,a5d1,100.0,-100.0,200.0,0.07576568547998053,0.5745597369205402,-0.5250463699374313,-0.3298348681075556,1,,0,shuffled,curriculum,1.2149346482777851e-05,0.0731866039075329,561.7082720999606
57,movement,movement_0057,g3b3,100.0,100.0,0.0,1.0,0.5958317500745132,0.4254402630794598,-0.5582011545899779,1,,1,shuffled,curriculum,9.122195683828196e-06,0.07031753008957325,563.7971009999746
58,movement,movement_0058,f5d1,100.0,-100.0,200.0,0.07576568547998053,0.5698284468447865,-0.5200660645945326,0.36048998269938626,1,,0,shuffled,curriculum,1.0885757743274973e-05,0.07138303657002239,565.9735937999794
59,movement,movement_0059,h2h3,100.0,100.0,0.0,1.0,0.5913370245025472,0.4301715531552135,0.4301715531552135,1,,1,shuffled,curriculum,7.810621898895237e-06,0.07362248689604396,568.1581421999726
60,movement,movement_0060,e3d1,100.0,-100.0,200.0,0.07576568547998053,0.5655584575514189,-0.5155713390225667,-0.5817688309556025,1,,0,shuffled,curriculum,1.9568749507751405e-05,0.06924726863635575,569.5360104000429
61,movement,movement_0061,e5c6,100.0,100.0,0.0,1.0,0.587280534673848,0.43444154244858113,-0.5155713390225667,1,,1,shuffled,curriculum,1.4911154131303024e-05,0.0666036992453433,571.675294799963
62,movement,movement_0062,c7d1,100.0,-100.0,200.0,0.07576568547998053,0.5617047922141546,-0.5115148491938675,-0.5250463699374313,1,,0,shuffled,curriculum,1.6189043481196136e-05,0.06292611406862904,573.9576636999846
63,movement,movement_0063,b4b3,100.0,100.0,0.0,1.0,0.5836195526034469,0.4382952077858454,-0.5115148491938675,1,,1,shuffled,curriculum,1.2686252683774288e-05,0.059678962101321786,576.0056285000173
64,movement,movement_0064,a6d1,100.0,-100.0,200.0,0.07576568547998053,0.5582268592472736,-0.5078538671234664,0.40822074557508237,1,,0,shuffled,curriculum,1.378377359298113e-05,0.06204011089019445,578.0321326999692
65,movement,movement_0065,f4d1,100.0,-100.0,200.0,0.07576568547998053,0.5341038005589088,-0.48246117376729303,0.43444154244858113,1,,0,shuffled,curriculum,1.7287683411762747e-05,0.06464839057071815,580.1466765999794
66,movement,movement_0066,h6h5,100.0,100.0,0.0,1.0,0.5573986105309634,0.4658961994410912,0.4658961994410912,1,,1,shuffled,curriculum,7.292522063674506e-06,0.06649862616018169,581.43308420002
67,movement,movement_0067,b7d1,100.0,-100.0,200.0,0.07576568547998053,0.5333169642784142,-0.4816329250509829,0.3994348838774363,1,,0,shuffled,curriculum,9.070360258776717e-06,0.06893593132273534,583.0921964000445
68,movement,movement_0068,g7b2,100.0,100.0,0.0,1.0,0.5566511160644936,0.46668303572158576,0.4382952077858454,1,,1,shuffled,curriculum,1.1419302504507312e-05,0.07165007654231362,585.2368049999932
69,movement,movement_0069,h8h3,100.0,100.0,0.0,1.0,0.5788185602612689,0.4433488839355064,0.4254402630794598,1,,1,shuffled,curriculum,7.686384244490611e-06,0.07295156562065738,587.8245479000034
70,movement,movement_0070,f7b3,100.0,100.0,0.0,1.0,0.5998776322482055,0.4211814397387311,0.3794631396835645,1,,1,shuffled,curriculum,1.058512283881731e-05,0.07423666371601274,590.323515499942
71,movement,movement_0071,a7d1,100.0,-100.0,200.0,0.07576568547998053,0.5736720349097941,-0.5241119467682249,-0.5526803894078224,1,,0,shuffled,curriculum,1.219173167311307e-05,0.07073024702727462,592.7326596999774
72,endgames,endgames_0000,h3b3,724.0,711.0,13.0,0.9350228757517102,0.5917395769518898,0.36135084084191604,0.36135084084191604,1,,0,shuffled,curriculum,1.3722946903239461e-05,0.07169237217292214,623.8442760000471
73,endgames,endgames_0001,e2d1,99994.0,99990.0,4.0,0.9800006666400011,0.6111526314362954,0.38826108968811124,-0.5078538671234664,1,10.0,0,shuffled,curriculum,7.723209866639218e-06,0.07088848267864575,624.9944119999418
74,endgames,endgames_0002,c4b3,607.0,598.0,9.0,0.9550075922125807,0.6283453794751096,0.3438549607762853,-0.5200660645945326,1,,0,shuffled,curriculum,9.758360975316128e-06,0.07048687392298093,626.1474576999899
75,endgames,endgames_0003,c8c2,99992.0,99992.0,0.0,1.0,0.6469281105013541,0.3716546205248904,0.4211814397387311,1,8.0,1,shuffled,curriculum,1.6327290962865158e-05,0.07195338603451798,627.3727589000482
76,endgames,endgames_0004,c3c2,572.0,570.0,2.0,0.9900000833325,0.6640817091429114,0.3430719728311459,0.3438549607762853,1,,0,shuffled,curriculum,6.814874877483443e-06,0.07246197556180425,628.4429373999592
77,endgames,endgames_0005,b6b3,412.0,409.0,3.0,0.985000281243672,0.6801276377479495,0.3209185721007606,0.3430719728311459,1,,0,shuffled,curriculum,9.267329127564755e-06,0.0730864417466608,629.4975117000286
78,endgames,endgames_0006,d8c7,617.0,617.0,0.0,1.0,0.6961212558605521,0.3198723622520505,0.46668303572158576,1,,1,shuffled,curriculum,9.804906931308295e-06,0.07458132140674033,630.5801046999404
79,endgames,endgames_0007,c6c2,439.0,380.0,59.0,0.7071209092806605,0.6966712385315574,0.010999653420108446,0.3716546205248904,1,,0,shuffled,curriculum,1.006794132146417e-05,0.07568127294204836,631.6225552000105
80,endgames,endgames_0008,a8a7,588.0,585.0,3.0,0.985000281243672,0.711087690667163,0.28832904271211457,0.3209185721007606,1,,0,shuffled,curriculum,9.130462368659047e-06,0.07580547727245271,632.6745315999724
81,endgames,endgames_0009,b4b3,396.0,394.0,2.0,0.9900000833325,0.72503331030043,0.27891239266533696,-0.48246117376729303,1,,0,shuffled,curriculum,1.2207979559414018e-05,0.07506919820369885,633.8630037000403
82,endgames,endgames_0010,f6g6,548.0,541.0,7.0,0.9650035724790387,0.7370318234093604,0.23997026217860873,0.010999653420108446,1,,0,shuffled,curriculum,1.873526232604176e-05,0.07510199483911494,635.1342428999487
83,endgames,endgames_0011,a6a1,649.0,646.0,3.0,0.985000281243672,0.7494302463010758,0.24796845783431165,0.24796845783431165,1,,0,shuffled,curriculum,1.162889951096349e-05,0.07580840513279721,636.2807739999844
84,endgames,endgames_0012,b1b2,450.0,399.0,51.0,0.7463728549512254,0.7492773767335832,-0.0030573913498503913,0.28832904271211457,1,,0,shuffled,curriculum,1.6492176464427323e-05,0.07686267989770032,637.3617472000187
85,endgames,endgames_0013,f3f2,674.0,661.0,13.0,0.9350228757517102,0.7585646516844895,0.18574549901812698,0.23997026217860873,1,,0,shuffled,curriculum,1.108713631723037e-05,0.0776239416007599,638.3908942999551
86,endgames,endgames_0014,c6c7,-3.0,-6.0,3.0,0.985000281243672,0.7698864331624486,0.2264356295591825,0.4433488839355064,1,,0,shuffled,curriculum,1.2925383190448101e-05,0.07914057810401764,639.4697999999626
87,endgames,endgames_0015,h4g5,85.0,77.0,8.0,0.9600053324801381,0.7793923781283331,0.19011889931768944,0.19011889931768944,1,,0,shuffled,curriculum,1.4721054709568807e-05,0.0792545884241729,640.5835026999703
88,endgames,endgames_0016,a3b3,621.0,612.0,9.0,0.9550075922125807,0.7881731388325454,0.17561521408424763,-0.5241119467682249,1,,0,shuffled,curriculum,1.3536437542634191e-05,0.07672409117055155,641.914160400047
89,endgames,endgames_0017,d8e8,430.0,412.0,18.0,0.9100607008327996,0.794267516932558,0.12188756200025419,0.38826108968811124,1,,0,shuffled,curriculum,4.992723362059932e-06,0.07764263813330263,643.1427092000376
90,endgames,endgames_0018,h8g7,648.0,648.0,0.0,1.0,0.8045541410859302,0.20573248306744196,0.27891239266533696,1,,1,shuffled,curriculum,1.5606743253065173e-05,0.07849721811659142,644.3211189999711
91,endgames,endgames_0019,f5a5,670.0,670.0,0.0,1.0,0.8143264340316336,0.19544585891406985,-0.4816329250509829,1,,1,shuffled,curriculum,1.2127523348128332e-05,0.07735028378798074,645.5500957999611
92,endgames,endgames_0020,a2a1,99993.0,99991.0,2.0,0.9900000833325,0.823110116496677,0.17567364930086637,-0.0030573913498503913,1,9.0,0,shuffled,curriculum,1.1076069608277322e-05,0.07732255611749114,646.7560155999381
93,endgames,endgames_0021,h7g6,162.0,162.0,0.0,1.0,0.8319546106718432,0.17688988350332302,0.3198723622520505,1,,1,shuffled,curriculum,9.181507126630685e-06,0.07785330897030701,647.8942163999891
94,endgames,endgames_0022,f5a5,3408.0,615.0,2793.0,-0.9999965554128465,0.7403570523676086,-1.8319511660846897,0.19544585891406985,1,,0,shuffled,curriculum,1.3154540279526179e-05,0.07838677574831718,649.1907662999583
95,endgames,endgames_0023,c2b3,467.0,407.0,60.0,0.7022299327533641,0.7384506963868964,-0.03812711961424453,0.17567364930086637,1,,0,shuffled,curriculum,7.875725485962922e-06,0.0786908153948449,650.4987594999839
96,endgames,endgames_0024,a7a8r,700.0,372.0,328.0,-0.3501397496772156,0.6840211740836908,-1.088590446064112,0.17688988350332302,1,,0,shuffled,curriculum,1.101608951964807e-05,0.07912266363425637,651.8316552999895
97,endgames,endgames_0025,e3b3,401.0,374.0,27.0,0.8652046582683968,0.6930803482929261,0.18118348418470598,0.12188756200025419,1,,0,shuffled,curriculum,1.8668458156831475e-05,0.07940085487367095,653.1031803999795
98,endgames,endgames_0026,h4g5,611.0,566.0,45.0,0.7759444378215202,0.6972235527693558,0.08286408952859414,-0.03812711961424453,1,,0,shuffled,curriculum,1.404244229840219e-05,0.07931034301806919,654.4287462999346
99,endgames,endgames_0027,c5c6,99997.0,99997.0,0.0,1.0,0.712362375130888,0.30277644723064423,-1.8319511660846897,1,3.0,1,shuffled,curriculum,6.9142238296909194e-06,0.07863921252214483,655.612895200029
100,endgames,endgames_0028,c7c6,577.0,577.0,0.0,1.0,0.7267442563743436,0.28763762486911204,0.18118348418470598,1,,1,shuffled,curriculum,7.904422762146468e-06,0.07886348484609253,656.8250066000037
101,endgames,endgames_0029,a3a4,-2.0,-7.0,5.0,0.9750013020019582,0.7391571086557244,0.24825704562761464,0.18574549901812698,1,,0,shuffled,curriculum,7.036679495193557e-06,0.07952751428268282,658.2032360000303
102,endgames,endgames_0030,a6a1,378.0,354.0,24.0,0.880143792941713,0.7462064428700237,0.1409866842859886,0.30277644723064423,1,,0,shuffled,curriculum,1.5435749205131155e-05,0.0803326993149301,659.4436825000448
103,endgames,endgames_0031,g3f2,81.0,79.0,2.0,0.9900000833325,0.7583961248931476,0.2437936404624763,0.2437936404624763,1,,0,shuffled,curriculum,1.1646499965281208e-05,0.08058052308015787,660.6551810000092
104,endgames,endgames_0032,e5e6,396.0,396.0,0.0,1.0,0.7704763186484902,0.24160387510685244,0.28763762486911204,1,,1,shuffled,curriculum,8.244928097182961e-06,0.08068874173385578,661.8310890999855
105,endgames,endgames_0033,c1b2,412.0,124.0,288.0,-0.23381860575413005,0.7202615724283591,-1.0042949244026202,-1.088590446064112,1,,0,shuffled,curriculum,1.767803318494907e-05,0.0763130726884537,662.9495158999925
106,endgames,endgames_0034,b8a7,640.0,587.0,53.0,0.7365399884180733,0.7210754932278447,0.016278415989714246,0.016278415989714246,1,,0,shuffled,curriculum,5.4845409631229055e-06,0.07629686428071328,664.048953199992
107,endgames,endgames_0035,b6b3,677.0,677.0,0.0,1.0,0.7350217185664525,0.2789245067721553,0.08286408952859414,1,,1,shuffled,curriculum,1.5622351190175777e-05,0.07649311536773154,665.1695925999666
108,endgames,endgames_0036,d2b2,627.0,559.0,68.0,0.6632379082583706,0.7314325280510483,-0.0717838103080819,-0.0717838103080819,1,,0,shuffled,curriculum,1.0022672151530169e-05,0.07625946133712522,666.4234886999475
109,endgames,endgames_0037,d4d1,435.0,420.0,15.0,0.9250351364858591,0.7411126584727888,0.1936026084348108,0.24160387510685244,1,,0,shuffled,curriculum,6.7541475658484914e-06,0.0764540989045888,667.6443684999831
110,endgames,endgames_0038,d2d1,496.0,49.0,447.0,-0.6133951562336359,0.6733872677374676,-1.354507814706425,0.17561521408424763,1,,0,shuffled,curriculum,1.4064075178159055e-05,0.07688209084534768,668.8043614999624
111,endgames,endgames_0039,a3a1,638.0,638.0,0.0,1.0,0.6897179043505942,0.3266127322625324,0.1409866842859886,1,,1,shuffled,curriculum,8.98729229026565e-06,0.07702731624589575,669.9057420999743
112,endgames,endgames_0040,c4c2,419.0,373.0,46.0,0.7710085816057777,0.6937824382133533,0.08129067725518346,0.2789245067721553,1,,0,shuffled,curriculum,1.638544425123086e-05,0.07764439253516452,671.094768299954
113,endgames,endgames_0041,g8g7,526.0,503.0,23.0,0.8851265721942415,0.7033496449123977,0.19134413398088823,-1.0042949244026202,1,,0,shuffled,curriculum,8.863500396933987e-06,0.07574021446229036,672.2399971999694
114,endgames,endgames_0042,h2g1,537.0,537.0,0.0,1.0,0.7181821626667778,0.2966503550876023,0.2966503550876023,1,,1,shuffled,curriculum,1.170079275956032e-05,0.07633371459316807,673.7077514999546
115,endgames,endgames_0043,g1a1,660.0,643.0,17.0,0.9150511401349036,0.7280256115401841,0.19686897746812582,-1.354507814706425,1,,0,shuffled,curriculum,1.0569777233052405e-05,0.07812217148222186,675.1909842999885
116,endgames,endgames_0044,c7c6,61.0,61.0,0.0,1.0,0.7416243309631749,0.2719743884598159,0.20573248306744196,1,,1,shuffled,curriculum,5.210998018954194e-06,0.07824668408267291,676.357017399976
117,endgames,endgames_0045,e6c6,365.0,-63.0,428.0,-0.578922441909961,0.6755969923195181,-1.320546772873136,0.2719743884598159,1,,0,shuffled,curriculum,7.408077607764572e-06,0.07829293329970977,677.5775109999813
118,endgames,endgames_0046,d3c2,0.0,0.0,0.0,1.0,0.6918171427035422,0.3244030076804819,0.2264356295591825,1,,1,shuffled,curriculum,9.889442697378467e-06,0.07885169490941159,678.8099005999975
119,endgames,endgames_0047,b2b3,660.0,647.0,13.0,0.9350228757517102,0.7039774293559505,0.24320573304816795,0.19686897746812582,1,,0,shuffled,curriculum,6.029643523558393e-06,0.07882641233256164,680.0019958999474
120,endgames,endgames_0048,a4a1,413.0,409.0,4.0,0.9800006666400011,0.7177785912201531,0.27602323728405054,0.08129067725518346,1,,0,shuffled,curriculum,1.3217570182892362e-05,0.07900603745481063,681.2115227000322
121,endgames,endgames_0049,f3f2,647.0,511.0,136.0,0.3450452103825893,0.6991419221782749,-0.3727333808375638,0.27602323728405054,1,,0,shuffled,curriculum,1.2124554444228154e-05,0.07957807341112917,682.5272026000312
122,endgames,endgames_0050,d4c5,99996.0,643.0,99353.0,-1.0,0.6141848260693611,-1.6991419221782749,-1.6991419221782749,1,,0,shuffled,curriculum,5.83749853602533e-06,0.08262349271865452,683.8082846000325
123,endgames,endgames_0051,g2b2,609.0,5.0,604.0,-0.8138781019410741,0.5427816796688393,-1.4280629280104353,0.3266127322625324,1,,0,shuffled,curriculum,1.1374619165271256e-05,0.08345446469927895,685.0605955999345
124,endgames,endgames_0052,e7e8,624.0,600.0,24.0,0.880143792941713,0.5596497853324829,0.3373621132728737,-1.4280629280104353,1,,0,shuffled,curriculum,8.59355472095146e-06,0.08242225108148674,686.4327342000324
125,endgames,endgames_0053,d5b3,99995.0,-9.0,100004.0,-1.0,0.48166729606585873,-1.5596497853324829,0.3373621132728737,1,,0,shuffled,curriculum,8.777987763947488e-06,0.08253143205687659,687.7093221000396
126,endgames,endgames_0054,f6c6,826.0,826.0,0.0,1.0,0.5075839312625657,0.5183327039341412,0.24320573304816795,1,,1,shuffled,curriculum,1.4301011024239792e-05,0.08297821479518276,689.0883922999492
127,endgames,endgames_0055,d5c6,635.0,616.0,19.0,0.9050713834937556,0.5274583038741252,0.39748745223118986,0.1936026084348108,1,,0,shuffled,curriculum,1.0534546651522545e-05,0.08289776498749292,690.4564232999692
128,endgames,endgames_0056,a6a5,578.0,578.0,0.0,1.0,0.5510853886804189,0.4725416961258748,0.24825704562761464,1,,1,shuffled,curriculum,1.8537982853089624e-05,0.08347669741695661,691.9549677999457
129,endgames,endgames_0057,d2d1,99997.0,99994.0,3.0,0.985000281243672,0.5727811333085815,0.4339148925632531,0.4339148925632531,1,6.0,0,shuffled,curriculum,1.2356023075479136e-05,0.0846025391394818,693.2769709000131
130,endgames,endgames_0058,e8d8,682.0,640.0,42.0,0.7907683617026989,0.5836804947282873,0.21798722839411744,0.5183327039341412,1,,0,shuffled,curriculum,1.6647212103629133e-05,0.08608370080850473,694.5112648999784
131,endgames,endgames_0059,e5e6,467.0,467.0,0.0,1.0,0.604496469991873,0.4163195052717127,0.3244030076804819,1,,1,shuffled,curriculum,9.351657552969178e-06,0.08605373573456293,695.8306236999342
132,endgames,endgames_0060,f7f6,689.0,689.0,0.0,1.0,0.6242716464922794,0.395503530008127,0.19134413398088823,1,,1,shuffled,curriculum,1.1813804544312835e-05,0.08655933169871534,697.1803454000037
133,endgames,endgames_0061,a4a5,99996.0,99994.0,2.0,0.9900000833325,0.6425580683342904,0.3657284368402206,0.395503530008127,1,6.0,0,shuffled,curriculum,7.6159795383354036e-06,0.08689262791321903,698.5467474999605
134,endgames,endgames_0062,c3b3,414.0,393.0,21.0,0.8950963625117251,0.6551849830431621,0.2525382941774347,0.21798722839411744,1,,0,shuffled,curriculum,1.5639326745954773e-05,0.0874952599792256,699.8766618999653
135,endgames,endgames_0063,c6c2,384.0,-24.0,408.0,-0.5397330718178008,0.5954390803001139,-1.1949180548609628,-0.3727333808375638,1,,0,shuffled,curriculum,1.0103317471556727e-05,0.08740499504205357,701.1888848999515
136,endgames,movement_0001,h7g5,100.0,100.0,0.0,1.0,0.6156671262851082,0.40456091969988606,-1.1949180548609628,1,,1,shuffled,replay,1.946135800931916e-05,0.08148342872894912,703.2725243000314
137,endgames,movement_0012,b2b3,100.0,100.0,0.0,1.0,0.6348837699708528,0.3843328737148918,0.40456091969988606,1,,1,shuffled,replay,9.268782259860426e-06,0.08399180328971884,705.2724806000479
138,endgames,movement_0014,h4f2,100.0,100.0,0.0,1.0,0.6531395814723102,0.36511623002914717,0.4725416961258748,1,,1,shuffled,replay,1.1978876541002512e-05,0.08636764728349548,707.8636585000204
139,endgames,movement_0016,c7d1,100.0,-100.0,200.0,0.07576568547998053,0.6242708866726937,-0.5773738959923297,0.4163195052717127,1,,0,shuffled,replay,1.8024085007202756e-05,0.08880916761788768,710.4126324999379
140,endgames,movement_0017,b5d1,100.0,-100.0,200.0,0.07576568547998053,0.5968456266130581,-0.5485052011927132,-0.5773738959923297,1,,0,shuffled,replay,1.4633373034250364e-05,0.08533771607505117,713.0171240000054
141,endgames,movement_0019,a4b2,100.0,100.0,0.0,1.0,0.6170033452824052,0.40315437338694193,0.39748745223118986,1,,1,shuffled,replay,9.98222777112424e-06,0.08730421897893165,715.2994337000418
142,endgames,movement_0020,f4d1,100.0,-100.0,200.0,0.07576568547998053,0.589941462292284,-0.5412376598024247,0.2525382941774347,1,,0,shuffled,replay,1.3949907995600882e-05,0.08822816928923997,718.058900999953
143,endgames,movement_0025,c8d1,100.0,-100.0,200.0,0.07576568547998053,0.5642326734516687,-0.5141757768123034,0.3843328737148918,1,,0,shuffled,replay,1.5721974457117212e-05,0.09017434508592738,720.4912893000292
144,endgames,movement_0034,g3b3,100.0,100.0,0.0,1.0,0.5860210397790853,0.4357673265483313,0.40315437338694193,1,,1,shuffled,replay,9.319991674317433e-06,0.09131975833635857,723.2871856000274
145,endgames,movement_0041,g1f2,100.0,100.0,0.0,1.0,0.606719987790131,0.41397896022091474,0.36511623002914717,1,,1,shuffled,replay,1.312683893802551e-05,0.09246366749008006,725.8707474999828
146,endgames,movement_0045,d4d1,100.0,100.0,0.0,1.0,0.6263839884006245,0.39328001220986897,0.4357673265483313,1,,1,shuffled,replay,9.286746596614603e-06,0.0935460161641608,728.530358399963
147,endgames,movement_0047,f3f2,100.0,100.0,0.0,1.0,0.6450647889805933,0.3736160115993755,0.39328001220986897,1,,1,shuffled,replay,1.4848396335157982e-05,0.09433506830212326,731.1551019999897
148,endgames,movement_0050,h5e8,100.0,100.0,0.0,1.0,0.6628115495315636,0.3549352110194067,0.3549352110194067,1,,1,shuffled,replay,1.2204786040620326e-05,0.09496648956816936,733.5823547999607
149,endgames,movement_0056,a5d1,100.0,-100.0,200.0,0.07576568547998053,0.6334592563289845,-0.5870458640515831,0.3736160115993755,1,,0,shuffled,replay,1.3141652653371666e-05,0.09555568192722035,736.281633400009
150,endgames,movement_0063,b4b3,100.0,100.0,0.0,1.0,0.6517862935125353,0.3665407436710155,0.3657284368402206,1,,1,shuffled,replay,1.4140484424226344e-05,0.09641230216251936,739.0365744000301
151,tactics,110,e8d7,-643.0,-934.0,291.0,-0.2430669854420222,0.6070436295648074,-0.8948532789545575,-1.5596497853324829,1,,0,shuffled,curriculum,6.146323899548348e-05,0.09633556593970154,800.2055459000403
152,tactics,113,h7h5,179.0,134.0,45.0,0.7759444378215202,0.6154886699776431,0.16890080825671283,-0.5141757768123034,1,,0,shuffled,curriculum,8.235937980171142e-05,0.09640871989350944,801.4018038000213
153,tactics,132,e8f7,378.0,349.0,29.0,0.8552535190728211,0.6274769124324019,0.23976484909517803,0.23976484909517803,1,,0,shuffled,curriculum,0.0001065670585358251,0.09634155302647052,802.6026506000198
154,tactics,151,g7h6,959.0,959.0,0.0,1.0,0.6461030668107818,0.3725230875675981,-0.5485052011927132,1,,1,shuffled,curriculum,7.89591762292975e-05,0.09602720447822705,803.8494729000377
155,tactics,154,f4g5,147.0,145.0,2.0,0.9900000833325,0.6632979176368677,0.3438970165217182,-0.5870458640515831,1,,0,shuffled,curriculum,5.499953722304555e-05,0.09561357078689517,805.033459899947
156,tactics,155,d8g5,-302.0,-1053.0,751.0,-0.908538439297027,0.584706099790173,-1.5718363569338947,-0.5412376598024247,1,,0,shuffled,curriculum,7.633381170443415e-05,0.09558486506984529,806.143382600043
157,tactics,164,a1b1,257.0,-329.0,586.0,-0.7972387002749974,0.5156088597869144,-1.3819448000651704,0.41397896022091474,1,,0,shuffled,curriculum,6.640761562353563e-05,0.09592052953040077,807.3784951999551
158,tactics,177,g5h5,840.0,730.0,110.0,0.46345763595679723,0.5130012985954086,-0.052151223830117166,0.3725230875675981,1,,0,shuffled,curriculum,6.788957466291006e-05,0.09632509404330965,808.4965736999875
159,tactics,1004,b6a5,649.0,-918.0,1567.0,-0.9984180566240071,0.4374303308344377,-1.5114193552194157,-0.052151223830117166,1,,0,shuffled,curriculum,7.971968106445231e-05,0.09630995276347847,809.516730900039
160,tactics,1006,g2g4,-20.0,-834.0,814.0,-0.9328374076527448,0.36891694391007857,-1.3702677384871826,0.3438970165217182,1,,0,shuffled,curriculum,9.254401136651026e-05,0.09662020418958824,810.5900940999854
161,tactics,1022,h6g5,-109.0,-109.0,0.0,1.0,0.4004710967145746,0.6310830560899214,-1.3702677384871826,1,,1,shuffled,curriculum,8.428909619520624e-05,0.09670050676104439,811.6525822000112
162,tactics,1046,b7b3,431.0,-1029.0,1460.0,-0.9972996690774687,0.3305825584249724,-1.3977707657920433,0.6310830560899214,1,,0,shuffled,curriculum,9.421485121643145e-05,0.09667268977294259,812.705538499984
163,tactics,1048,d4f2,0.0,-68.0,68.0,0.6632379082583706,0.34721532591664234,0.3326553498333982,-1.3977707657920433,1,,0,shuffled,curriculum,6.503081947059631e-05,0.09515025645020841,813.7163048000075
164,tactics,1065,g1f3,133.0,53.0,80.0,0.605249359550192,0.3601170275983198,0.25803403363354965,0.3665407436710155,1,,0,shuffled,curriculum,0.00010824814246114287,0.09553323216446695,814.9019809999736
165,tactics,1067,a1a3,-561.0,-689.0,128.0,0.3809861575747231,0.36116048409713997,0.020869129976403278,0.020869129976403278,1,,0,shuffled,curriculum,9.653513618396464e-05,0.09552328618419789,816.0847055000486
166,tactics,1068,f6g4,856.0,846.0,10.0,0.9500104140631587,0.39060298059544085,0.5888499299660187,-1.5114193552194157,1,,0,shuffled,curriculum,6.336391200412834e-05,0.09560748282374155,817.146191900014
167,tactics,1075,d1g4,1157.0,-778.0,1935.0,-0.9997486762154368,0.3210853977548969,-1.3903516568108776,0.5888499299660187,1,,0,shuffled,curriculum,9.570962598462954e-05,0.09617521145957611,818.3284931000089
168,tactics,1076,b8c6,106.0,106.0,0.0,1.0,0.355031127867152,0.6789146022451031,-1.3903516568108776,1,,1,shuffled,curriculum,7.020453131699006e-05,0.09699683526792635,819.5125846000155
169,tactics,1077,d8g5,-2.0,-107.0,105.0,0.4867352468185351,0.36161633381472114,0.13170411895138306,0.3326553498333982,1,,0,shuffled,curriculum,5.6545483852568615e-05,0.096964988255597,820.868499299977
170,tactics,1108,h7h8,945.0,900.0,45.0,0.7759444378215202,0.38233273901506104,0.4143281040067991,-0.8948532789545575,1,,0,shuffled,curriculum,7.998986760672447e-05,0.09551165693871405,822.0860737999901
171,tactics,1124,a2a1,158.0,-162.0,320.0,-0.3280735405356978,0.3468124250375231,-0.7104062795507589,-1.320546772873136,1,,0,shuffled,curriculum,8.927596566730587e-05,0.09504882327050576,823.3040967000416
172,tactics,1131,h6g5,193.0,193.0,0.0,1.0,0.3794718037856469,0.6531875749624769,0.4143281040067991,1,,1,shuffled,curriculum,7.083910560250782e-05,0.09488821295264337,824.4157568999799
173,tactics,1136,a1a3,105.0,-222.0,327.0,-0.3474137514377236,0.3431275260244783,-0.7268855552233704,0.6789146022451031,1,,0,shuffled,curriculum,7.847540930060788e-05,0.09497630717016886,825.4737985000247
174,tactics,1150,g1h3,-152.0,-196.0,44.0,0.7808830595711409,0.3650153027018115,0.4377555335466626,0.13170411895138306,1,,0,shuffled,curriculum,0.00010308026785205581,0.09506087241680088,826.6433536999393
175,tactics,1152,d4e5,-936.0,-1236.0,300.0,-0.2702979047745746,0.33324964232799215,-0.6353132074763861,-1.5718363569338947,1,,0,shuffled,curriculum,0.00010337711655993875,0.09501432432200792,827.9418723999988
176,tactics,1163,c1b2,758.0,758.0,0.0,1.0,0.3665871602115925,0.6667503576720079,-0.7104062795507589,1,,1,shuffled,curriculum,0.00012705299061492362,0.09472058398402085,829.3100794999627
177,tactics,1168,b6b3,20.0,-984.0,1004.0,-0.9737552274639352,0.2995700408278161,-1.3403423876755276,-1.3403423876755276,1,,0,shuffled,curriculum,5.8600001791778526e-05,0.09603944547319541,830.717160500004
178,tactics,1178,e8d8,-623.0,-623.0,0.0,1.0,0.3345915387864252,0.7004299591721839,0.4377555335466626,1,,1,shuffled,curriculum,4.596205821663803e-05,0.09622555887379765,832.072499300004
179,tactics,1191,h6g4,317.0,66.0,251.0,-0.11265673969880186,0.31222912486216386,-0.4472482784852271,-0.6353132074763861,1,,0,shuffled,curriculum,9.201357991304723e-05,0.09662465314076789,833.4469597999705
180,tactics,1196,h8h5,883.0,883.0,0.0,1.0,0.34661766861905563,0.6877708751378362,0.25803403363354965,1,,1,shuffled,curriculum,8.65418001770928e-05,0.09661837353539203,834.8313692000229
181,tactics,1204,c1b2,-21.0,-21.0,0.0,1.0,0.3792867851881028,0.6533823313809444,0.6533823313809444,1,,1,shuffled,curriculum,6.537202604527174e-05,0.09697382426724661,836.1371940999525
182,tactics,1209,c1h6,245.0,162.0,83.0,0.5908552924454774,0.38986521055097156,0.21156850725737458,0.7004299591721839,1,,0,shuffled,curriculum,7.577580083288893e-05,0.09766929157357551,837.3553344999673
183,tactics,1223,c1b2,87.0,-551.0,638.0,-0.8418248817961882,0.3282807059336136,-1.2316900923471596,0.21156850725737458,1,,0,shuffled,curriculum,0.00011189027042247275,0.09776175452156646,838.5445065000094
184,tactics,1242,h7g6,153.0,88.0,65.0,0.6778307807173616,0.34575820967280096,0.349550074783748,0.6667503576720079,1,,0,shuffled,curriculum,6.575869630008405e-05,0.09720427118677236,839.6314393000212
185,tactics,1253,e1f2,-300.0,-300.0,0.0,1.0,0.37847029918916086,0.6542417903271991,0.6542417903271991,1,,1,shuffled,curriculum,5.21748160869757e-05,0.09683944905240115,840.6541849999921
186,tactics,1257,f4g5,-134.0,-236.0,102.0,0.5007741021262828,0.38458548933601694,0.12230380293712195,0.6877708751378362,1,,0,shuffled,curriculum,9.619058519003726e-05,0.09699746536657654,841.6738812000258
187,tactics,1276,c8b7,32.0,28.0,4.0,0.9800006666400011,0.41435624820121614,0.5954151773039842,-0.4472482784852271,1,,0,shuffled,curriculum,5.4051315264143684e-05,0.0972372291457666,842.6926201999886
188,tactics,1284,b8c6,1010.0,647.0,363.0,-0.43986033748890896,0.3716454189167099,-0.8542165856901252,0.5954151773039842,1,,0,shuffled,curriculum,5.3135838281376245e-05,0.09667295946682264,843.7512279000366
189,tactics,1306,a7a5,847.0,382.0,465.0,-0.6437058890577472,0.320877853517987,-1.015351307974457,-1.2316900923471596,1,,0,shuffled,curriculum,9.102398871626126e-05,0.0970058777988124,844.8220713000046
190,tactics,1309,b8c6,770.0,-319.0,1089.0,-0.9828028943203866,0.2556938161260683,-1.3036807478383736,-1.3819448000651704,1,,0,shuffled,curriculum,7.221378351890998e-05,0.09674682413237577,846.0377848999342
191,tactics,1310,e8d8,995.0,17.0,978.0,-0.9701389079886091,0.1944021799203344,-1.2258327241146774,-0.7268855552233704,1,,0,shuffled,curriculum,7.42873270047532e-05,0.09687492913439372,847.0587257000152
192,tactics,1317,e8d8,-90.0,-595.0,505.0,-0.7035037392373473,0.14950688396245032,-0.8979059191576817,0.12230380293712195,1,,0,shuffled,curriculum,4.228298785383005e-05,0.09681958451854913,847.8786766999401
193,tactics,1335,e5d4,950.0,716.0,234.0,-0.05258006290742179,0.1394025366189567,-0.2020869468698721,-1.2258327241146774,1,,0,shuffled,curriculum,7.987255871919782e-05,0.09618841645699291,848.8117841000203
194,tactics,1339,c8d7,143.0,-244.0,387.0,-0.4952072487172652,0.10767204735214563,-0.6346097853362219,-0.2020869468698721,1,,0,shuffled,curriculum,6.038224734364e-05,0.09630678003665726,849.7292938999599
195,tactics,1354,h6g5,712.0,712.0,0.0,1.0,0.15228844498453836,0.8923279526478544,0.16890080825671283,1,,1,shuffled,curriculum,8.900584198065347e-05,0.09619313813724413,850.832813099958
196,tactics,1362,e5g4,-159.0,-189.0,30.0,0.8502806186250018,0.18718805366656152,0.6979921736404635,0.6531875749624769,1,,0,shuffled,curriculum,6.152340979242719e-05,0.09670956288376055,851.9449838999426
197,tactics,1394,e3c1,653.0,-989.0,1642.0,-0.9989126127979542,0.12788302034333573,-1.1861006664645157,0.6979921736404635,1,,0,shuffled,curriculum,8.718708564349806e-05,0.09722479313216224,853.069664199953
198,tactics,1396,f6h5,111.0,-56.0,167.0,0.21035554241647092,0.13200664644699248,0.08247252207313518,0.8923279526478544,1,,0,shuffled,curriculum,5.257604227487748e-05,0.09664620050426076,854.2885635000421
199,tactics,1401,g7g6,775.0,53.0,722.0,-0.8946427214988664,0.08067417804969952,-1.0266493679458588,-1.3036807478383736,1,,0,shuffled,curriculum,4.7971372231705446e-05,0.09699122479735818,855.3457381000044
200,tactics,1412,a3b2,120.0,-18.0,138.0,0.3361322929927191,0.09344708379685049,0.25545811494301957,-1.1861006664645157,1,,0,shuffled,curriculum,7.694184223206826e-05,0.09714508914716434,856.4328823999967
201,tactics,1418,b2b3,179.0,-294.0,473.0,-0.6564765831950936,0.055950900447253274,-0.7499236669919441,-0.8979059191576817,1,,0,shuffled,curriculum,7.233493681585441e-05,0.09671012776247667,857.5234039999777
202,tactics,1427,h5g4,728.0,728.0,0.0,1.0,0.10315335542489061,0.9440490995527467,0.25545811494301957,1,,1,shuffled,curriculum,4.1046818753208264e-05,0.09682121053059038,858.5361272000009
203,tactics,1428,g6h5,650.0,650.0,0.0,1.0,0.14799568765364607,0.8968466445751094,0.8968466445751094,1,,1,shuffled,curriculum,8.178999306799916e-05,0.09633173887697634,859.810723499977
204,tactics,1429,h4g5,691.0,691.0,0.0,1.0,0.19059590327096376,0.8520043123463539,-0.6346097853362219,1,,1,shuffled,curriculum,6.348109678378963e-05,0.09558544625493931,860.9069628999569
205,tactics,1433,f6g4,-105.0,-117.0,12.0,0.9400179935223597,0.22806700778353353,0.749422090251396,0.08247252207313518,1,,0,shuffled,curriculum,4.039039569017027e-05,0.0955570882069608,862.0486876999494
206,tactics,1436,h2h4,9.0,-920.0,929.0,-0.9619277378932469,0.1685672704996945,-1.1899947456767805,-1.0266493679458588,1,,0,shuffled,curriculum,8.754351099665846e-05,0.095564783894069,863.1481199000264
207,tactics,1437,c1g5,235.0,235.0,0.0,1.0,0.21013890697470977,0.8314327295003054,0.8520043123463539,1,,1,shuffled,curriculum,8.255886643362701e-05,0.09658838853843893,864.2251012999332
208,tactics,1438,h6g5,262.0,-502.0,764.0,-0.9141708411295859,0.15392341956949496,-1.1243097481042956,0.8314327295003054,1,,0,shuffled,curriculum,7.13204533850429e-05,0.09590237357623742,865.2822418999858
209,tactics,1450,g6g5,-479.0,-932.0,453.0,-0.6237462968327687,0.11503993374938178,-0.7776697164022637,-0.8542165856901252,1,,0,shuffled,curriculum,6.19441967343823e-05,0.09615177979878936,866.376049399958
210,tactics,1459,c8g4,10.0,-1057.0,1067.0,-0.9808128399377267,0.060247295065026345,-1.0958527736871084,-0.7499236669919441,1,,0,shuffled,curriculum,6.617180794504744e-05,0.09685340586779347,867.4493435999611
211,tactics,1465,c8d7,863.0,738.0,125.0,0.394580541335783,0.07696395737856418,0.33433324627075667,-1.1243097481042956,1,,0,shuffled,curriculum,6.316374000213043e-05,0.0980797289347799,868.5236485999776
212,tactics,1471,b6c5,-187.0,-392.0,205.0,0.05621842429140622,0.07592668072420627,-0.020745533087157958,-1.1899947456767805,1,,0,shuffled,curriculum,8.32678965397092e-05,0.09931661409426103,869.6843353000004
213,tactics,1493,h7h5,253.0,10.0,243.0,-0.08472978222326732,0.0678938575768326,-0.1606564629474736,0.749422090251396,1,,0,shuffled,curriculum,8.402817232713077e-05,0.0988750588528592,870.8051988999359
214,tactics,1496,d5e4,823.0,133.0,690.0,-0.8769245625714079,0.02065293656942057,-0.9448184201482406,0.349550074783748,1,,0,shuffled,curriculum,7.125754679160906e-05,0.09874847127534066,871.8740428000456
215,tactics,1503,e3e4,715.0,514.0,201.0,0.07183799263347301,0.02321218937262319,0.051185056064052444,-0.7776697164022637,1,,0,shuffled,curriculum,6.819744523602411e-05,0.09837055787181415,872.9376237000106
216,tactics,1507,g4f6,-168.0,-168.0,0.0,1.0,0.07205157990399202,0.9767878106273769,0.9767878106273769,1,,1,shuffled,curriculum,6.524712623653988e-05,0.09827117857461616,873.9645021000179
217,tactics,1515,h4g5,67.0,67.0,0.0,1.0,0.11844900090879243,0.927948420096008,-0.1606564629474736,1,,1,shuffled,curriculum,5.1618808444183207e-05,0.09815378184731742,875.0506604999537
218,tactics,1516,g4f5,-122.0,-122.0,0.0,1.0,0.16252655086335283,0.8815509990912076,0.927948420096008,1,,1,shuffled,curriculum,8.588642253184295e-05,0.09798062625328831,876.1963254000293
219,tactics,1547,a2a3,-679.0,-1197.0,518.0,-0.7208608684936797,0.11835717989550121,-0.8833874193570326,0.33433324627075667,1,,0,shuffled,curriculum,9.808555798343408e-05,0.09796747907355169,877.3524280999554
220,tactics,1548,b5c6,1088.0,665.0,423.0,-0.5694102944192934,0.08396880617976148,-0.6877674743147946,-0.8833874193570326,1,,0,shuffled,curriculum,8.627386747790886e-05,0.09772711596766026,878.4179274999769
221,tactics,1574,g5g6,99999.0,99999.0,0.0,1.0,0.1297703658707734,0.9160311938202386,-1.015351307974457,1,,1,shuffled,curriculum,0.00013389714037691092,0.09725212980159209,879.4822738999501
222,tactics,1576,e8g6,-544.0,-1190.0,646.0,-0.8477910117160317,0.08089229699143313,-0.9775613775868051,-0.020745533087157958,1,,0,shuffled,curriculum,0.00013789726352616286,0.09724676709326689,880.5427687000483
223,tactics,1605,e3g5,223.0,-433.0,656.0,-0.8549451345014065,0.03410042541679114,-0.9358374314928397,-0.9448184201482406,1,,0,shuffled,curriculum,0.0001181870670485924,0.09760825611720386,881.5857128000353
224,tactics,1608,b1b3,-32.0,-32.0,0.0,1.0,0.08239540414595159,0.9658995745832089,-0.9358374314928397,1,,1,shuffled,curriculum,7.255620618801507e-05,0.09752560264755616,882.6401059000054
225,tactics,1622,e4e5,600.0,-639.0,1239.0,-0.9918581932563142,0.028682724275838303,-1.0742535974022658,-1.0958527736871084,1,,0,shuffled,curriculum,6.850479991087396e-05,0.09666392880061561,883.7238897000207
226,tactics,1623,e4c6,664.0,-799.0,1463.0,-0.9973398450309887,-0.022618404189503054,-1.026022569306827,0.9440490995527467,1,,0,shuffled,curriculum,6.575208377375226e-05,0.0974560069299868,884.8478201000253
227,tactics,1639,h6g5,890.0,890.0,0.0,1.0,0.028512516019972102,1.022618404189503,0.9658995745832089,1,,1,shuffled,curriculum,4.3662521781239495e-05,0.09789768736848363,885.955321699963
228,tactics,1645,h6f5,194.0,11.0,183.0,0.1439110928907934,0.034282444863513166,0.1153985768708213,0.9160311938202386,1,,0,shuffled,curriculum,6.58408042729599e-05,0.0973194553710174,887.0931280000368
229,tactics,1646,f2e4,901.0,531.0,370.0,-0.4565084119636229,0.009742902022156361,-0.4907908568271361,-0.9775613775868051,1,,0,shuffled,curriculum,4.566887930098123e-05,0.09760057898181898,888.2722201000433
230,tactics,1661,f3h5,858.0,574.0,284.0,-0.2213536656336883,-0.001811926360635872,-0.23109656765584466,-0.4907908568271361,1,,0,shuffled,curriculum,0.00010128092509546831,0.09719453405545053,889.3771921000443
231,tactics,1668,e5g6,359.0,359.0,0.0,1.0,0.04827866995739592,1.0018119263606358,0.051185056064052444,1,,1,shuffled,curriculum,8.24127030766206e-05,0.09714056489652188,890.4520499999635
232,tactics,1669,b8c6,577.0,209.0,368.0,-0.4517948296981613,0.023274994974618053,-0.5000734996555573,0.1153985768708213,1,,0,shuffled,curriculum,6.081464332501109e-05,0.09697442123634611,891.7035002999473
233,tactics,1677,c1d2,-5.0,-5.0,0.0,1.0,0.07211124522588716,0.976725005025382,-0.5000734996555573,1,,1,shuffled,curriculum,0.00011411923245482492,0.09684368678777815,892.8277069999604
234,tactics,1685,c6a5,81.0,63.0,18.0,0.9100607008327996,0.11400871800623277,0.8379494556069124,1.0018119263606358,1,,0,shuffled,curriculum,6.12579109782473e-05,0.09752887538933645,893.8746005999856
235,tactics,1689,f7e8,-54.0,-746.0,692.0,-0.8781118669414234,0.06440268875884995,-0.9921205849476562,-1.026022569306827,1,,0,shuffled,curriculum,6.270805391982039e-05,0.09724688209197196,894.7832331999671
236,tactics,1699,g7g5,-419.0,-498.0,79.0,0.6100569366919357,0.09168540115550425,0.5456542479330858,-0.23109656765584466,1,,0,shuffled,curriculum,5.288432208321205e-05,0.09726901596386475,895.8562038999517
237,tactics,1711,f3f5,179.0,79.0,100.0,0.5101626751925817,0.11260926485735812,0.41847727403707746,-1.0742535974022658,1,,0,shuffled,curriculum,7.339154583705138e-05,0.09806841185047972,896.9613199000014
238,tactics,1712,c1d2,200.0,171.0,29.0,0.8552535190728211,0.14974147756813128,0.742644254215463,0.8815509990912076,1,,0,shuffled,curriculum,5.93787755115511e-05,0.0977236935095878,898.0770407000091
239,tactics,1713,c2b3,-28.0,-143.0,115.0,0.44033561304906343,0.16427118434217786,0.29059413548093216,0.742644254215463,1,,0,shuffled,curriculum,8.305014332293731e-05,0.09743309280379983,899.2755573999602
240,tactics,1716,e5d4,832.0,832.0,0.0,1.0,0.20605762512506898,0.8357288156578222,0.41847727403707746,1,,1,shuffled,curriculum,5.1170866085584645e-05,0.09731829033163343,900.4480552000459
241,tactics,1718,c1a3,448.0,-847.0,1295.0,-0.9938434944972945,0.1460625691439508,-1.1999011196223635,0.8357288156578222,1,,0,shuffled,curriculum,9.267655114304711e-05,0.09728468223009885,901.5581438000081
242,tactics,1729,b4a5,-537.0,-1143.0,606.0,-0.8156446918508813,0.09797720609420918,-0.9617072609948321,-0.9921205849476562,1,,0,shuffled,curriculum,7.448406714410744e-05,0.0974539227826835,902.7670195000246
243,tactics,1730,f6e4,35.0,-535.0,570.0,-0.7812747311362369,0.05401460923268686,-0.8792519372304461,-1.1999011196223635,1,,0,shuffled,curriculum,6.824901106258293e-05,0.09806888384189019,903.8149835999357
244,tactics,1734,a2a3,-784.0,-879.0,95.0,0.5337339819147229,0.07800057786678866,0.479719372682036,1.022618404189503,1,,0,shuffled,curriculum,8.224962775646918e-05,0.09884428288062921,904.8425487000495
245,tactics,1747,f5g6,879.0,473.0,406.0,-0.5356443117240206,0.047318333387248196,-0.6136448895908093,-0.6136448895908093,1,,0,shuffled,curriculum,9.596395192717976e-05,0.09872781917617983,905.9756101999665
246,tactics,1758,c8e6,1096.0,-406.0,1502.0,-0.9978108743689398,-0.004938127000561211,-1.045129207756188,0.8379494556069124,1,,0,shuffled,curriculum,5.960269090342604e-05,0.09803764581394098,907.0569894999499
247,tactics,1769,e5d7,-297.0,-297.0,0.0,1.0,0.04530877934946685,1.0049381270005613,0.479719372682036,1,,1,shuffled,curriculum,7.708614461788729e-05,0.09815648151162569,908.350344000035
248,tactics,1772,e8d7,-152.0,-930.0,778.0,-0.9198571638654813,-0.0029495178112805623,-0.9651659432149482,-0.9651659432149482,1,,0,shuffled,curriculum,8.5313016974476e-05,0.09841984209468778,909.5373491999926
249,tactics,1782,h2h4,-41.0,-1095.0,1054.0,-0.979530843079834,-0.051778584074708235,-0.9765813252685533,-0.6877674743147946,1,,0,shuffled,curriculum,5.3518745758049686e-05,0.09857545828183926,910.5798479999648
250,tactics,1801,d4c2,809.0,700.0,109.0,0.4681008932781573,-0.025784610207064955,0.5198794773528655,0.29059413548093216,1,,0,shuffled,curriculum,8.205056015136422e-05,0.09856914832888625,911.669744499959
251,tactics,endgames_0001,e2d1,99994.0,99990.0,4.0,0.9800006666400011,0.02450465363528835,1.005785276847066,1.0049381270005613,1,10.0,0,shuffled,replay,7.462485113239178e-06,0.10072584784127969,912.7328314000042
252,tactics,endgames_0006,d8c7,617.0,617.0,0.0,1.0,0.07327942095352394,0.9754953463647117,0.5198794773528655,1,,1,shuffled,replay,9.815605943349157e-06,0.1019359639342051,913.8434489000356
253,tactics,endgames_0010,f6g6,548.0,541.0,7.0,0.9650035724790387,0.11786562852979968,0.8917241515255148,0.976725005025382,1,,0,shuffled,replay,1.8642276087712187e-05,0.10440807648508603,915.0611376999877
254,tactics,endgames_0016,a3b3,621.0,612.0,9.0,0.9550075922125807,0.15972272671393872,0.837141963682781,0.5456542479330858,1,,0,shuffled,replay,1.3136374956854127e-05,0.10534645094308691,916.2065433999524
255,tactics,endgames_0017,d8e8,430.0,412.0,18.0,0.9100607008327996,0.19723962541988177,0.7503379741188608,0.9754953463647117,1,,0,shuffled,replay,5.044261042103865e-06,0.10638159651556871,917.2768049000297
256,tactics,endgames_0020,a2a1,99993.0,99991.0,2.0,0.9900000833325,0.23687764831551267,0.7927604579126182,0.837141963682781,1,9.0,0,shuffled,replay,1.1253010146985053e-05,0.10755564880582315,918.4234603999648
257,tactics,endgames_0026,h4g5,611.0,566.0,45.0,0.7759444378215202,0.26383098779081304,0.5390667895060075,-0.9765813252685533,1,,0,shuffled,replay,1.4256890512862246e-05,0.10622126104788503,919.6395814999705
258,tactics,endgames_0029,a3a4,-2.0,-7.0,5.0,0.9750013020019582,0.2993895035013703,0.7111703142111452,-0.8792519372304461,1,,0,shuffled,replay,7.785289490712532e-06,0.10336631998007106,920.7090310000349
259,tactics,endgames_0031,g3f2,81.0,79.0,2.0,0.9900000833325,0.3339200324929268,0.6906105798311297,-1.045129207756188,1,,0,shuffled,replay,1.20805395953665e-05,0.10270073379837738,921.7290787999518
260,tactics,endgames_0033,c1b2,412.0,124.0,288.0,-0.23381860575413005,0.3055331005805739,-0.5677386382470568,0.7927604579126182,1,,0,shuffled,replay,1.6349362238530928e-05,0.10520463616899976,922.9064025999978
261,tactics,endgames_0037,d4d1,435.0,420.0,15.0,0.9250351364858591,0.3365082023758382,0.6195020359052852,-0.9617072609948321,1,,0,shuffled,replay,7.3638466738384795e-06,0.10488776213172528,924.0896594999358
262,tactics,endgames_0055,d5c6,635.0,616.0,19.0,0.9050713834937556,0.364936361431734,0.5685631811179175,0.7503379741188608,1,,0,shuffled,replay,1.1109397360098686e-05,0.10524216795805243,925.13568019995
263,tactics,endgames_0059,e5e6,467.0,467.0,0.0,1.0,0.3966895433601473,0.635063638568266,0.6195020359052852,1,,1,shuffled,replay,1.0211460873886026e-05,0.10557259798421631,926.2056075000437
264,tactics,movement_0003,b4b3,100.0,100.0,0.0,1.0,0.42685506619213986,0.6033104566398527,0.8917241515255148,1,,1,shuffled,replay,1.3709310932351029e-05,0.10920953105447376,928.278557099984
265,tactics,movement_0015,h7d1,100.0,-100.0,200.0,0.07576568547998053,0.4093005971565319,-0.35108938071215934,0.7111703142111452,1,,0,shuffled,replay,1.5097850572592558e-05,0.1114219294807841,930.3571674999548
266,tactics,movement_0017,b5d1,100.0,-100.0,200.0,0.07576568547998053,0.3926238515727043,-0.33353491167655136,-0.35108938071215934,1,,0,shuffled,replay,1.6027992268195457e-05,0.10940142933895497,932.425813699956
267,tactics,movement_0019,a4b2,100.0,100.0,0.0,1.0,0.42299265899406907,0.6073761484272957,-0.5677386382470568,1,,1,shuffled,replay,1.1162283654411202e-05,0.10690700959492154,934.082535799942
268,tactics,movement_0020,f4d1,100.0,-100.0,200.0,0.07576568547998053,0.40563131031836464,-0.34722697351408854,0.6906105798311297,1,,0,shuffled,replay,1.4702636839679928e-05,0.10964593078822328,936.1770160000306
269,tactics,movement_0021,h1h3,100.0,100.0,0.0,1.0,0.43534974480244637,0.5943686896816354,0.5685631811179175,1,,1,shuffled,replay,9.372316067709697e-06,0.11114995875299423,938.6061447999673
270,tactics,movement_0029,c1b2,100.0,100.0,0.0,1.0,0.463582257562324,0.5646502551975536,0.5943686896816354,1,,1,shuffled,replay,2.2853464779932873e-05,0.11324545982772027,941.2622829000466
271,tactics,movement_0031,h7g5,100.0,100.0,0.0,1.0,0.49040314468420776,0.5364177424376759,0.5364177424376759,1,,1,shuffled,replay,8.135533021427784e-06,0.11402395769046603,944.005526999943
272,tactics,movement_0041,g1f2,100.0,100.0,0.0,1.0,0.5158829874499974,0.5095968553157922,0.635063638568266,1,,1,shuffled,replay,1.4013295837969168e-05,0.11522249719046951,946.7562921999488
273,tactics,movement_0045,d4d1,100.0,100.0,0.0,1.0,0.5400888380774975,0.4841170125500026,0.5095968553157922,1,,1,shuffled,replay,1.0066978740533066e-05,0.11582063963982298,948.8979729999555
274,tactics,movement_0053,a1b2,100.0,100.0,0.0,1.0,0.5630843961736227,0.4599111619225025,0.4599111619225025,1,,1,shuffled,replay,1.4027127113471573e-05,0.11662590921897661,950.5888405999867
275,tactics,movement_0055,d7d1,100.0,-100.0,200.0,0.07576568547998053,0.5387184606389406,-0.4873187106936422,0.6033104566398527,1,,0,shuffled,replay,1.5895563585492012e-05,0.11721290018946491,952.754480100004
276,tactics,movement_0059,h2h3,100.0,100.0,0.0,1.0,0.5617825376069936,0.4612815393610594,0.6073761484272957,1,,1,shuffled,replay,9.671136637131498e-06,0.11788641212112054,955.1151190999663
277,tactics,movement_0063,b4b3,100.0,100.0,0.0,1.0,0.5836934107266439,0.4382174623930064,0.4612815393610594,1,,1,shuffled,replay,1.5068285378955241e-05,0.11877578747752099,957.2982223000145
278,tactics,movement_0071,a7d1,100.0,-100.0,200.0,0.07576568547998053,0.5582970244643107,-0.5079277252466634,0.4841170125500026,1,,0,shuffled,replay,1.3623840277885026e-05,0.11920851278785799,959.5347788999788
279,mates,154,f4g5,147.0,145.0,2.0,0.9900000833325,0.5798821774077202,0.43170305886818927,0.5390667895060075,1,,0,shuffled,replay,4.4842134382583764e-05,0.11891111518011939,1023.8719379999675
280,mates,1048,d4f2,0.0,-68.0,68.0,0.6632379082583706,0.5840499639502528,0.0833557308506504,0.4382174623930064,1,,0,shuffled,replay,5.615811502222814e-05,0.11881843726501894,1024.8587731999578
281,mates,1163,c1b2,758.0,758.0,0.0,1.0,0.6048474657527402,0.41595003604974723,-0.4873187106936422,1,,1,shuffled,replay,0.00012763535545212427,0.1184236808134467,1025.8961235999595
282,mates,1204,c1b2,-21.0,-21.0,0.0,1.0,0.6246050924651032,0.3951525342472598,0.3951525342472598,1,,1,shuffled,replay,7.063703015711165e-05,0.11874948737108766,1026.9455053999554
283,mates,1223,c1b2,87.0,-551.0,638.0,-0.8418248817961882,0.5512835937520386,-1.4664299742612914,0.41595003604974723,1,,0,shuffled,replay,0.00011482270748367534,0.11890026400071788,1027.9779857000103
284,mates,1242,h7g6,153.0,88.0,65.0,0.6778307807173616,0.5576109531003047,0.12654718696532297,0.5646502551975536,1,,0,shuffled,replay,7.026128567902264e-05,0.118561672916848,1028.9915531999432
285,mates,1257,f4g5,-134.0,-236.0,102.0,0.5007741021262828,0.5547691105516036,-0.05683685097402191,-0.33353491167655136,1,,0,shuffled,replay,9.944155758919152e-05,0.11836116303767738,1030.1539215999655
286,mates,1276,c8b7,32.0,28.0,4.0,0.9800006666400011,0.5760306883560234,0.42523155608839747,1.005785276847066,1,,0,shuffled,replay,5.4409684768067675e-05,0.11794511445360804,1031.2736714000348
287,mates,1437,c1g5,235.0,235.0,0.0,1.0,0.5972291539382223,0.42396931164397655,0.43170305886818927,1,,1,shuffled,replay,9.217090512295134e-05,0.11845357267349982,1032.3657625999767
288,mates,1503,e3e4,715.0,514.0,201.0,0.07183799263347301,0.5709595958729847,-0.5253911613047493,-1.4664299742612914,1,,0,shuffled,replay,6.761923220875632e-05,0.11765557702516573,1033.401296199998
289,mates,1507,g4f6,-168.0,-168.0,0.0,1.0,0.5924116160793355,0.4290404041270153,0.0833557308506504,1,,1,shuffled,replay,7.02199506396603e-05,0.11766124611635487,1034.508789399988
290,mates,1574,g5g6,99999.0,99999.0,0.0,1.0,0.6127910352753687,0.40758838392066454,0.42396931164397655,1,,1,shuffled,replay,0.00013574393146110927,0.1178483561106618,1035.6993418999482
291,mates,1645,h6f5,194.0,11.0,183.0,0.1439110928907934,0.58934703815614,-0.4688799423845753,0.4290404041270153,1,,0,shuffled,replay,7.843174627231893e-05,0.11785432036963632,1036.7024452999467
292,mates,1669,b8c6,577.0,209.0,368.0,-0.4517948296981613,0.5372899447634248,-1.0411418678543014,0.40758838392066454,1,,0,shuffled,replay,6.270942660613411e-05,0.11749937587177021,1037.9250964999665
293,mates,1685,c6a5,81.0,63.0,18.0,0.9100607008327996,0.5559284825668935,0.3727707560693747,0.3727707560693747,1,,0,shuffled,replay,6.88690975130823e-05,0.11779004268473672,1039.0768444000278
294,mates,1712,c1d2,200.0,171.0,29.0,0.8552535190728211,0.5708947343921899,0.29932503650592757,0.12654718696532297,1,,0,shuffled,replay,6.889956170764732e-05,0.1178604230202314,1040.2380109999795
295,mates,1758,c8e6,1096.0,-406.0,1502.0,-0.9978108743689398,0.4924594539541333,-1.5687056087611295,-0.4688799423845753,1,,0,shuffled,replay,6.983669242503319e-05,0.11775753472573093,1041.3732763000298
296,mates,1086,e4d5,99999.0,-806.0,100805.0,-1.0,0.41783648125642664,-1.4924594539541334,-0.5079277252466634,1,,0,shuffled,curriculum,9.582538031785614e-05,0.11758850584152941,1042.4603317000438
297,mates,1093,g6h6,-698.0,-99998.0,99300.0,-1.0,0.3469446571936053,-1.4178364812564266,-1.0411418678543014,1,-2.0,0,shuffled,curriculum,6.403831066567645e-05,0.1187474354208803,1043.4373886999674
298,mates,1119,a3d6,-33.0,-33.0,0.0,1.0,0.379597424333925,0.6530553428063948,0.42523155608839747,1,,1,shuffled,curriculum,5.992386434050367e-05,0.11877599509804641,1044.5847217999399
299,mates,1122,e5d4,347.0,144.0,203.0,0.06400993391372134,0.3638180498129148,-0.3155874904202037,-0.34722697351408854,1,,0,shuffled,curriculum,6.34921121894062e-05,0.11854746373144352,1045.9692696999991
300,mates,1123,e4f5,748.0,748.0,0.0,1.0,0.39562714732226906,0.6361819501870851,0.29932503650592757,1,,1,shuffled,curriculum,8.780560802107076e-05,0.11894255918726325,1047.1114234999986
301,mates,1227,d8g5,613.0,613.0,0.0,1.0,0.4258457899561556,0.604372852677731,-0.05683685097402191,1,,1,shuffled,curriculum,9.583236586781704e-05,0.1189570998491454,1048.3211550000124
302,mates,1269,h7h6,796.0,-99999.0,100795.0,-1.0,0.35455350045834777,-1.4258457899561556,-0.3155874904202037,1,-1.0,0,shuffled,curriculum,6.070814353675034e-05,0.11911372138676533,1049.4686511999462
303,mates,1298,f3f6,99998.0,-801.0,100799.0,-1.0,0.2868258254354304,-1.3545535004583478,-1.4178364812564266,1,,0,shuffled,curriculum,7.628513304781577e-05,0.11944414556495025,1050.5617663000012
304,mates,1298_pv1,c1b2,99999.0,12.0,99987.0,-1.0,0.22248453416365888,-1.2868258254354303,-1.3545535004583478,1,,0,shuffled,curriculum,0.00013271149805251293,0.11949787108619907,1051.6639842999866
305,mates,1368,h6h5,195.0,4.0,191.0,0.111521576602571,0.2169363862856045,-0.11096295756108787,-0.11096295756108787,1,,0,shuffled,curriculum,5.6890797948193515e-05,0.11947686680343199,1052.7737115999917
306,mates,1369,a4a3,-804.0,-842.0,38.0,0.8105695274276429,0.24661804334270643,0.5936331411420384,-1.4924594539541334,1,,0,shuffled,curriculum,6.831296437829852e-05,0.1198528487050504,1053.9084716000361
307,mates,1373,g2g4,-833.0,-1001.0,168.0,0.2061391359898449,0.24459409797506335,-0.040478907352861526,-1.2868258254354303,1,,0,shuffled,curriculum,4.365266911883774e-05,0.11972763092146087,1054.9356006999733
308,mates,1384,f5g4,1062.0,-99999.0,101061.0,-1.0,0.18236439307631014,-1.2445940979750634,0.6530553428063948,1,-1.0,0,shuffled,curriculum,6.361981766527128e-05,0.11981778072880049,1055.934278300032
309,mates,1389,e7c6,252.0,-37.0,289.0,-0.23691094464031237,0.161400626190479,-0.4192753377166225,-1.2445940979750634,1,,0,shuffled,curriculum,5.831487438336058e-05,0.11955278170447657,1056.9985855999403
310,mates,1400,e3e4,771.0,-99999.0,100770.0,-1.0,0.10333059488095504,-1.161400626190479,-0.5253911613047493,1,-1.0,0,shuffled,curriculum,0.0001040777041866815,0.1188369305312878,1058.0385928000323
311,mates,1445,b4a3,281.0,281.0,0.0,1.0,0.14816406513690727,0.8966694051190449,-0.4192753377166225,1,,1,shuffled,curriculum,5.2615639759446906e-05,0.11912857886300136,1059.0862573999912
312,mates,1510,b2b3,-928.0,-1059.0,131.0,0.36745473980792753,0.15912859887045827,0.21929067467102026,-1.161400626190479,1,,0,shuffled,curriculum,6.824676224693644e-05,0.11811590224533856,1060.161122099962
313,mates,1561,b6b4,-964.0,-964.0,0.0,1.0,0.20117216892693535,0.8408714011295417,-0.040478907352861526,1,,1,shuffled,curriculum,8.519092593626488e-05,0.11812635191806856,1061.3240655999398
314,mates,157,h4h3,99999.0,-1039.0,101038.0,-1.0,0.14111356048058854,-1.2011721689269352,-1.5687056087611295,1,,0,shuffled,curriculum,4.80067672484453e-05,0.11800563675100084,1062.4132223000051
315,mates,1574,g5g6,99999.0,99999.0,0.0,1.0,0.18405788245655913,0.8588864395194115,-1.4258457899561556,1,1.0,1,shuffled,curriculum,0.00012636949005174087,0.1181115517090998,1063.4416551999748
316,mates,1577,e1d1,99999.0,836.0,99163.0,-1.0,0.12485498833373117,-1.184057882456559,0.6361819501870851,1,,0,shuffled,curriculum,5.014618972295207e-05,0.1177634853517153,1064.489714800031
317,mates,1590,h5g4,891.0,891.0,0.0,1.0,0.1686122389170446,0.8751450116662688,0.8966694051190449,1,,1,shuffled,curriculum,5.510730705514395e-05,0.11749396922462815,1065.5559054999612
318,mates,1639,h6g5,890.0,890.0,0.0,1.0,0.21018162697119236,0.8313877610829554,0.8751450116662688,1,,1,shuffled,curriculum,4.904639421800733e-05,0.11847280322042801,1066.7101873999927
319,mates,1658,c2g6,99999.0,99999.0,0.0,1.0,0.24967254562263275,0.7898183730288076,0.8313877610829554,1,1.0,1,shuffled,curriculum,0.00010665394083296035,0.11834476150931066,1068.001343299984
320,mates,1675,e6d8,683.0,683.0,0.0,1.0,0.2871889183415011,0.7503274543773673,0.7898183730288076,1,,1,shuffled,curriculum,6.743825896220278e-05,0.11881388399528482,1069.5125259000342
321,mates,1750,f3g5,103.0,103.0,0.0,1.0,0.32282947242442606,0.7128110816584989,0.21929067467102026,1,,1,shuffled,curriculum,5.522850789488892e-05,0.11885318992432008,1070.891560500022
322,mates,1771,h5g4,705.0,705.0,0.0,1.0,0.35668799880320473,0.6771705275755739,-1.184057882456559,1,,1,shuffled,curriculum,7.647966628854338e-05,0.11962530368709481,1072.1992024999345
323,mates,1781,c1g5,481.0,481.0,0.0,1.0,0.3888535988630445,0.6433120011967952,0.6433120011967952,1,,1,shuffled,curriculum,6.859806953146817e-05,0.11942967052531799,1073.4387465999462
324,mates,1792,d2a5,637.0,637.0,0.0,1.0,0.41941091891989224,0.6111464011369555,0.7128110816584989,1,,1,shuffled,curriculum,9.971565832389283e-05,0.11950464915497529,1074.6825088999467
325,mates,1841,h4h5,1074.0,-99999.0,101073.0,-1.0,0.3484403729738976,-1.4194109189198922,0.604372852677731,1,-1.0,0,shuffled,curriculum,7.114347082396225e-05,0.11899883072497515,1075.9022157000145
326,mates,1846,d6c5,179.0,-207.0,386.0,-0.4929976795114368,0.3063684703496309,-0.8414380524853344,-1.4194109189198922,1,,0,shuffled,curriculum,6.030750979712602e-05,0.11936635243037536,1077.255541099934
327,mates,1848,e3e4,502.0,-99999.0,100501.0,-1.0,0.2410500468321493,-1.3063684703496308,-1.2011721689269352,1,-1.0,0,shuffled,curriculum,5.7048721539082456e-05,0.11917516347095346,1078.4143880000338
328,mates,1944,h6g5,614.0,533.0,81.0,0.6004465245440068,0.2590198707177422,0.3593964777118575,0.6111464011369555,1,,0,shuffled,curriculum,4.998508310444419e-05,0.11877542337579076,1079.4883496999973
329,mates,1976,c1d2,473.0,-99999.0,100472.0,-1.0,0.19606887718185506,-1.2590198707177422,0.5936331411420384,1,-1.0,0,shuffled,curriculum,8.019904704224576e-05,0.11874864509760485,1080.5805655999575
330,mates,1997,h7h5,-86.0,-95.0,9.0,0.9550075922125807,0.23401581293339133,0.7589387150307256,0.7589387150307256,1,,0,shuffled,curriculum,6.379880911719219e-05,0.11877584211479103,1081.6261240999447
331,mates,200,a8a6,-132.0,-99999.0,99867.0,-1.0,0.17231502228672174,-1.2340158129333914,-1.3063684703496308,1,-1.0,0,shuffled,curriculum,5.6624119147247344e-05,0.11737568345568633,1082.7412031999556
332,mates,2054,f7e6,587.0,-99999.0,100586.0,-1.0,0.11369927117238564,-1.1723150222867218,-1.1723150222867218,1,-1.0,0,shuffled,curriculum,7.421528917021865e-05,0.1178587766140558,1083.8409259000327
333,mates,2065,g7g6,345.0,213.0,132.0,0.3629584461944583,0.12616222992348927,0.24925917502207262,0.8588864395194115,1,,0,shuffled,curriculum,6.880416464896555e-05,0.11729001886239923,1085.069785199943
334,mates,2094,c1d2,279.0,-99999.0,100278.0,-1.0,0.0698541184273148,-1.1261622299234892,-1.2340158129333914,1,-1.0,0,shuffled,curriculum,8.273456309255216e-05,0.11750616797119004,1086.119398299954
335,mates,2119,c8b7,99997.0,99997.0,0.0,1.0,0.11636141250594906,0.9301458815726852,-0.8414380524853344,1,3.0,1,shuffled,curriculum,5.632698670253064e-05,0.11700517367023497,1087.35588129994
336,mates,2119_pv1,e7e6,99998.0,1147.0,98851.0,-1.0,0.060543341880651594,-1.1163614125059491,0.24925917502207262,1,,0,shuffled,curriculum,6.381484927683561e-05,0.11708723180946441,1088.4746674000053
337,mates,2119_pv2,h7h5,99999.0,-766.0,100765.0,-1.0,0.0075161747866190065,-1.0605433418806516,0.6771705275755739,1,,0,shuffled,curriculum,3.694798781542219e-05,0.11749292816696891,1089.603679999942
338,mates,2157,c1b2,847.0,497.0,350.0,-0.4078112078732421,-0.013250194346374049,-0.41532738265986113,0.7503274543773673,1,,0,shuffled,curriculum,7.332884459195125e-05,0.11772111556420763,1090.7408239999786
339,mates,2177,a3b1,106.0,-78.0,184.0,0.139831577196041,-0.005596105769253295,0.15308177154241506,-1.0605433418806516,1,,0,shuffled,curriculum,7.218564657635746e-05,0.11824541510510547,1091.952362800017
340,mates,2185,f6g6,99999.0,-44.0,100043.0,-1.0,-0.055316300480790635,-0.9944038942307467,-1.1261622299234892,1,,0,shuffled,curriculum,7.239906530803902e-05,0.11760981805331475,1093.0911891999422
341,mates,2193,e3g5,799.0,733.0,66.0,0.672962492632655,-0.018902360825118356,0.7282787931134456,0.7282787931134456,1,,0,shuffled,curriculum,6.758214062996102e-05,0.11707532600596814,1094.188792299945
342,mates,2223,f5g5,99999.0,72.0,99927.0,-1.0,-0.06795724278386245,-0.9810976391748817,-0.9810976391748817,1,,0,shuffled,curriculum,9.638052136008977e-05,0.11758875062002842,1095.3106316999765
343,mates,2228,g7c3,833.0,-81.0,914.0,-0.9589929109065121,-0.11250902618999492,-0.8910356681226497,0.9301458815726852,1,,0,shuffled,curriculum,4.762995851210619e-05,0.11792534859842627,1096.4027645000024
344,mates,2229,b7c6,99999.0,93.0,99906.0,-1.0,-0.15688357488049517,-0.8874909738100051,-0.9944038942307467,1,,0,shuffled,curriculum,6.721786834671641e-05,0.11810943706575011,1097.4910420000087
345,mates,2281,g6f6,220.0,-618.0,838.0,-0.9403188088308232,-0.19605533657801158,-0.783435233950328,-0.8874909738100051,1,,0,shuffled,curriculum,5.122709168585315e-05,0.11830095103826564,1098.5605013000313
346,mates,2338,g3g4,479.0,-99999.0,100478.0,-1.0,-0.23625256974911102,-0.8039446634219884,0.3593964777118575,1,-1.0,0,shuffled,curriculum,5.812461008335673e-05,0.11820411214917288,1099.7974580000155
347,mates,2435,h2g4,590.0,205.0,385.0,-0.49077984769851324,-0.2489789336465811,-0.2545272779494022,0.15308177154241506,1,,0,shuffled,curriculum,7.108551071530724e-05,0.11814416482205123,1100.8537665000185
348,mates,2446,f3g2,780.0,387.0,393.0,-0.5082921966685701,-0.26194459679768056,-0.259313263021989,-0.783435233950328,1,,0,shuffled,curriculum,6.192757078858716e-05,0.11885011550165334,1101.8431507999776
349,mates,2462,e8d7,978.0,-530.0,1508.0,-0.997875538446624,-0.29874114388012774,-0.7359309416489435,-0.8039446634219884,1,,0,shuffled,curriculum,5.145355664181201e-05,0.11937397640095875,1102.8574586999603
350,mates,2481,h2h4,728.0,-99999.0,100727.0,-1.0,-0.3338040866861213,-0.7012588561198723,-1.2590198707177422,1,-1.0,0,shuffled,curriculum,5.174237534090864e-05,0.12000427338507623,1103.8693477000343
351,mates,2509,g7g5,750.0,-734.0,1484.0,-0.9976048384769227,-0.3669941242756614,-0.6638007517908013,-0.6638007517908013,1,,0,shuffled,curriculum,6.21181569973281e-05,0.11956542777331108,1104.9084303999553
352,mates,2517,f3e4,99999.0,477.0,99522.0,-1.0,-0.39864441806187834,-0.6330058757243386,-0.41532738265986113,1,,0,shuffled,curriculum,4.3244135701651116e-05,0.11936973171073016,1105.9841137999902
353,mates,2541,e1f1,734.0,-99999.0,100733.0,-1.0,-0.4287121971587844,-0.6013555819381217,0.8408714011295417,1,-1.0,0,shuffled,curriculum,5.997465695114821e-05,0.11871239805846319,1107.0260839000111
354,mates,2556,d3g6,99999.0,99999.0,0.0,1.0,-0.35727658730084516,1.4287121971587844,-0.7012588561198723,1,1.0,1,shuffled,curriculum,6.558563039398365e-05,0.119308070125404,1108.1945945000043
355,mates,2618,h6f8,601.0,-99999.0,100600.0,-1.0,-0.3894127579358029,-0.6427234126991548,-0.259313263021989,1,-1.0,0,shuffled,curriculum,6.234446018135839e-05,0.11927938822637162,1109.227909600013
356,mates,2676,g3g4,1038.0,20.0,1018.0,-0.9755186769256803,-0.41871805388529676,-0.5861059189898774,-0.5861059189898774,1,-1.0,0,shuffled,curriculum,6.375851131232105e-05,0.11974143372534915,1110.3623202999588
357,mates,2734,g6h5,1004.0,1004.0,0.0,1.0,-0.3477821511910319,1.4187180538852968,1.4187180538852968,1,,1,shuffled,curriculum,6.374763431063676e-05,0.11910709033169219,1111.479776800028
358,mates,2779,h2h3,83.0,-99999.0,100082.0,-1.0,-0.3803930436314803,-0.652217848808968,-0.6330058757243386,1,-1.0,0,shuffled,curriculum,0.00011155856572690504,0.11940987812519646,1112.6324807000346
359,mates,2790,f5e6,226.0,226.0,0.0,1.0,-0.3113733914499063,1.3803930436314804,-0.6427234126991548,1,,1,shuffled,curriculum,6.860734769872423e-05,0.11982984984196769,1113.75016950001
360,mates,2820,c3e4,279.0,279.0,0.0,1.0,-0.24580472187741098,1.3113733914499064,1.3803930436314804,1,,1,shuffled,curriculum,7.231291583360324e-05,0.1197862253448678,1114.9053661000216
361,mates,2822,g3h4,693.0,693.0,0.0,1.0,-0.1835144857835404,1.2458047218774109,1.2458047218774109,1,,1,shuffled,curriculum,6.484016745121658e-05,0.1196478625342259,1116.0323199999984
362,mates,2863,c1a1,836.0,255.0,581.0,-0.7923722080960387,-0.2139573718991653,-0.6088577223124982,-0.7359309416489435,1,,0,shuffled,curriculum,7.033030724996467e-05,0.11993980790767524,1117.0890187999466
363,mates,2881,e8f8,99999.0,-151.0,100150.0,-1.0,-0.25325950330420705,-0.7860426281008347,-0.7860426281008347,1,,0,shuffled,curriculum,7.567064026178402e-05,0.1204897764508735,1118.1175818999764
364,mates,2891,g5g4,-378.0,-487.0,109.0,0.4681008932781573,-0.21719148347508882,0.7213603965823643,-0.652217848808968,1,,0,shuffled,curriculum,5.327736385695144e-05,0.12066828582528666,1119.1256158000324
365,mates,2918,e3d4,679.0,306.0,373.0,-0.46351470007735696,-0.22950764430520224,-0.24632321660226814,-0.8910356681226497,1,,0,shuffled,curriculum,4.577711676987258e-05,0.12063700597114693,1120.1588083000388
366,mates,2924,d1h5,99998.0,99998.0,0.0,1.0,-0.1680322620899421,1.2295076443052022,0.7213603965823643,1,2.0,1,shuffled,curriculum,7.142491063433171e-05,0.11960216777833045,1121.1820607000263
367,mates,2924_pv1,h5g6,99999.0,99999.0,0.0,1.0,-0.10963064898544499,1.1680322620899422,-1.1163614125059491,1,1.0,1,shuffled,curriculum,7.239778804692019e-05,0.1211610910749363,1122.3115321999649
368,mates,2937,g7g6,868.0,171.0,697.0,-0.8810317890814301,-0.14820070599024424,-0.7714011400959851,1.2295076443052022,1,,0,shuffled,curriculum,5.6341942489109063e-05,0.12146236746363506,1123.4876938000089
369,mates,2950,g3h4,616.0,616.0,0.0,1.0,-0.090790670690732,1.1482007059902442,1.1680322620899422,1,,1,shuffled,curriculum,4.354252427396757e-05,0.12188734031374479,1124.5073534999974
370,mates,3154,h2h4,-258.0,-99999.0,99741.0,-1.0,-0.1362511371561954,-0.909209329309268,-0.2545272779494022,1,-1.0,0,shuffled,curriculum,5.847667153045843e-05,0.12180927978350622,1125.583152199979
371,mates,321,h6h5,585.0,-99998.0,100583.0,-1.0,-0.17943858029838566,-0.8637488628438046,-0.8637488628438046,1,-2.0,0,shuffled,curriculum,5.786036721442992e-05,0.12145424523360619,1126.6002621999942
372,mates,3362,d4g4,668.0,668.0,0.0,1.0,-0.12046665128346638,1.1794385802983856,1.3113733914499064,1,,1,shuffled,curriculum,8.103553554968019e-05,0.12224636897476265,1127.7354968000436
373,mates,endgames_0006,d8c7,617.0,617.0,0.0,1.0,-0.06444331871929306,1.1204666512834665,-0.909209329309268,1,,1,shuffled,replay,9.397834610534733e-06,0.12094092368300151,1129.046711300034
374,mates,endgames_0008,a8a7,588.0,585.0,3.0,0.985000281243672,-0.011971138721144796,1.049443599962965,1.1204666512834665,1,,0,shuffled,replay,7.965135438931897e-06,0.12232035883522459,1130.2606214999687
375,mates,endgames_0034,b8a7,640.0,587.0,53.0,0.7365399884180733,0.025454417635816108,0.7485111271392181,1.1482007059902442,1,,0,shuffled,replay,6.071541991725751e-06,0.12381728196679029,1131.41358459997
376,mates,endgames_0036,d2b2,627.0,559.0,68.0,0.6632379082583706,0.05734359216694383,0.6377834906225545,1.4287121971587844,1,,0,shuffled,replay,9.866094157009367e-06,0.12637485389422362,1132.4470845999895
377,mates,endgames_0041,g8g7,526.0,503.0,23.0,0.8851265721942415,0.09873274116830871,0.8277829800272977,1.049443599962965,1,,0,shuffled,replay,8.336292950477122e-06,0.1272219722628548,1133.553591300035
378,mates,endgames_0044,c7c6,61.0,61.0,0.0,1.0,0.14379610410989327,0.9012672588316912,0.7485111271392181,1,,1,shuffled,replay,6.8660660241925465e-06,0.12777282836550471,1134.7808215999976
379,mates,endgames_0045,e6c6,365.0,-63.0,428.0,-0.578922441909961,0.10766017680890055,-0.7227185460198543,0.8277829800272977,1,,0,shuffled,replay,9.433982331799745e-06,0.12871157833739655,1136.1359887999715
380,mates,endgames_0049,f3f2,647.0,511.0,136.0,0.3450452103825893,0.119529428487585,0.23738503357368873,-0.7714011400959851,1,,0,shuffled,replay,1.3418535104690963e-05,0.127286232369475,1137.738404499949
381,mates,endgames_0051,g2b2,609.0,5.0,604.0,-0.8138781019410741,0.07285905196615203,-0.9334075304286591,1.1794385802983856,1,,0,shuffled,replay,1.3010259302962476e-05,0.1305690729736772,1139.6998672999907
382,mates,endgames_0056,a6a5,578.0,578.0,0.0,1.0,0.11921609936784443,0.927140948033848,-0.9334075304286591,1,,1,shuffled,replay,2.1548489356916132e-05,0.12839734604476644,1142.0950428999495
383,mates,endgames_0060,f7f6,689.0,689.0,0.0,1.0,0.1632552943994522,0.8807839006321556,0.9012672588316912,1,,1,shuffled,replay,1.1984526651365644e-05,0.13028154894929314,1143.7359249000438
384,mates,movement_0002,b4d1,100.0,-100.0,200.0,0.07576568547998053,0.15888081395347858,-0.08748960891947166,-0.24632321660226814,1,,0,shuffled,replay,1.4164637491438998e-05,0.12906175264034353,1147.2189064000268
385,mates,movement_0005,b1b2,100.0,100.0,0.0,1.0,0.20093677325580467,0.8411191860465215,0.8807839006321556,1,,1,shuffled,replay,1.4367035289539816e-05,0.13232799085116473,1150.452251299983
386,mates,movement_0007,a6d1,100.0,-100.0,200.0,0.07576568547998053,0.19467821886701345,-0.12517108777582414,0.6377834906225545,1,,0,shuffled,replay,1.1855306720109147e-05,0.133647972838623,1153.4078904000344
387,mates,movement_0011,g6g5,100.0,100.0,0.0,1.0,0.23494430792366278,0.8053217811329866,0.8411191860465215,1,,1,shuffled,replay,1.1212146342696745e-05,0.13437317009941258,1156.862632400007
388,mates,movement_0016,c7d1,100.0,-100.0,200.0,0.07576568547998053,0.22698537680147865,-0.15917862244368225,-0.15917862244368225,1,,0,shuffled,replay,2.0001804006027662e-05,0.13356768082337134,1160.4092115999665
389,mates,movement_0021,h1h3,100.0,100.0,0.0,1.0,0.2656361079614047,0.7730146231985213,0.23738503357368873,1,,1,shuffled,replay,1.0413227270179825e-05,0.13428325905683852,1163.343827500008
390,mates,movement_0024,h2h3,100.0,100.0,0.0,1.0,0.30235430256333445,0.7343638920385953,0.8053217811329866,1,,1,shuffled,replay,2.0898538117359654e-05,0.13602810441099086,1165.2659077999415
391,mates,movement_0025,c8d1,100.0,-100.0,200.0,0.07576568547998053,0.29102487170916674,-0.22658861708335393,-0.7227185460198543,1,,0,shuffled,replay,1.7943835949937623e-05,0.13262903915580493,1167.1558087000158
392,mates,movement_0029,c1b2,100.0,100.0,0.0,1.0,0.3264736281237084,0.7089751282908332,-0.12517108777582414,1,,1,shuffled,replay,2.285517195741059e-05,0.1320081100014752,1169.4060354999965
393,mates,movement_0031,h7g5,100.0,100.0,0.0,1.0,0.36014994671752293,0.6735263718762916,-0.6013555819381217,1,,1,shuffled,replay,8.258169717674247e-06,0.12959327240467433,1171.3366916000377
394,mates,movement_0032,f6b2,100.0,100.0,0.0,1.0,0.3921424493816468,0.6398500532824771,0.6398500532824771,1,,1,shuffled,replay,1.3478896417449339e-05,0.13210533435260652,1173.7065717999358
395,mates,movement_0044,e2d1,100.0,100.0,0.0,1.0,0.4225353269125644,0.6078575506183532,0.7730146231985213,1,,1,shuffled,replay,1.4364346220561987e-05,0.1346018619772626,1176.0325969000114
396,mates,movement_0045,d4d1,100.0,100.0,0.0,1.0,0.4514085605669362,0.5774646730874355,0.927140948033848,1,,1,shuffled,replay,1.0870577531650291e-05,0.13693619874107116,1178.6115087999497
397,mates,movement_0048,a2d1,100.0,-100.0,200.0,0.07576568547998053,0.43262641681258834,-0.37564287508695565,-0.6088577223124982,1,,0,shuffled,replay,1.6931102940057853e-05,0.1341842680884695,1180.149726600037
398,mates,movement_0054,a2d1,100.0,-100.0,200.0,0.07576568547998053,0.41478338024595796,-0.3568607313326078,-0.08748960891947166,1,,0,shuffled,replay,9.130101213451642e-06,0.13371004335123948,1181.756576600019
399,mates,movement_0055,d7d1,100.0,-100.0,200.0,0.07576568547998053,0.39783249550765903,-0.33901769476597743,0.5774646730874355,1,,0,shuffled,replay,1.6849542634424232e-05,0.13616751908786132,1183.8586724000052
400,mates,movement_0057,g3b3,100.0,100.0,0.0,1.0,0.42794087073227605,0.6021675044923409,-0.33901769476597743,1,,1,shuffled,replay,1.0858483977882405e-05,0.13458961635486488,1186.1020443999441
401,mates,movement_0058,f5d1,100.0,-100.0,200.0,0.07576568547998053,0.41033211146966125,-0.3521751852522955,0.6735263718762916,1,,0,shuffled,replay,1.3570081704731538e-05,0.1368743028390749,1188.202920599957
402,mates,movement_0062,c7d1,100.0,-100.0,200.0,0.07576568547998053,0.3936037901701772,-0.3345664259896807,-0.3345664259896807,1,,0,shuffled,replay,1.790458423922575e-05,0.13537357431549676,1190.3540981999831
403,mates,movement_0065,f4d1,100.0,-100.0,200.0,0.07576568547998053,0.3777118849356674,-0.3178381046901967,0.6021675044923409,1,,0,shuffled,replay,2.0057594457000814e-05,0.13731536730839997,1192.3519213999389
